{
  "form": "CompanyDocument",
  "_parentid": "47D1A8A174F527318525816D0054ACE1",
  "document": "Sed euismod est in nisi commodo consectetur. Integer dui eros, suscipit quis tristique non, rhoncus sit amet arcu. Class aptent taciti sociosqu ad litora torquent per conubia nostra, per inceptos himenaeos. Fusce accumsan sollicitudin augue ut porttitor. Aenean fermentum dapibus nunc, ut scelerisque lorem egestas ut. Pellentesque bibendum ornare tortor, sit amet auctor magna facilisis quis. Aliquam sit amet lorem justo. Pellentesque risus magna, blandit vel euismod id, interdum non nibh. Pellentesque non libero nibh, sagittis eleifend diam. Integer sed dui est, non eleifend purus. Etiam id sapien eu leo tristique rutrum quis in purus. Nunc ante ipsum, ultrices quis congue non, convallis eget sem. Vivamus est lectus, aliquet eget eleifend quis, laoreet fringilla magna. Vestibulum ante ipsum primis in faucibus orci luctus et ultrices posuere cubilia Curae; Ut tortor elit, tincidunt ut feugiat ac, molestie ac augue. Nam metus tortor, congue id malesuada vitae, convallis id justo. Integer odio nisl, hendrerit et imperdiet ultricies, sodales eu lacus. Vivamus tincidunt fermentum libero non imperdiet.\n\nEtiam sed sapien sapien, id varius tellus. Donec orci enim, porttitor ac tempor euismod, dictum ut sem. Donec at nisi lacus, in malesuada sapien. Duis egestas tempor laoreet. Donec consequat iaculis lectus quis eleifend. Morbi sagittis lacus non lectus volutpat sodales. Nunc lacinia varius tempor. Nunc diam diam, vulputate in feugiat vel, faucibus at lectus. Donec feugiat convallis est, in fermentum nunc iaculis in. Aliquam at leo enim, in semper mauris. Proin ultricies fermentum nunc eget lacinia. Integer condimentum fermentum mauris. Mauris vehicula, lacus eu gravida imperdiet, dui sapien dapibus tortor, eget feugiat mi arcu sit amet enim. Suspendisse potenti. Morbi urna quam, suscipit id adipiscing in, volutpat at turpis. In sagittis, sapien vitae sagittis scelerisque, nisl velit tincidunt urna, consequat tincidunt urna ligula at sem. In semper nisl nec massa gravida ac fringilla quam elementum.\n\nNullam venenatis arcu in nunc mattis interdum. Vivamus ut facilisis velit. Sed vitae rutrum elit. Praesent vel urna vel nisl faucibus euismod nec ac nulla. Mauris mattis, tortor vel placerat facilisis, erat dolor luctus turpis, nec facilisis sapien enim at sapien. Suspendisse potenti. Pellentesque vestibulum nunc a tortor interdum quis congue nisl tincidunt. Maecenas vel nibh nec ligula vulputate scelerisque a eu arcu. In et bibendum nisi. Nulla laoreet imperdiet magna, ut ornare orci dapibus sed. Sed et urna lacus. Praesent id nulla commodo diam rhoncus consequat. Pellentesque rutrum lacinia libero, ut cursus nisl faucibus non. Pellentesque nibh risus, ultricies sit amet hendrerit et, viverra sed nulla.",
  "title": "Document 5-4-4",
  "__meta": {
    "updateId": -1810224860,
    "cdate": 1501428292980,
    "cuser": "cn=Al Mass,o=DARWINO",
    "mdate": 1501428328740,
    "replicaId": "85257FB8005090FB",
    "changes": "JMVY",
    "muser": "cn=Al Mass,o=DARWINO",
    "seqId": 1
  }
}