{
  "form": "CompanyDocument",
  "_parentid": "75C7493DC37317E98525816D0054B4B4",
  "document": "Duis quis volutpat massa. Praesent nisi neque, sagittis quis volutpat nec, gravida vitae lectus. Maecenas tempor, metus vel fermentum pretium, augue dolor condimentum elit, nec congue justo ipsum at neque. Donec placerat ligula eu mi hendrerit pretium. In elementum, orci eget adipiscing aliquam, est augue hendrerit enim, rutrum dictum nibh libero id arcu. Quisque euismod urna at libero rhoncus at elementum purus tempor. Nulla volutpat nibh eu magna viverra sed hendrerit orci fermentum. Sed mollis velit id tortor tristique consequat. Class aptent taciti sociosqu ad litora torquent per conubia nostra, per inceptos himenaeos. Duis in massa vel urna tristique mattis. Donec interdum volutpat condimentum. Nunc vitae leo ut mauris tincidunt condimentum. Morbi fermentum venenatis nisl sit amet mattis. Donec rhoncus mauris vitae felis molestie vel elementum orci ultrices. Aenean sodales blandit ipsum, in auctor lacus egestas quis. Curabitur nisi orci, pretium nec faucibus id, pharetra eu arcu.\n\nCras at turpis nec urna sagittis mollis. Suspendisse sit amet est dolor. Suspendisse quis purus tellus. Quisque bibendum sapien vitae tortor molestie tristique. Aenean aliquam elementum nisl at bibendum. Phasellus eget sapien in ante commodo aliquam. Proin id arcu enim. Nullam molestie rutrum dolor, mollis auctor arcu eleifend in. Etiam eros ante, pretium vitae venenatis non, feugiat ut neque. Integer fermentum dictum urna, sit amet facilisis quam egestas dictum. Proin pretium eros quis turpis gravida eu cursus metus dictum. Class aptent taciti sociosqu ad litora torquent per conubia nostra, per inceptos himenaeos. Ut mattis eleifend mauris, ac mollis felis elementum ut. Integer mi eros, sollicitudin a feugiat condimentum, interdum ac tortor. Fusce ac lacus turpis. Phasellus tellus quam, faucibus eget sodales id, fringilla sed massa. Maecenas nec vehicula enim.",
  "title": "Document 1",
  "__meta": {
    "updateId": -1810165350,
    "cdate": 1501428312850,
    "cuser": "cn=Al Mass,o=DARWINO",
    "mdate": 1501428388250,
    "replicaId": "85257FB8005090FB",
    "changes": "mHVo",
    "muser": "cn=Al Mass,o=DARWINO",
    "seqId": 1
  }
}