{
  "form": "CompanyDocument",
  "_parentid": "0029019D77593FDE8525816D0054AB0F",
  "document": "Donec hendrerit, est a hendrerit cursus, lacus felis placerat est, consequat tempor odio dolor vel risus. Curabitur erat orci, tincidunt et pretium eu, sagittis eu dui. Fusce sit amet libero in justo tincidunt fringilla quis non nulla. Mauris accumsan erat ut velit gravida consequat. Praesent mauris leo, iaculis non cursus vel, eleifend vestibulum diam. Nunc eget leo ut erat varius porttitor id ac risus. Praesent pharetra consectetur libero a porta. Duis semper vestibulum lectus. Donec vestibulum vestibulum dictum. Quisque eget diam nibh. Praesent orci sapien, dapibus sed scelerisque at, accumsan eget ipsum. Suspendisse non fringilla enim. Duis sed urna quis velit tristique hendrerit. Maecenas volutpat tristique bibendum. Vestibulum condimentum erat tristique ante interdum vehicula. Nullam id odio nisi, vitae mollis urna. Donec molestie vulputate odio, eget imperdiet augue euismod vel. Suspendisse potenti. Integer auctor, lacus id pulvinar tristique, justo nibh convallis risus, et adipiscing odio erat eget eros. Proin blandit feugiat tempus.\n\nInteger sed iaculis dolor. Morbi rhoncus, eros eget venenatis facilisis, leo elit ultricies dolor, sed hendrerit eros justo vitae nisl. Sed vehicula felis id justo posuere eu auctor velit accumsan. Donec feugiat gravida elit, a commodo purus tristique convallis. Mauris lacinia euismod sapien eget gravida. Maecenas sed justo dui, a ultricies diam. Curabitur eu ante congue purus suscipit accumsan. Donec scelerisque, eros eu faucibus porttitor, velit ante venenatis tortor, et dapibus eros augue nec enim. Curabitur a urna vel nibh volutpat porta. Pellentesque consequat, sapien et condimentum placerat, lacus velit laoreet velit, vel egestas erat nulla ac metus. Duis imperdiet molestie laoreet. Vivamus laoreet aliquet felis, ut scelerisque diam elementum non. Maecenas auctor, ipsum vel pretium adipiscing, mi tortor fringilla neque, at faucibus lorem dui quis lorem.\n\nProin a nunc diam, a faucibus dui. Curabitur tincidunt erat in mauris dignissim imperdiet. Morbi lacinia gravida augue sit amet elementum. Ut mattis, purus ut viverra consequat, justo nulla tristique lacus, a ultrices enim purus sed orci. Praesent est ante, pulvinar tempor dictum et, rhoncus ultricies libero. Fusce mauris nisi, suscipit non scelerisque quis, lobortis congue dui. Donec luctus placerat tellus, id laoreet arcu accumsan quis. Nullam ullamcorper porttitor pulvinar. Quisque lorem nibh, dictum ut tincidunt nec, sollicitudin in leo. Aenean libero erat, venenatis quis scelerisque nec, gravida ut purus. Vivamus sed libero sit amet leo pellentesque viverra eu eu tortor. In massa elit, pharetra vel lobortis id, consequat a lectus. Vivamus tincidunt viverra neque id dictum. Morbi vitae est tortor. Pellentesque habitant morbi tristique senectus et netus et malesuada fames ac turpis egestas. Sed non magna purus, et gravida nulla.\n\nAenean erat enim, aliquet vitae accumsan non, laoreet eu felis. Praesent dictum tellus id ipsum auctor eu cursus ante rhoncus. Nunc tellus arcu, porta vulputate ullamcorper in, posuere dictum massa. Cras placerat, tortor id pharetra ultrices, erat sem ornare dui, quis bibendum lacus ipsum non arcu. Aliquam gravida velit eu turpis molestie bibendum. Nunc vehicula lacinia nibh ut dapibus. Lorem ipsum dolor sit amet, consectetur adipiscing elit. Pellentesque nisl lorem, lacinia porta molestie vel, auctor at risus. Phasellus venenatis condimentum erat, eu ultricies ligula egestas sit amet. Etiam et blandit lorem. Sed aliquet posuere porta. Curabitur ultrices libero a quam commodo mattis. Aliquam erat volutpat. In scelerisque porta aliquet. In laoreet mauris at lectus malesuada sodales a sit amet quam.",
  "title": "Document 1-2-3-1-3",
  "__meta": {
    "updateId": -1810239250,
    "cdate": 1501428288180,
    "cuser": "cn=Al Mass,o=DARWINO",
    "mdate": 1501428314350,
    "replicaId": "85257FB8005090FB",
    "changes": "QxVG",
    "muser": "cn=Al Mass,o=DARWINO",
    "seqId": 1
  }
}