{
  "form": "CompanyDocument",
  "_parentid": "68051B08303E64E78525816D0054B1C7",
  "document": "Cum sociis natoque penatibus et magnis dis parturient montes, nascetur ridiculus mus. Praesent mi sapien, varius sed convallis et, commodo in neque. Pellentesque vitae est ut odio faucibus dictum vitae ut velit. Duis sed dolor in nisl ultricies tempor a eget felis. Nam a magna sed orci gravida ultricies. Nullam quis nunc vel odio porta pretium. Morbi tellus dui, posuere eget lobortis a, ultricies sed erat. Vestibulum ante ipsum primis in faucibus orci luctus et ultrices posuere cubilia Curae; Phasellus tincidunt libero eu est posuere pharetra in molestie risus. Fusce blandit est sed felis auctor ac gravida lectus hendrerit.\n\nSed sit amet felis a magna hendrerit cursus sed quis nibh. In gravida faucibus magna, vitae commodo orci laoreet et. Quisque viverra arcu quis ligula semper nec ultricies orci elementum. Nam sagittis tincidunt varius. Pellentesque non erat nec nulla consequat rhoncus. Phasellus pretium congue suscipit. Phasellus vel metus at nisl malesuada aliquam a sit amet magna. Nullam ac risus et magna pulvinar elementum eget ut metus. Donec eu dignissim est. Vivamus in mauris nisi. Praesent convallis ullamcorper augue a dapibus. Class aptent taciti sociosqu ad litora torquent per conubia nostra, per inceptos himenaeos. Mauris nulla risus, laoreet id rutrum a, pretium ut urna. Fusce porttitor ultricies lectus sed lacinia. Mauris quis massa sit amet sem vulputate malesuada.\n\nCras at mi a nisi auctor accumsan id nec quam. Morbi ac tempus turpis. Sed congue eleifend purus, a lacinia nunc accumsan non. Integer sodales aliquet libero, eu congue mauris vulputate non. Pellentesque sodales, lacus at tincidunt vestibulum, lacus diam tincidunt eros, ac tincidunt lorem massa non turpis. Pellentesque vel sem quis neque lacinia interdum. Nam tempor pellentesque felis eget cursus. Proin aliquet porttitor mi, sed vestibulum urna congue sed. Quisque mattis, lorem convallis gravida tempor, dolor purus ornare enim, id congue nulla urna nec nisi. Integer adipiscing viverra risus, non viverra sem scelerisque eu. Donec quam sem, elementum ac tristique vel, iaculis nec odio. Morbi a massa massa. Vivamus et augue vel enim tristique mattis a quis lacus. Vestibulum ante ipsum primis in faucibus orci luctus et ultrices posuere cubilia Curae;\n\nIn hac habitasse platea dictumst. Donec ornare rutrum augue, sed pretium felis sodales at. Etiam quam arcu, malesuada vitae auctor et, laoreet ac mauris. Cras lorem nulla, dignissim ac varius nec, mollis vel nunc. Cras hendrerit massa eget quam pharetra eget tincidunt ipsum pharetra. Donec sed pulvinar felis. Suspendisse eget nisi velit. Pellentesque ultrices, nisi ac consectetur dictum, ipsum tellus varius eros, ultricies fringilla ligula risus vel nulla. Lorem ipsum dolor sit amet, consectetur adipiscing elit. Etiam tempus gravida imperdiet. Vestibulum aliquet sem eget metus euismod sodales. Curabitur sit amet arcu eu mauris vulputate feugiat. Sed elit lorem, iaculis vel rhoncus sagittis, convallis sit amet turpis. Praesent tincidunt urna ut quam sodales interdum sed ac enim. Cras urna velit, ullamcorper vitae eleifend a, tempus non sapien. Praesent tempor luctus magna at vehicula.",
  "title": "Document 4-2-2",
  "__meta": {
    "updateId": -1810187600,
    "cdate": 1501428305420,
    "cuser": "cn=Al Mass,o=DARWINO",
    "mdate": 1501428366000,
    "replicaId": "85257FB8005090FB",
    "changes": "EiY7",
    "muser": "cn=Al Mass,o=DARWINO",
    "seqId": 1
  }
}