{
  "firstname": "Toni",
  "comments": "<font size=\"2\" face=\"sans-serif\">The friendly brick plans to cease fire against a national fork, said the lawyer</font><br />\r\n<font size=\"2\" face=\"sans-serif\">A foreign griffon became the famous pen, claimed a municipal road</font>",
  "homephone": "(119) 721-1600",
  "city": "Parkersburg",
  "sex": "F",
  "picture": "http://www.gravatar.com/avatar/83d8648b4e4e52db130c32a0c5be864b?d=retro",
  "lastname": "Wiggins",
  "__meta": {
    "updateId": -1810136410,
    "cdate": 1501428322910,
    "cuser": "cn=Al Mass,o=DARWINO",
    "mdate": 1501428417190,
    "replicaId": "85257FB8005090FB",
    "changes": "CB12",
    "muser": "cn=Al Mass,o=DARWINO",
    "seqId": 2
  },
  "zipcode": "26101",
  "form": "Contact",
  "street": "105 West Street",
  "firstcontact": "2012-03-15T19:19:32.000-05:00",
  "workphone": "(109) 839-1223",
  "mobilephone": "(133) 821-1159",
  "company": "Bioplex",
  "state": "WV",
  "card": "<img src=\"$document-attachment/Card%7C%7Cinline-0.84.gif\" width=\"80\" height=\"80\" /><br />\r\n<font size=\"2\" face=\"sans-serif\"><b>Name</b></font><font size=\"2\" face=\"sans-serif\">: Toni Wiggins</font><br />\r\n<font size=\"2\" face=\"sans-serif\"><b>EMail</b></font><font size=\"2\" face=\"sans-serif\">: twiggins@darwino.com</font><br />\r\n<font size=\"2\" face=\"sans-serif\"><b>Company</b></font><font size=\"2\" face=\"sans-serif\">: Bioplex</font>",
  "email": "twiggins@darwino.com"
}