{
  "form": "CompanyDocument",
  "_parentid": "51DA72EC10B8AA8D8525816D0054AC38",
  "document": "Vivamus eget tellus erat. Ut laoreet libero et orci dictum lobortis. Suspendisse placerat aliquam ultrices. Fusce congue felis nec neque hendrerit consequat. Cum sociis natoque penatibus et magnis dis parturient montes, nascetur ridiculus mus. Fusce faucibus, lectus accumsan dapibus consectetur, mauris dolor tempor ipsum, non consectetur sem nisl vel leo. Aenean vel justo sed ante lacinia iaculis. Duis vulputate feugiat sapien, eu luctus diam posuere ut. Maecenas sit amet mauris sit amet ipsum vulputate sagittis. In hac habitasse platea dictumst. Etiam risus velit, feugiat quis ornare nec, dapibus posuere nisl. Suspendisse elementum, velit et gravida dignissim, mi velit placerat sem, ut vehicula dui ante sed ligula. Donec sodales dui eget est bibendum venenatis. Ut a nibh volutpat tellus congue rhoncus. In congue, mi et sagittis tempus, velit ante vestibulum enim, dignissim mollis nunc risus sit amet lorem. Vestibulum fringilla, nunc et egestas placerat, lectus enim volutpat ligula, tempus aliquam nulla velit viverra nisl. Fusce erat nunc, consequat vel euismod sit amet, condimentum elementum massa.\n\nSuspendisse fermentum viverra ligula eu varius. Integer bibendum lacus purus. Curabitur eu magna in tortor luctus blandit. Integer venenatis molestie libero, in convallis lacus faucibus ut. Morbi vitae accumsan dolor. Sed rutrum commodo vulputate. Maecenas odio mauris, gravida sed auctor quis, imperdiet sit amet erat. Vestibulum sem dui, molestie nec accumsan id, tristique nec purus. Sed non augue ac orci condimentum mollis in id massa. Fusce sagittis, erat quis cursus venenatis, elit nisi sagittis neque, ac euismod lacus turpis vel ipsum. Aenean tempor semper condimentum. Donec sollicitudin elit ornare nibh sollicitudin dapibus. Suspendisse potenti. Sed eleifend, nunc nec porttitor euismod, ligula nibh volutpat dui, a pharetra nibh eros ac diam. Nulla non dui sed magna facilisis pharetra vitae nec nibh. Nullam mattis hendrerit vehicula. Duis dapibus lacus in enim viverra placerat. Proin ultricies, quam quis tincidunt laoreet, eros odio aliquam elit, at porta nisi dui rutrum turpis. Phasellus ac sem libero. Pellentesque risus odio, porta in porttitor a, blandit eget diam.\n\nDonec aliquet nisl quis sem volutpat nec convallis enim feugiat. Morbi congue massa in nibh lobortis porta. Fusce lacus ligula, tempor vel consectetur eget, porttitor quis dui. Vestibulum felis ante, elementum eu accumsan ac, cursus non sem. Integer eu massa est, at sodales orci. Sed semper ornare metus id consectetur. Vivamus pretium posuere metus, a consectetur nibh laoreet eget. Etiam blandit tincidunt dolor, at fermentum velit feugiat in. Sed dui neque, consectetur a tincidunt vel, volutpat at arcu. Pellentesque habitant morbi tristique senectus et netus et malesuada fames ac turpis egestas. Suspendisse hendrerit vulputate massa volutpat rutrum. Morbi luctus auctor ante, vitae congue metus convallis et. Aliquam erat volutpat. Morbi pellentesque felis at erat tristique et convallis justo suscipit. Suspendisse sit amet ipsum magna, sit amet convallis ipsum. Praesent suscipit faucibus egestas.\n\nClass aptent taciti sociosqu ad litora torquent per conubia nostra, per inceptos himenaeos. In hac habitasse platea dictumst. Quisque iaculis dolor leo, non lobortis purus. Integer aliquet, lorem quis imperdiet malesuada, lacus dolor egestas leo, non faucibus sem nisi ut diam. Phasellus facilisis pellentesque massa, eget rutrum libero faucibus ultricies. Pellentesque habitant morbi tristique senectus et netus et malesuada fames ac turpis egestas. Etiam feugiat, mauris nec imperdiet viverra, velit lectus eleifend sem, id sollicitudin nulla augue vitae risus. Cras nisl metus, condimentum in consectetur et, bibendum lacinia dui. Duis odio libero, laoreet eu molestie at, lacinia eu erat. Aliquam fringilla bibendum nulla. Etiam sem purus, egestas vitae tristique ac, tincidunt quis justo. Cras quis est lacus. In pretium placerat ligula id imperdiet.",
  "title": "Document 3-4",
  "__meta": {
    "updateId": -1810229000,
    "cdate": 1501428291600,
    "cuser": "cn=Al Mass,o=DARWINO",
    "mdate": 1501428324600,
    "replicaId": "85257FB8005090FB",
    "changes": "yAFD",
    "muser": "cn=Al Mass,o=DARWINO",
    "seqId": 1
  }
}