{
  "form": "CompanyDocument",
  "_parentid": "A532AFD63650C0068525816D0054B4E8",
  "document": "Proin mi sapien, pellentesque vitae aliquet a, sodales vel nunc. Cras lobortis ullamcorper placerat. Donec quis ultrices orci. Proin dui lacus, laoreet sed ullamcorper et, pretium ac ligula. Cras hendrerit velit vitae dolor lobortis ut dignissim nisi vestibulum. Vivamus a mi lacinia massa dignissim lobortis. Aenean lobortis tortor iaculis nunc scelerisque porta. Duis sagittis est nunc, nec consectetur est. Aliquam nisi sem, consectetur et ullamcorper vel, ultricies non nulla. Nullam nec blandit risus. Cras ipsum metus, scelerisque nec laoreet at, commodo a arcu.\n\nVestibulum ante ipsum primis in faucibus orci luctus et ultrices posuere cubilia Curae; Nulla mauris leo, ornare ac iaculis sit amet, egestas non leo. Vivamus vitae diam eget mauris dignissim gravida ut a libero. Vestibulum ac eros tempor ante posuere ornare a in nisl. Maecenas molestie purus quis dolor mattis nec ornare libero vulputate. Curabitur commodo aliquam varius. Cras dapibus nunc risus, sed placerat leo. Maecenas placerat felis ut tellus semper vulputate. Sed quis risus et enim egestas egestas. Donec hendrerit sapien dui, sed mollis tortor. Sed sodales pretium metus et posuere. Ut id nibh egestas augue venenatis tristique euismod sed massa.",
  "title": "Document 2-1-3-3-2",
  "__meta": {
    "updateId": -1810163760,
    "cdate": 1501428313380,
    "cuser": "cn=Al Mass,o=DARWINO",
    "mdate": 1501428389840,
    "replicaId": "85257FB8005090FB",
    "changes": "EnzB",
    "muser": "cn=Al Mass,o=DARWINO",
    "seqId": 1
  }
}