{
  "form": "CompanyDocument",
  "_parentid": "03C975CA723CDD638525816D0054A8D8",
  "document": "Proin at mi eget mauris euismod dictum eu vitae justo. Sed dolor erat, ultricies elementum gravida tempus, porttitor eu sem. Lorem ipsum dolor sit amet, consectetur adipiscing elit. Curabitur ullamcorper tincidunt mi, tempus tempor enim eleifend rutrum. Maecenas at justo orci, ut placerat massa. Nullam pulvinar nisl ac orci facilisis non dictum erat placerat. Integer nibh purus, volutpat eget interdum eget, iaculis et sapien. Quisque faucibus porta tellus, non lacinia dolor rhoncus a. Mauris ut molestie nulla. Mauris sagittis felis in augue mattis commodo. Lorem ipsum dolor sit amet, consectetur adipiscing elit. Nam quis metus quis nunc cursus auctor id eu augue. Phasellus convallis iaculis ipsum, at ullamcorper quam feugiat at. Curabitur sed nibh et tellus faucibus congue ac lacinia risus.\n\nPhasellus nisi nunc, porttitor non faucibus ut, viverra varius lectus. Donec ultricies ultrices viverra. Nunc vitae diam eget libero consectetur volutpat a nec orci. Fusce sed metus tristique metus consectetur consectetur a eget dolor. Ut convallis urna sit amet orci iaculis scelerisque. Ut justo ante, venenatis quis vehicula id, accumsan adipiscing justo. Nunc adipiscing augue quis tellus mollis at mollis massa commodo. Praesent accumsan venenatis euismod. Ut lacus odio, molestie at cursus volutpat, consectetur sit amet ligula. Suspendisse eu mauris sed est aliquet lobortis. Pellentesque habitant morbi tristique senectus et netus et malesuada fames ac turpis egestas. Ut orci lacus, vulputate sit amet fringilla sit amet, tincidunt suscipit urna. Morbi at enim quis lacus tempus egestas.\n\nUt elit ipsum, dapibus id vulputate a, pretium condimentum justo. Nulla et nisi at turpis venenatis tincidunt. Morbi imperdiet libero eu odio molestie consectetur. Proin ornare placerat ligula eget adipiscing. Etiam sed est ligula. Cras porta lorem non tellus consequat eget vulputate felis tristique. Ut posuere, est non faucibus faucibus, ipsum sapien vulputate velit, vitae dapibus dolor lectus in lacus. Suspendisse non dui tortor, quis dignissim libero. Aenean sit amet aliquam lacus. Donec interdum imperdiet erat non consequat. Nunc consequat arcu ac elit sagittis dignissim. Quisque eros erat, tempus sed venenatis id, eleifend vitae tortor. Aliquam erat volutpat. Vivamus facilisis placerat odio, nec mollis dolor tristique sed. Donec lobortis lacus eu nisl porttitor volutpat eget sed diam. Suspendisse et adipiscing leo. Duis id mi lacus, sit amet mollis nunc. Aenean et sodales tellus. Praesent ullamcorper diam non nisl bibendum a malesuada turpis bibendum.\n\nSed suscipit ipsum eu nibh vehicula placerat sed nec massa. Aenean tortor mi, tristique non fringilla nec, sodales nec mauris. Nulla ac tempor est. Curabitur non orci a purus tempus rhoncus. Sed laoreet placerat turpis et scelerisque. Mauris posuere imperdiet metus, et tempus ipsum pharetra ac. Sed faucibus mi quis ante cursus a malesuada augue pulvinar. Pellentesque bibendum lacus eu turpis lacinia faucibus. Mauris porttitor commodo congue. Sed elit massa, vestibulum sit amet feugiat a, dictum at lectus. Vestibulum sem turpis, interdum quis consectetur ullamcorper, euismod sed odio. Suspendisse congue justo in dui mollis fringilla. Suspendisse lacinia nunc a sapien elementum congue. Class aptent taciti sociosqu ad litora torquent per conubia nostra, per inceptos himenaeos. Pellentesque orci dolor, accumsan sed vehicula commodo, lacinia ac turpis. Proin luctus lorem vel sapien iaculis luctus.",
  "title": "Document 3-4-2-2",
  "__meta": {
    "updateId": -1810256250,
    "cdate": 1501428282500,
    "cuser": "cn=Al Mass,o=DARWINO",
    "mdate": 1501428297350,
    "replicaId": "85257FB8005090FB",
    "changes": "b6TQ",
    "muser": "cn=Al Mass,o=DARWINO",
    "seqId": 1
  }
}