{
  "form": "CompanyDocument",
  "_parentid": "C9C2911AA519E6BB8525816D0054A608",
  "document": "Etiam fringilla adipiscing enim, ut tempor ante posuere id. Quisque dolor purus, blandit nec tincidunt non, iaculis scelerisque purus. Morbi et purus dolor. Morbi vitae ante eu mi varius eleifend. Vivamus dictum leo ut nisi sagittis cursus. Sed ac tellus vitae massa vulputate mattis. Duis nibh lorem, eleifend et sollicitudin sed, dignissim at felis. Phasellus dignissim laoreet odio eu vulputate. Pellentesque sit amet mauris in turpis tincidunt fringilla ac quis dolor. Praesent enim enim, tincidunt id tincidunt eget, varius ut metus.",
  "title": "Document 2-1-3-1",
  "__meta": {
    "updateId": -1810277840,
    "cdate": 1501428275290,
    "cuser": "cn=Al Mass,o=DARWINO",
    "mdate": 1501428275760,
    "replicaId": "85257FB8005090FB",
    "changes": "CWSD",
    "muser": "cn=Al Mass,o=DARWINO",
    "seqId": 1
  }
}