{
  "form": "CompanyDocument",
  "_parentid": "12C54F73591FEBD28525816D0054B7C3",
  "document": "Quisque libero est, auctor sed tincidunt quis, lobortis et orci. Praesent ultricies orci quis est aliquam eget molestie lectus volutpat. Quisque ac ultricies arcu. Nullam tempor semper mi eu aliquet. Mauris ligula felis, porttitor non ultricies at, iaculis hendrerit lacus. Fusce pharetra nisl sed risus interdum in bibendum nisl scelerisque. Quisque porttitor, turpis in pharetra faucibus, velit risus adipiscing nibh, bibendum fringilla nisl ipsum ac metus. Aenean varius risus et turpis rhoncus vitae rhoncus metus lacinia. Fusce tempus, tellus sed malesuada malesuada, dui neque congue sem, eget mollis nisi elit et diam. In aliquam metus non nibh venenatis placerat. Duis vitae erat vel augue pretium mattis sed sed ipsum. Nam lacus libero, iaculis at dignissim vitae, dapibus et diam. Proin tempus augue nec diam facilisis fringilla.\n\nFusce vitae sagittis augue. Cras ac justo quis leo laoreet faucibus. Etiam tempus, mi at volutpat vestibulum, eros libero pulvinar metus, non venenatis augue mauris non erat. Donec risus est, volutpat vitae fringilla quis, sodales in erat. Sed consequat nunc vitae lacus bibendum ornare. Nulla faucibus tortor non ligula malesuada in bibendum dolor faucibus. Proin arcu est, fermentum quis ullamcorper nec, lobortis sed purus. Fusce sollicitudin quam id ligula condimentum tincidunt. Donec vel lectus diam. Mauris mattis erat nec mauris fermentum commodo.\n\nMorbi a nulla lorem. Morbi vel ligula et arcu facilisis posuere. Curabitur luctus interdum mauris, in auctor quam sagittis quis. Suspendisse potenti. Duis interdum purus eu risus pellentesque sodales. Aenean pretium consequat nulla sit amet convallis. Curabitur pharetra nibh a neque eleifend porttitor non sed metus. Morbi eleifend nisi ac arcu laoreet sagittis. Suspendisse potenti. Donec at tortor tortor, vitae condimentum felis. Aenean tincidunt est in sapien aliquet eu pharetra lacus vehicula.",
  "title": "Document 1-1-2-1",
  "__meta": {
    "updateId": -1810141910,
    "cdate": 1501428320680,
    "cuser": "cn=Al Mass,o=DARWINO",
    "mdate": 1501428411690,
    "replicaId": "85257FB8005090FB",
    "changes": "pvdP",
    "muser": "cn=Al Mass,o=DARWINO",
    "seqId": 1
  }
}