{
  "firstname": "Ebony",
  "comments": "<font size=\"2\" face=\"sans-serif\">A desk is expected to buy the glass, reported a pencil</font><br />\r\n<font size=\"2\" face=\"sans-serif\">The foreign glass was reported to have met with a nationwide table, reported the tall treehouse</font><br />\r\n<font size=\"2\" face=\"sans-serif\">A cowardly paper is now investing on a fierce car</font>",
  "homephone": "(696) 774-1490",
  "city": "Lansdowne",
  "sex": "F",
  "picture": "http://www.gravatar.com/avatar/d4bb0949ef3c4ac20ebdd9ee25d05d0b?d=retro",
  "lastname": "Brown",
  "__meta": {
    "updateId": -1810124730,
    "cdate": 1501428328750,
    "cuser": "cn=Al Mass,o=DARWINO",
    "mdate": 1501428428870,
    "replicaId": "85257FB8005090FB",
    "changes": "SV5d",
    "muser": "cn=Al Mass,o=DARWINO",
    "seqId": 2
  },
  "zipcode": "19050",
  "form": "Contact",
  "street": "341 Magnolia Court",
  "firstcontact": "2014-03-20T04:43:09.000-05:00",
  "workphone": "(376) 640-1814",
  "mobilephone": "(556) 566-1779",
  "company": "Warephase",
  "state": "PA",
  "card": "<img src=\"$document-attachment/Card%7C%7Cinline-0.84.gif\" width=\"80\" height=\"80\" /><br />\r\n<font size=\"2\" face=\"sans-serif\"><b>Name</b></font><font size=\"2\" face=\"sans-serif\">: Ebony Brown</font><br />\r\n<font size=\"2\" face=\"sans-serif\"><b>EMail</b></font><font size=\"2\" face=\"sans-serif\">: ebrown@darwino.com</font><br />\r\n<font size=\"2\" face=\"sans-serif\"><b>Company</b></font><font size=\"2\" face=\"sans-serif\">: Warephase</font>",
  "email": "ebrown@darwino.com"
}