{
  "form": "CompanyDocument",
  "_parentid": "FB223E73C2549DFF8525816D0054A6D8",
  "document": "Lorem ipsum dolor sit amet, consectetur adipiscing elit. Nulla facilisi. Integer ullamcorper erat vel odio pharetra nec euismod augue congue. Ut eget mi risus, nec commodo lacus. Cras eu convallis ligula. Pellentesque habitant morbi tristique senectus et netus et malesuada fames ac turpis egestas. Pellentesque bibendum feugiat quam a tincidunt. Sed ac dolor nisi. Nullam sodales vestibulum neque, in ultricies magna pretium ac. Suspendisse porta elit a leo suscipit vel facilisis orci interdum. Donec viverra dignissim sodales. Curabitur sit amet justo massa. Curabitur non nisi tortor. Aliquam erat volutpat. Nullam rutrum dolor sed ipsum tempus lacinia rhoncus turpis sagittis. Mauris eu scelerisque augue. Duis fermentum nisl eget nulla porta vehicula. Mauris lacinia erat eu ipsum eleifend nec ornare lacus imperdiet. Quisque a ultrices libero.\n\nPhasellus non quam nunc, vitae iaculis leo. Etiam non leo non ante mollis sodales. Aliquam justo magna, tempor quis vestibulum non, iaculis vitae eros. Sed dignissim, orci eget rutrum venenatis, mi ligula ornare diam, eget semper nulla augue ut elit. Ut ut lorem leo. Phasellus gravida sollicitudin dolor, non rutrum massa bibendum eget. Suspendisse vel tellus lacus, vitae cursus nulla. Vestibulum eu nulla mi. Aenean congue ipsum id odio accumsan sit amet cursus augue blandit. Nunc fringilla porttitor mi. Donec lorem lacus, faucibus at semper eu, fermentum in massa.\n\nSuspendisse fermentum viverra ligula eu varius. Integer bibendum lacus purus. Curabitur eu magna in tortor luctus blandit. Integer venenatis molestie libero, in convallis lacus faucibus ut. Morbi vitae accumsan dolor. Sed rutrum commodo vulputate. Maecenas odio mauris, gravida sed auctor quis, imperdiet sit amet erat. Vestibulum sem dui, molestie nec accumsan id, tristique nec purus. Sed non augue ac orci condimentum mollis in id massa. Fusce sagittis, erat quis cursus venenatis, elit nisi sagittis neque, ac euismod lacus turpis vel ipsum. Aenean tempor semper condimentum. Donec sollicitudin elit ornare nibh sollicitudin dapibus. Suspendisse potenti. Sed eleifend, nunc nec porttitor euismod, ligula nibh volutpat dui, a pharetra nibh eros ac diam. Nulla non dui sed magna facilisis pharetra vitae nec nibh. Nullam mattis hendrerit vehicula. Duis dapibus lacus in enim viverra placerat. Proin ultricies, quam quis tincidunt laoreet, eros odio aliquam elit, at porta nisi dui rutrum turpis. Phasellus ac sem libero. Pellentesque risus odio, porta in porttitor a, blandit eget diam.",
  "title": "Document 2-2-1-1",
  "__meta": {
    "updateId": -1810271610,
    "cdate": 1501428277370,
    "cuser": "cn=Al Mass,o=DARWINO",
    "mdate": 1501428281990,
    "replicaId": "85257FB8005090FB",
    "changes": "Afdp",
    "muser": "cn=Al Mass,o=DARWINO",
    "seqId": 1
  }
}