{
  "form": "CompanyDocument",
  "_parentid": "BF84D0B9AB82C5C48525816D0054B0B8",
  "document": "Suspendisse vel nulla ac arcu ultrices pretium. Sed laoreet arcu non felis convallis ut aliquam ipsum tincidunt. Vestibulum non urna luctus metus ullamcorper dignissim sed vitae mi. Aliquam vestibulum nisi ut dolor eleifend faucibus. Praesent ut nisi in purus dapibus fringilla vel a neque. Nunc sed arcu at dui euismod rutrum. Nullam est quam, interdum eget gravida id, malesuada ac ligula. Suspendisse aliquam ante in tortor ullamcorper elementum. Vestibulum pretium lacus vel justo scelerisque blandit. Mauris in erat sit amet libero pulvinar auctor vitae quis dui. Etiam euismod, nisi at pretium egestas, massa justo placerat lectus, a molestie velit dolor a tortor. Duis nec nulla tortor, quis vulputate nisi. Vestibulum eget lectus nisl, vitae rhoncus ligula. Donec ultricies euismod tempor. Donec sit amet orci erat, quis interdum mauris. Pellentesque habitant morbi tristique senectus et netus et malesuada fames ac turpis egestas. Duis tristique semper facilisis.",
  "title": "Document 2-3-3-1-1",
  "__meta": {
    "updateId": -1810195900,
    "cdate": 1501428302650,
    "cuser": "cn=Al Mass,o=DARWINO",
    "mdate": 1501428357700,
    "replicaId": "85257FB8005090FB",
    "changes": "AvTG",
    "muser": "cn=Al Mass,o=DARWINO",
    "seqId": 1
  }
}