{
  "form": "CompanyDocument",
  "_parentid": "2B230A30FE142B2F8525816D0054ADC8",
  "document": "Sed sapien est, semper vitae fermentum eget, euismod vel eros. Quisque dignissim nibh nec enim porttitor id tempus eros tincidunt. Sed bibendum lectus id dui accumsan luctus. Aliquam ac adipiscing turpis. Cras sit amet augue leo, vel sagittis enim. Class aptent taciti sociosqu ad litora torquent per conubia nostra, per inceptos himenaeos. Aenean commodo, nisi eu posuere tristique, quam sem lobortis turpis, varius ultricies purus urna et erat. Morbi pharetra velit ac ligula elementum faucibus eget a dolor. Maecenas elementum nunc ut risus mollis et consectetur arcu aliquam. Praesent mollis risus a nulla feugiat commodo. Aliquam eget metus nunc, at imperdiet velit. Fusce eget lacus eros.\n\nMaecenas mattis dignissim felis a hendrerit. Sed eu massa ut ipsum aliquam scelerisque. Nulla mollis, erat eu tincidunt vulputate, augue est laoreet felis, sit amet placerat ante massa eu justo. Quisque aliquet, erat eu lacinia rhoncus, tortor ligula placerat ante, ac accumsan est mi ac lacus. Sed ultrices, magna eget laoreet mollis, magna lectus egestas justo, vel imperdiet diam felis ac enim. Curabitur interdum est vel est sagittis tincidunt. Proin tincidunt est at nisi sollicitudin non suscipit arcu interdum. Quisque in arcu neque, sit amet varius erat. Sed congue risus vel mi consectetur ullamcorper. Maecenas tristique ipsum quis justo euismod pretium.\n\nSuspendisse vel nulla ac arcu ultrices pretium. Sed laoreet arcu non felis convallis ut aliquam ipsum tincidunt. Vestibulum non urna luctus metus ullamcorper dignissim sed vitae mi. Aliquam vestibulum nisi ut dolor eleifend faucibus. Praesent ut nisi in purus dapibus fringilla vel a neque. Nunc sed arcu at dui euismod rutrum. Nullam est quam, interdum eget gravida id, malesuada ac ligula. Suspendisse aliquam ante in tortor ullamcorper elementum. Vestibulum pretium lacus vel justo scelerisque blandit. Mauris in erat sit amet libero pulvinar auctor vitae quis dui. Etiam euismod, nisi at pretium egestas, massa justo placerat lectus, a molestie velit dolor a tortor. Duis nec nulla tortor, quis vulputate nisi. Vestibulum eget lectus nisl, vitae rhoncus ligula. Donec ultricies euismod tempor. Donec sit amet orci erat, quis interdum mauris. Pellentesque habitant morbi tristique senectus et netus et malesuada fames ac turpis egestas. Duis tristique semper facilisis.\n\nAenean leo ligula, consectetur vel congue vel, eleifend vitae magna. Morbi id massa quis nulla ultricies lacinia lacinia eget ante. Aenean porttitor quam nec velit tempus id posuere nisi tincidunt. Sed ligula magna, viverra at accumsan at, ornare et nisi. Nulla sodales elit eu arcu cursus fringilla eu sed elit. Nam sollicitudin vestibulum nulla, nec condimentum neque aliquam ut. Nulla et odio lectus. Aenean risus libero, egestas in porttitor quis, sollicitudin eget ligula. Morbi fermentum consequat sem, vel scelerisque enim tincidunt in. Aenean congue risus eget urna dapibus non sagittis felis porttitor. Praesent consectetur pulvinar libero in vehicula. Sed in nunc enim, at vehicula enim.",
  "title": "Document 5-1-4-2-3",
  "__meta": {
    "updateId": -1810218360,
    "cdate": 1501428295150,
    "cuser": "cn=Al Mass,o=DARWINO",
    "mdate": 1501428335240,
    "replicaId": "85257FB8005090FB",
    "changes": "yP1d",
    "muser": "cn=Al Mass,o=DARWINO",
    "seqId": 1
  }
}