{
  "form": "CompanyDocument",
  "_parentid": "CCA722FE933E6F368525816D0054A678",
  "document": "Nunc dolor massa, egestas ut tristique a, tincidunt eu nisl. Curabitur sodales rhoncus urna vitae gravida. Praesent feugiat suscipit sapien ut adipiscing. Nulla commodo convallis eros, id ultricies nulla volutpat sit amet. Vestibulum vitae lectus nec dolor vestibulum aliquam. Suspendisse luctus tellus non mi euismod tempus molestie purus euismod. Cras et bibendum lorem. Pellentesque at nibh at neque scelerisque porta vitae a mi. Nunc porttitor ipsum sed nisl cursus malesuada. Mauris aliquet odio non mi volutpat bibendum eget nec elit. Fusce nec neque nec justo dapibus blandit sed at diam. Proin vestibulum tristique est quis scelerisque. Donec pretium pulvinar dolor, nec dignissim massa dictum fringilla. Vivamus laoreet convallis dolor, non rhoncus leo pellentesque quis. Suspendisse mollis cursus dui, a congue est consequat eu. Pellentesque in risus ipsum, vel sodales nisi. Duis vitae quam tortor, ut interdum leo. Morbi vitae pulvinar est.\n\nDonec dignissim risus at orci pretium bibendum. Proin pellentesque leo non sapien luctus a dictum diam tempus. Donec in sapien lectus, condimentum faucibus sem. Morbi luctus felis nisi, ut mollis turpis. Nunc rhoncus metus et mi viverra hendrerit. Mauris ut libero cursus tortor tempor malesuada. Nam id molestie urna. Nam semper, ante ac lacinia bibendum, nibh libero lobortis massa, in tincidunt mi dui molestie elit. Phasellus consequat lectus vel elit malesuada convallis. Phasellus elementum, nulla in blandit suscipit, neque mauris laoreet leo, nec lacinia nunc augue eget libero. Donec nisl sem, malesuada ac auctor vitae, congue et massa. Morbi risus eros, consectetur ac congue quis, pharetra vitae enim. Lorem ipsum dolor sit amet, consectetur adipiscing elit. Suspendisse molestie ligula non odio lobortis in pretium augue accumsan.\n\nEtiam mattis, eros nec vulputate porttitor, erat erat pharetra elit, quis pharetra ligula dolor eu velit. Aliquam rutrum nunc eu nunc aliquam eu hendrerit metus consequat. Etiam quis erat ac sapien tincidunt gravida. Nulla varius, nulla sed dapibus pretium, massa libero consectetur diam, vel interdum neque felis vel diam. Nam lorem nunc, posuere eget venenatis et, convallis sed massa. Vestibulum ante ipsum primis in faucibus orci luctus et ultrices posuere cubilia Curae; Sed sed nisi nunc, in commodo eros. Integer dictum bibendum quam vitae malesuada. Vestibulum sollicitudin dapibus quam id ornare. Ut vulputate fermentum laoreet.\n\nNullam semper libero vel risus aliquet vel tincidunt justo convallis. Class aptent taciti sociosqu ad litora torquent per conubia nostra, per inceptos himenaeos. Fusce vel mauris nunc. Vestibulum pharetra ligula sit amet est hendrerit fringilla. Cras volutpat metus quis massa sodales pellentesque. Pellentesque habitant morbi tristique senectus et netus et malesuada fames ac turpis egestas. Nam congue eleifend tortor, vitae facilisis massa porttitor ac. Etiam ut dui mauris, sagittis congue leo. Sed aliquam aliquet mauris ac gravida. Phasellus elementum mattis magna vitae tristique.",
  "title": "Document 4-2-2",
  "__meta": {
    "updateId": -1810274450,
    "cdate": 1501428276420,
    "cuser": "cn=Al Mass,o=DARWINO",
    "mdate": 1501428279150,
    "replicaId": "85257FB8005090FB",
    "changes": "I2YN",
    "muser": "cn=Al Mass,o=DARWINO",
    "seqId": 1
  }
}