{
  "form": "CompanyDocument",
  "_parentid": "6936A9F941C71A3E8525816D0054AC08",
  "document": "Cras sit amet neque mi. Quisque sollicitudin malesuada nibh, nec vulputate tellus porta et. Suspendisse condimentum nisi eu sapien malesuada vel ultrices leo blandit. Nunc vel sapien non neque iaculis fringilla vel ut ante. Quisque luctus eleifend felis. Duis sit amet dui sit amet diam molestie ultrices. Proin dui est, bibendum eu egestas in, ultrices in quam. Phasellus quam turpis, commodo eu sagittis quis, lobortis eu tellus. Nulla ut malesuada augue. Vivamus dapibus sem ac tortor consequat pulvinar. Nunc turpis mi, imperdiet nec aliquet id, mollis gravida nulla. Duis et eleifend felis. Cras vestibulum sapien accumsan ante auctor condimentum. Cum sociis natoque penatibus et magnis dis parturient montes, nascetur ridiculus mus. Proin in urna eu justo gravida rutrum. Vestibulum vel lorem neque, et aliquam lorem. Integer elementum, nibh vel porta volutpat, quam turpis lacinia nisl, suscipit blandit purus felis et augue.\n\nCras sit amet neque mi. Quisque sollicitudin malesuada nibh, nec vulputate tellus porta et. Suspendisse condimentum nisi eu sapien malesuada vel ultrices leo blandit. Nunc vel sapien non neque iaculis fringilla vel ut ante. Quisque luctus eleifend felis. Duis sit amet dui sit amet diam molestie ultrices. Proin dui est, bibendum eu egestas in, ultrices in quam. Phasellus quam turpis, commodo eu sagittis quis, lobortis eu tellus. Nulla ut malesuada augue. Vivamus dapibus sem ac tortor consequat pulvinar. Nunc turpis mi, imperdiet nec aliquet id, mollis gravida nulla. Duis et eleifend felis. Cras vestibulum sapien accumsan ante auctor condimentum. Cum sociis natoque penatibus et magnis dis parturient montes, nascetur ridiculus mus. Proin in urna eu justo gravida rutrum. Vestibulum vel lorem neque, et aliquam lorem. Integer elementum, nibh vel porta volutpat, quam turpis lacinia nisl, suscipit blandit purus felis et augue.",
  "title": "Document 1-4",
  "__meta": {
    "updateId": -1810230800,
    "cdate": 1501428291000,
    "cuser": "cn=Al Mass,o=DARWINO",
    "mdate": 1501428322800,
    "replicaId": "85257FB8005090FB",
    "changes": "56Ow",
    "muser": "cn=Al Mass,o=DARWINO",
    "seqId": 1
  }
}