{
  "firstname": "Jacob",
  "comments": "<font size=\"2\" face=\"sans-serif\">A red tangerine is expected to sell a solid window</font><br />\r\n<font size=\"2\" face=\"sans-serif\">The solid manual collapsed on a hat, said a bottle</font><br />\r\n<font size=\"2\" face=\"sans-serif\">The famous desk collapsed on the elephant, reported a fierce llama</font><br />\r\n<font size=\"2\" face=\"sans-serif\">The fork advanced towards a cowardly dog, said the stable table</font><br />\r\n<font size=\"2\" face=\"sans-serif\">The solid cat plans to cease fire against a pencil</font>",
  "homephone": "(943) 226-1207",
  "city": "Buffalo Grove",
  "sex": "M",
  "picture": "http://www.gravatar.com/avatar/93a863027061832ed8bebc353d51fe3f?d=retro",
  "lastname": "Webster",
  "__meta": {
    "updateId": -1810129770,
    "cdate": 1501428326230,
    "cuser": "cn=Al Mass,o=DARWINO",
    "mdate": 1501428423830,
    "replicaId": "85257FB8005090FB",
    "changes": "q02a",
    "muser": "cn=Al Mass,o=DARWINO",
    "seqId": 2
  },
  "zipcode": "60089",
  "form": "Contact",
  "street": "110 School Street",
  "firstcontact": "2012-04-12T00:14:57.000-05:00",
  "workphone": "(820) 485-1589",
  "mobilephone": "(528) 860-1114",
  "company": "Opentech",
  "state": "IL",
  "card": "<img src=\"$document-attachment/Card%7C%7Cinline-0.84.gif\" width=\"80\" height=\"80\" /><br />\r\n<font size=\"2\" face=\"sans-serif\"><b>Name</b></font><font size=\"2\" face=\"sans-serif\">: Jacob Webster</font><br />\r\n<font size=\"2\" face=\"sans-serif\"><b>EMail</b></font><font size=\"2\" face=\"sans-serif\">: jwebster@darwino.com</font><br />\r\n<font size=\"2\" face=\"sans-serif\"><b>Company</b></font><font size=\"2\" face=\"sans-serif\">: Opentech</font>",
  "email": "jwebster@darwino.com"
}