{
  "form": "CompanyDocument",
  "_parentid": "4E51E2A2B2B0C8D68525816D0054B5E6",
  "document": "Fusce ac erat nec sem auctor lacinia. Cum sociis natoque penatibus et magnis dis parturient montes, nascetur ridiculus mus. Donec accumsan commodo commodo. Duis sit amet enim dolor. Aenean vitae augue ut dolor bibendum semper ut nec justo. Nullam adipiscing adipiscing metus. Nunc eget nisl in nibh mollis hendrerit sed eu leo. Ut gravida massa vitae purus molestie scelerisque. Aliquam adipiscing viverra massa. Quisque et eros ipsum, nec condimentum nunc.\n\nCurabitur sit amet turpis at odio aliquam sollicitudin. Maecenas ac urna diam, sit amet sollicitudin orci. Maecenas quis porttitor nisi. Etiam sit amet ante diam, vel ullamcorper est. Nulla facilisi. Maecenas eu tellus magna, at blandit massa. Mauris interdum rutrum tellus id rutrum. Pellentesque vitae tortor at odio fringilla fermentum vel sit amet lorem. Cum sociis natoque penatibus et magnis dis parturient montes, nascetur ridiculus mus. Aliquam nec eleifend ligula. In tortor sapien, tincidunt et accumsan a, blandit a sem. Nullam pharetra consequat justo, sed faucibus libero dictum id. Praesent et nibh eget eros scelerisque sagittis quis ac sem. Vestibulum posuere vehicula augue. Ut id tempor risus. Praesent vestibulum, lacus sit amet facilisis tristique, odio nisi auctor ipsum, in facilisis sapien nisl ac dui.\n\nVestibulum eleifend bibendum eros, gravida tempor mi ornare id. Aenean dignissim velit id lacus dictum accumsan. Sed et felis massa. Aenean pretium, sem sed bibendum mollis, metus eros convallis leo, et blandit enim odio a velit. Donec sapien nulla, consectetur in posuere ut, blandit at mi. Proin interdum turpis nisi. Nullam risus quam, vulputate ut adipiscing sit amet, ultrices ut turpis. Ut at tincidunt neque. Duis ultricies ultrices condimentum. Phasellus in orci vel justo blandit ornare. Phasellus auctor orci vel ligula lacinia nec tempor nisi cursus. Vestibulum ante ipsum primis in faucibus orci luctus et ultrices posuere cubilia Curae; Fusce in nulla ligula.",
  "title": "Document 1-3-4-1",
  "__meta": {
    "updateId": -1810156190,
    "cdate": 1501428315910,
    "cuser": "cn=Al Mass,o=DARWINO",
    "mdate": 1501428397410,
    "replicaId": "85257FB8005090FB",
    "changes": "sHNw",
    "muser": "cn=Al Mass,o=DARWINO",
    "seqId": 1
  }
}