{
  "form": "CompanyDocument",
  "_parentid": "4D0CF22B55F6FC398525816D0054B75B",
  "document": "Fusce sodales viverra volutpat. Nulla at interdum sapien. Aliquam eu ante eu tellus convallis lobortis. Vestibulum ante ipsum primis in faucibus orci luctus et ultrices posuere cubilia Curae; Donec vitae egestas sem. Nam porttitor placerat volutpat. Sed ut ante purus, sit amet tempor metus. Aliquam vel tortor orci. Mauris nulla justo, gravida quis mattis ut, imperdiet gravida nibh. Pellentesque habitant morbi tristique senectus et netus et malesuada fames ac turpis egestas. Integer eu eros turpis. Sed a est quis diam dignissim molestie et non orci. Mauris lobortis nunc ligula. Vivamus semper lorem quis nisl facilisis feugiat. Donec commodo, orci accumsan dapibus dapibus, odio justo semper lorem, nec semper risus felis vel mauris. Sed quam lorem, ullamcorper id tincidunt a, elementum non purus.",
  "title": "Document 1-4-1-2-3",
  "__meta": {
    "updateId": -1810144960,
    "cdate": 1501428319660,
    "cuser": "cn=Al Mass,o=DARWINO",
    "mdate": 1501428408640,
    "replicaId": "85257FB8005090FB",
    "changes": "Y34h",
    "muser": "cn=Al Mass,o=DARWINO",
    "seqId": 1
  }
}