{
  "form": "CompanyDocument",
  "_parentid": "2F302A361DD698D38525816D0054A654",
  "document": "Nulla nec risus arcu. Praesent neque mauris, condimentum et pretium vitae, gravida at diam. Proin lacus nulla, adipiscing a eleifend eget, elementum sit amet lacus. Duis dictum cursus feugiat. Pellentesque accumsan congue aliquam. Fusce congue nisl non lacus elementum lobortis. Curabitur sollicitudin porttitor vulputate. In lacinia, nisl eget pretium tincidunt, urna risus sagittis erat, quis adipiscing mauris tortor sed diam. Morbi pellentesque aliquam luctus. Vestibulum blandit accumsan est, ac viverra magna blandit sit amet. Vivamus feugiat magna at dolor rhoncus porttitor.\n\nQuisque pharetra aliquam accumsan. Nullam nec dolor vitae erat suscipit gravida quis ac metus. Praesent in purus sed orci hendrerit posuere. Curabitur libero turpis, feugiat ut molestie in, volutpat ut dui. Etiam feugiat libero vel arcu molestie sit amet imperdiet risus gravida. Vestibulum feugiat tincidunt congue. Suspendisse semper consectetur diam, ac viverra leo sodales vitae. Lorem ipsum dolor sit amet, consectetur adipiscing elit. Nam dictum felis sed sem dictum sit amet luctus elit ultricies. Proin odio ipsum, consectetur fermentum posuere ut, venenatis at turpis. Proin quis nibh nec libero sollicitudin sollicitudin id consectetur leo. Nam ornare lacus sapien. Aliquam ac justo eget nunc mattis eleifend. Proin vitae rhoncus neque. Mauris sed egestas lacus. Pellentesque eget ante quam. Morbi mauris nisl, viverra vitae dictum vitae, sodales ut augue. Suspendisse adipiscing vestibulum est, at aliquam urna bibendum ut. Cras suscipit convallis rhoncus. Sed ac velit nisl, eget adipiscing leo.\n\nDonec scelerisque sagittis elit sit amet dapibus. Proin nulla lorem, ullamcorper ac elementum nec, pretium eu sapien. Aliquam justo enim, blandit ut rhoncus eu, sollicitudin in mi. Sed sit amet nunc sed dolor tempus consequat non non augue. Sed bibendum sodales nulla et rutrum. Quisque ut risus eget metus dictum pulvinar vel et ante. Nam commodo pellentesque nunc, sit amet condimentum dolor venenatis ultrices. Suspendisse erat sapien, congue nec consequat a, consectetur accumsan est. Mauris elementum lorem eu elit eleifend molestie. Donec sed lectus non leo semper porta et eu urna. Morbi ultrices rhoncus urna, et suscipit nunc laoreet nec.\n\nQuisque quam orci, cursus at hendrerit in, vestibulum sit amet metus. Donec vulputate sapien vitae nunc aliquet congue. Cras quis nisi at augue rhoncus vulputate quis ac libero. Fusce in magna eget libero iaculis varius eget eu odio. Cras turpis elit, lobortis vitae eleifend ut, vestibulum sit amet ipsum. Integer malesuada lacus et tortor dapibus pellentesque. Suspendisse lacus odio, tincidunt ac venenatis varius, ullamcorper vel nulla. Ut placerat erat vitae nunc rhoncus vitae feugiat elit dignissim. Maecenas accumsan viverra magna, vitae auctor lectus dapibus in. Cras blandit gravida tortor, in lobortis odio dapibus vitae. Lorem ipsum dolor sit amet, consectetur adipiscing elit. Phasellus a viverra risus. Integer vitae erat non ligula mattis fermentum quis eget lacus. Nullam nisl nisi, tincidunt a imperdiet quis, eleifend quis diam. Nam mi nisl, auctor quis hendrerit in, mattis eget ligula. Cras euismod, felis nec gravida varius, augue nisl porttitor erat, eu fermentum mauris massa et odio. Donec eget lacus nunc. Ut sed lacus velit, a blandit leo.",
  "title": "Document 3-1-2-1-2",
  "__meta": {
    "updateId": -1810275530,
    "cdate": 1501428276060,
    "cuser": "cn=Al Mass,o=DARWINO",
    "mdate": 1501428278070,
    "replicaId": "85257FB8005090FB",
    "changes": "K0VJ",
    "muser": "cn=Al Mass,o=DARWINO",
    "seqId": 1
  }
}