{
  "firstname": "Robin",
  "comments": "<font size=\"2\" face=\"sans-serif\">A metallic cup is investigating a green monitor</font><br />\r\n<font size=\"2\" face=\"sans-serif\">A sweet planet was reported to have met with the stable building</font><br />\r\n<font size=\"2\" face=\"sans-serif\">A golden cake leased the golden window, reported the potato</font><br />\r\n<font size=\"2\" face=\"sans-serif\">A metallic griffon was seen in the company of the fork, claimed the cowardly elephant</font>",
  "homephone": "(365) 403-1469",
  "city": "Gloucester",
  "sex": "F",
  "picture": "http://www.gravatar.com/avatar/70b93349eda54bf51380d9d2771f9974?d=retro",
  "lastname": "Sellers",
  "__meta": {
    "updateId": -1810136330,
    "cdate": 1501428322950,
    "cuser": "cn=Al Mass,o=DARWINO",
    "mdate": 1501428417270,
    "replicaId": "85257FB8005090FB",
    "changes": "BO5M",
    "muser": "cn=Al Mass,o=DARWINO",
    "seqId": 2
  },
  "zipcode": "01930",
  "form": "Contact",
  "street": "20 Cambridge Road",
  "firstcontact": "2013-12-11T23:45:09.000-05:00",
  "workphone": "(182) 507-1103",
  "mobilephone": "(791) 724-1444",
  "company": "Green-plus",
  "state": "MA",
  "card": "<img src=\"$document-attachment/Card%7C%7Cinline-0.84.gif\" width=\"80\" height=\"80\" /><br />\r\n<font size=\"2\" face=\"sans-serif\"><b>Name</b></font><font size=\"2\" face=\"sans-serif\">: Robin Sellers</font><br />\r\n<font size=\"2\" face=\"sans-serif\"><b>EMail</b></font><font size=\"2\" face=\"sans-serif\">: rsellers@darwino.com</font><br />\r\n<font size=\"2\" face=\"sans-serif\"><b>Company</b></font><font size=\"2\" face=\"sans-serif\">: Green-plus</font>",
  "email": "rsellers@darwino.com"
}