{
  "form": "CompanyDocument",
  "_parentid": "068DDC08DE372F5E8525816D0054B033",
  "document": "Phasellus massa risus, lobortis quis mollis a, hendrerit vel metus. Vestibulum malesuada, lacus ac facilisis viverra, augue tellus gravida ante, ut pretium sem augue in turpis. Pellentesque rhoncus luctus mauris, nec scelerisque mi convallis ut. Pellentesque convallis rutrum lacinia. Nulla venenatis elit quis lorem posuere fermentum sagittis elit ultrices. Aenean condimentum dapibus pretium. Morbi nec metus augue, ac mattis ligula. Morbi sed libero massa, eu condimentum arcu. Praesent nec felis sit amet lacus egestas dictum. Sed quis augue eros.",
  "title": "Document 1-2-4-2",
  "__meta": {
    "updateId": -1810199820,
    "cdate": 1501428301340,
    "cuser": "cn=Al Mass,o=DARWINO",
    "mdate": 1501428353780,
    "replicaId": "85257FB8005090FB",
    "changes": "DFiR",
    "muser": "cn=Al Mass,o=DARWINO",
    "seqId": 1
  }
}