{
  "form": "CompanyDocument",
  "_parentid": "60457BE24D397F4A8525816D0054B45C",
  "document": "Phasellus ac sapien hendrerit quam dictum viverra non eget massa. Aliquam aliquam risus quis eros luctus tincidunt. Nulla at nisl quam, ultricies semper quam. Cras congue sagittis turpis, et ornare ipsum interdum nec. Sed pharetra aliquam gravida. Aliquam dictum est vel ligula euismod hendrerit. In hac habitasse platea dictumst. Nam in nisi arcu. Etiam non tellus mi. Aenean quis facilisis erat. Aenean suscipit, nisl viverra placerat porttitor, risus enim volutpat lectus, non consectetur tortor velit in nisi. In convallis consequat nulla vel bibendum. Morbi in magna tellus, eu tristique tortor. Maecenas interdum mauris vel orci pellentesque vestibulum. Donec hendrerit sollicitudin velit, vitae pellentesque felis bibendum eu. Cras diam massa, vestibulum faucibus vestibulum vel, tempor sit amet felis. Vivamus sit amet diam elit. Donec mauris diam, tincidunt a lobortis a, eleifend luctus eros. Nunc eget nibh metus, nec tincidunt nisl.\n\nPhasellus tincidunt scelerisque dapibus. Cum sociis natoque penatibus et magnis dis parturient montes, nascetur ridiculus mus. In consequat quam non quam malesuada sit amet bibendum nunc porta. Vestibulum adipiscing vehicula purus, non convallis purus cursus at. Ut nisi purus, mattis quis lacinia a, rhoncus et ante. Ut nec arcu ligula, a tempus eros. Curabitur vel dictum metus. Ut rhoncus semper commodo. Pellentesque vitae leo eget magna rutrum feugiat bibendum ac turpis. Curabitur adipiscing augue odio. Sed iaculis pellentesque metus, eu porttitor neque sagittis id. Phasellus justo quam, lobortis eu varius in, vulputate sed tortor.\n\nIn hac habitasse platea dictumst. Suspendisse potenti. Quisque rutrum risus eget nisl porta vel rutrum lorem egestas. Etiam elit nunc, cursus a gravida fringilla, aliquam ut massa. Sed nulla lorem, ornare sed tempus sit amet, tempus non dolor. Cras eget ipsum risus. Integer massa lectus, placerat eu porta vitae, vulputate consequat odio. Praesent aliquet justo eget magna aliquet placerat semper diam gravida. Donec rutrum aliquam leo in ultricies. Fusce euismod eros pretium sem sodales tempus. Sed venenatis venenatis dui ut venenatis. Nullam tempor congue nisl cursus vestibulum. In in lorem sed purus elementum congue a non turpis. Quisque at eros ligula, a elementum nisl. Morbi non tempus odio. Maecenas sapien enim, rhoncus ultrices cursus ac, pellentesque a libero.",
  "title": "Document 5-1-3-4",
  "__meta": {
    "updateId": -1810167860,
    "cdate": 1501428312010,
    "cuser": "cn=Al Mass,o=DARWINO",
    "mdate": 1501428385740,
    "replicaId": "85257FB8005090FB",
    "changes": "ECYJ",
    "muser": "cn=Al Mass,o=DARWINO",
    "seqId": 1
  }
}