{
  "form": "CompanyDocument",
  "_parentid": "A05B8BECC991B5618525816D0054AD11",
  "document": "Aliquam adipiscing, eros mattis laoreet dictum, augue leo consectetur arcu, at mollis lectus arcu ac mi. Vivamus mollis, purus et iaculis accumsan, elit sapien fringilla tortor, a adipiscing massa urna eget lectus. Nunc malesuada magna nec nibh ultrices ac tempus lorem euismod. Nullam eget enim felis. Donec felis tellus, egestas ac sagittis ut, faucibus et nulla. Mauris dignissim mauris ac elit scelerisque interdum. Ut sit amet velit sit amet tellus tristique lobortis at non diam. Sed rhoncus erat dignissim quam commodo facilisis vitae vitae mi. Nulla sollicitudin, erat id fermentum blandit, diam nulla aliquet purus, ut dictum mauris tortor sed mi. Mauris adipiscing blandit ligula vel gravida. Mauris volutpat suscipit purus sit amet ultricies. Praesent sapien diam, lacinia vel iaculis non, laoreet a quam. Nam mollis erat lacinia enim placerat mollis.\n\nMorbi dapibus ultricies dignissim. Lorem ipsum dolor sit amet, consectetur adipiscing elit. Suspendisse sollicitudin lobortis odio a euismod. Sed vitae ultricies metus. Vestibulum ut dignissim purus. Maecenas metus leo, auctor tincidunt vulputate ut, euismod id leo. Nam dolor diam, tempus posuere fringilla quis, malesuada sit amet velit. Vivamus tristique, metus eget luctus tempus, quam urna convallis dolor, id euismod felis massa eget turpis. Pellentesque habitant morbi tristique senectus et netus et malesuada fames ac turpis egestas. Vestibulum lacus justo, gravida ac congue eu, vulputate sit amet dolor. Class aptent taciti sociosqu ad litora torquent per conubia nostra, per inceptos himenaeos.\n\nEtiam a aliquam libero. Nulla et lacus lorem, sit amet vehicula enim. Nam mi arcu, sollicitudin nec vehicula ac, feugiat nec lectus. Nullam aliquam interdum laoreet. Mauris laoreet fringilla tellus, rutrum malesuada orci elementum vel. Donec varius, quam eu sollicitudin lacinia, tellus elit viverra enim, id fermentum odio nisi eu dui. In hac habitasse platea dictumst. Mauris adipiscing, dolor non ultrices tincidunt, dui mauris ultricies tortor, congue ultrices augue metus quis leo. Etiam a luctus sem. Ut gravida felis sit amet neque bibendum sollicitudin. Etiam vitae sapien eu odio dictum scelerisque. Vestibulum est nulla, porttitor at tincidunt non, tincidunt non risus. Integer sit amet justo eget tellus laoreet interdum vel quis tellus. Fusce molestie nunc nec lacus aliquet quis vestibulum ipsum tempor. Sed fermentum leo eget dui hendrerit feugiat. Ut id tortor lorem, quis porta sapien. Fusce a nisi faucibus enim auctor dapibus. In iaculis blandit arcu, a imperdiet justo sagittis eu. Fusce tristique, magna nec venenatis volutpat, tortor massa semper mauris, a semper mauris dolor viverra nisl. Pellentesque eu ligula ac sapien semper ultrices.",
  "title": "Document 2-2-1-3",
  "__meta": {
    "updateId": -1810223700,
    "cdate": 1501428293370,
    "cuser": "cn=Al Mass,o=DARWINO",
    "mdate": 1501428329900,
    "replicaId": "85257FB8005090FB",
    "changes": "scA@",
    "muser": "cn=Al Mass,o=DARWINO",
    "seqId": 1
  }
}