{
  "firstname": "Mitchell",
  "comments": "<font size=\"2\" face=\"sans-serif\">Last evening a duck plans to cease fire against a potato, claimed a treehouse</font><br />\r\n<font size=\"2\" face=\"sans-serif\">A green duck allegedly spoke to a sweet knife, claimed a golden meat</font><br />\r\n<font size=\"2\" face=\"sans-serif\">A yellow building is now investing on the soup</font><br />\r\n<font size=\"2\" face=\"sans-serif\">The car was converted into the famous soup</font>",
  "homephone": "(858) 191-1312",
  "city": "Georgetown",
  "sex": "M",
  "picture": "http://www.gravatar.com/avatar/c405f4b382f44d7c5052e8a3be21ff33?d=retro",
  "lastname": "Diaz",
  "__meta": {
    "updateId": -1810123970,
    "cdate": 1501428329130,
    "cuser": "cn=Al Mass,o=DARWINO",
    "mdate": 1501428429630,
    "replicaId": "85257FB8005090FB",
    "changes": "ag15",
    "muser": "cn=Al Mass,o=DARWINO",
    "seqId": 2
  },
  "zipcode": "29440",
  "form": "Contact",
  "street": "453 Magnolia Avenue",
  "firstcontact": "2014-11-23T21:26:24.000-05:00",
  "workphone": "(147) 786-1873",
  "mobilephone": "(977) 550-1581",
  "company": "Iselectrics",
  "state": "SC",
  "card": "<img src=\"$document-attachment/Card%7C%7Cinline-0.84.gif\" width=\"80\" height=\"80\" /><br />\r\n<font size=\"2\" face=\"sans-serif\"><b>Name</b></font><font size=\"2\" face=\"sans-serif\">: Mitchell Diaz</font><br />\r\n<font size=\"2\" face=\"sans-serif\"><b>EMail</b></font><font size=\"2\" face=\"sans-serif\">: mdiaz@darwino.com</font><br />\r\n<font size=\"2\" face=\"sans-serif\"><b>Company</b></font><font size=\"2\" face=\"sans-serif\">: Iselectrics</font>",
  "email": "mdiaz@darwino.com"
}