{
  "form": "CompanyDocument",
  "_parentid": "E9317D0E6CC37E098525816D0054A99B",
  "document": "Class aptent taciti sociosqu ad litora torquent per conubia nostra, per inceptos himenaeos. In hac habitasse platea dictumst. Quisque iaculis dolor leo, non lobortis purus. Integer aliquet, lorem quis imperdiet malesuada, lacus dolor egestas leo, non faucibus sem nisi ut diam. Phasellus facilisis pellentesque massa, eget rutrum libero faucibus ultricies. Pellentesque habitant morbi tristique senectus et netus et malesuada fames ac turpis egestas. Etiam feugiat, mauris nec imperdiet viverra, velit lectus eleifend sem, id sollicitudin nulla augue vitae risus. Cras nisl metus, condimentum in consectetur et, bibendum lacinia dui. Duis odio libero, laoreet eu molestie at, lacinia eu erat. Aliquam fringilla bibendum nulla. Etiam sem purus, egestas vitae tristique ac, tincidunt quis justo. Cras quis est lacus. In pretium placerat ligula id imperdiet.\n\nAliquam adipiscing, eros mattis laoreet dictum, augue leo consectetur arcu, at mollis lectus arcu ac mi. Vivamus mollis, purus et iaculis accumsan, elit sapien fringilla tortor, a adipiscing massa urna eget lectus. Nunc malesuada magna nec nibh ultrices ac tempus lorem euismod. Nullam eget enim felis. Donec felis tellus, egestas ac sagittis ut, faucibus et nulla. Mauris dignissim mauris ac elit scelerisque interdum. Ut sit amet velit sit amet tellus tristique lobortis at non diam. Sed rhoncus erat dignissim quam commodo facilisis vitae vitae mi. Nulla sollicitudin, erat id fermentum blandit, diam nulla aliquet purus, ut dictum mauris tortor sed mi. Mauris adipiscing blandit ligula vel gravida. Mauris volutpat suscipit purus sit amet ultricies. Praesent sapien diam, lacinia vel iaculis non, laoreet a quam. Nam mollis erat lacinia enim placerat mollis.\n\nUt nulla justo, facilisis sed fermentum tempor, tristique quis purus. Nunc erat elit, congue quis viverra a, aliquet eu nibh. Phasellus semper tempor tincidunt. Nam in purus quis tortor bibendum auctor ac a ipsum. Praesent porta, elit sit amet porta tincidunt, sem enim tincidunt elit, sed tincidunt justo magna at purus. Fusce libero odio, venenatis non consequat non, placerat vulputate quam. Pellentesque blandit nibh eget erat congue ornare. Maecenas malesuada, dui id egestas bibendum, ipsum purus dapibus turpis, ut tincidunt neque sem nec mi. Vivamus sit amet sodales tortor. Nulla libero odio, accumsan et interdum at, posuere vitae arcu.",
  "title": "Document 5-2-1-1",
  "__meta": {
    "updateId": -1810250440,
    "cdate": 1501428284440,
    "cuser": "cn=Al Mass,o=DARWINO",
    "mdate": 1501428303160,
    "replicaId": "85257FB8005090FB",
    "changes": "09ED",
    "muser": "cn=Al Mass,o=DARWINO",
    "seqId": 1
  }
}