{
  "form": "CompanyDocument",
  "_parentid": "784376B57FC97BBE8525816D0054AA21",
  "document": "Vestibulum quis mattis felis. Mauris nec magna eu metus gravida aliquet. Quisque a viverra lorem. Nulla facilisi. Cras nibh purus, luctus sit amet tempus in, condimentum vitae nibh. Curabitur a arcu at lectus convallis laoreet. Cras vel tortor massa. Mauris a molestie tellus. Proin mollis cursus arcu venenatis adipiscing. Sed adipiscing magna a ligula iaculis mattis. Nullam tempus molestie tortor, eu tempus ipsum ornare vel. Morbi sed augue eu massa pulvinar porttitor vitae id velit.\n\nUt eget ante at massa faucibus sollicitudin. Phasellus et consectetur leo. Suspendisse imperdiet libero sit amet mi accumsan rutrum. Nullam egestas est a purus euismod pretium. Phasellus mi ante, consequat nec fermentum eget, vehicula ac orci. Praesent tincidunt, lectus ac facilisis condimentum, nisl elit dapibus quam, sit amet rutrum orci mi sed diam. Mauris ipsum elit, fringilla et tempus a, auctor nec mi. Aliquam sagittis malesuada mi vitae placerat. Aenean dui magna, vehicula vestibulum rhoncus vel, sollicitudin ut est. Cras varius felis eget nisl venenatis eu facilisis dolor pellentesque. Nulla in nulla leo, non imperdiet sapien. Lorem ipsum dolor sit amet, consectetur adipiscing elit. Maecenas in dolor orci. Aenean condimentum magna in ligula dignissim vestibulum. Integer mauris erat, luctus id malesuada in, adipiscing et metus.\n\nQuisque venenatis nulla nec quam porttitor congue. Phasellus a est orci. Donec adipiscing orci vitae neque congue elementum. Nunc eu tincidunt est. Vestibulum rhoncus eros a neque ultrices consectetur. Morbi vitae elit nisl, rhoncus mollis velit. Sed facilisis scelerisque ligula, eget consequat lorem cursus ac. Etiam id eros eget velit cursus iaculis eu id leo. Vestibulum congue diam non nibh luctus sollicitudin. Curabitur condimentum imperdiet lacinia. Integer vel est arcu, iaculis consequat elit. Aenean sodales placerat varius. Nullam non tortor id velit feugiat dapibus congue luctus nulla.",
  "title": "Document 5-3-1-4",
  "__meta": {
    "updateId": -1810246280,
    "cdate": 1501428285830,
    "cuser": "cn=Al Mass,o=DARWINO",
    "mdate": 1501428307320,
    "replicaId": "85257FB8005090FB",
    "changes": "8zN7",
    "muser": "cn=Al Mass,o=DARWINO",
    "seqId": 1
  }
}