{
  "form": "CompanyDocument",
  "_parentid": "C944D79D333625B18525816D0054A80F",
  "document": "Morbi pharetra aliquam commodo. Integer cursus convallis fermentum. Maecenas pharetra ipsum sollicitudin metus pretium gravida. Nullam facilisis, magna vel sollicitudin facilisis, sem arcu mattis velit, at pretium purus elit at purus. Sed congue, felis ac aliquet vehicula, nisl sem varius odio, at volutpat nisl massa in velit. Sed condimentum magna sed velit ultricies placerat. Maecenas ac urna vel leo viverra pharetra. Nunc mattis, nisl non pretium consectetur, leo nisl molestie nunc, in rhoncus dui massa sed velit. Ut congue sodales faucibus. Praesent turpis sem, porta vel accumsan et, vulputate eu neque. Curabitur a erat sit amet felis volutpat fermentum non vitae velit. Suspendisse non nunc sed nisl porttitor pretium. Nulla luctus massa a lorem posuere hendrerit accumsan lacus auctor. Pellentesque habitant morbi tristique senectus et netus et malesuada fames ac turpis egestas.\n\nAenean leo ligula, consectetur vel congue vel, eleifend vitae magna. Morbi id massa quis nulla ultricies lacinia lacinia eget ante. Aenean porttitor quam nec velit tempus id posuere nisi tincidunt. Sed ligula magna, viverra at accumsan at, ornare et nisi. Nulla sodales elit eu arcu cursus fringilla eu sed elit. Nam sollicitudin vestibulum nulla, nec condimentum neque aliquam ut. Nulla et odio lectus. Aenean risus libero, egestas in porttitor quis, sollicitudin eget ligula. Morbi fermentum consequat sem, vel scelerisque enim tincidunt in. Aenean congue risus eget urna dapibus non sagittis felis porttitor. Praesent consectetur pulvinar libero in vehicula. Sed in nunc enim, at vehicula enim.\n\nSed sit amet felis a magna hendrerit cursus sed quis nibh. In gravida faucibus magna, vitae commodo orci laoreet et. Quisque viverra arcu quis ligula semper nec ultricies orci elementum. Nam sagittis tincidunt varius. Pellentesque non erat nec nulla consequat rhoncus. Phasellus pretium congue suscipit. Phasellus vel metus at nisl malesuada aliquam a sit amet magna. Nullam ac risus et magna pulvinar elementum eget ut metus. Donec eu dignissim est. Vivamus in mauris nisi. Praesent convallis ullamcorper augue a dapibus. Class aptent taciti sociosqu ad litora torquent per conubia nostra, per inceptos himenaeos. Mauris nulla risus, laoreet id rutrum a, pretium ut urna. Fusce porttitor ultricies lectus sed lacinia. Mauris quis massa sit amet sem vulputate malesuada.\n\nMaecenas dapibus sem quis dolor lacinia eu scelerisque tellus egestas. Integer a augue orci. Proin suscipit libero non odio tincidunt imperdiet. Ut sed lorem nisl, nec auctor lorem. Phasellus et tristique libero. Fusce porttitor dolor eget nisl pellentesque non malesuada metus vestibulum. Etiam semper velit ac eros viverra porttitor. Curabitur vel leo a risus venenatis scelerisque. Aenean congue vestibulum porttitor. Mauris sit amet nunc enim, ac facilisis dolor. Class aptent taciti sociosqu ad litora torquent per conubia nostra, per inceptos himenaeos. Donec nec tortor orci, id tempus turpis. Quisque lobortis turpis non nunc mollis nec placerat dolor vestibulum. Pellentesque dictum tortor quis arcu cursus at tincidunt justo rutrum. Class aptent taciti sociosqu ad litora torquent per conubia nostra, per inceptos himenaeos.",
  "title": "Document 1-2-2-1-3",
  "__meta": {
    "updateId": -1810262240,
    "cdate": 1501428280500,
    "cuser": "cn=Al Mass,o=DARWINO",
    "mdate": 1501428291360,
    "replicaId": "85257FB8005090FB",
    "changes": "eMfC",
    "muser": "cn=Al Mass,o=DARWINO",
    "seqId": 1
  }
}