{
  "form": "CompanyDocument",
  "_parentid": "2DCBF5E926492DC18525816D0054B341",
  "document": "Duis pulvinar mi at metus venenatis ac sodales nibh sollicitudin. Fusce varius dictum velit, porttitor posuere dui facilisis ut. Suspendisse fringilla lacinia purus non bibendum. Sed hendrerit eleifend ipsum sit amet scelerisque. Phasellus pellentesque leo vitae ante mattis fermentum. Morbi in elit a risus accumsan tempus. Mauris sagittis metus a ligula porta placerat. Etiam vulputate venenatis lacus, vitae mollis ipsum sollicitudin eget. Maecenas sit amet magna nunc. Sed fringilla ornare ullamcorper. Donec id lectus nulla. Quisque dolor dui, tincidunt at auctor a, tempor sit amet dolor. Nulla risus diam, feugiat eget porta vel, blandit eu nibh.\n\nEtiam vitae tincidunt lacus. Nam ac felis et purus sagittis pretium ut nec metus. Suspendisse nisl dolor, tempus at ultrices a, lacinia congue metus. Nulla tempor euismod consectetur. Donec sed mi eu magna consectetur eleifend sit amet vel magna. Proin aliquet leo vel nisi malesuada non adipiscing odio semper. Morbi id velit at eros venenatis cursus. Aenean id augue non neque pharetra iaculis et non risus. Vestibulum ante ipsum primis in faucibus orci luctus et ultrices posuere cubilia Curae; Ut pulvinar sollicitudin ligula, ullamcorper egestas leo pellentesque in. Integer elementum dui et leo gravida ornare. Suspendisse laoreet, mi at posuere fringilla, nisi tellus scelerisque elit, vel imperdiet nunc ipsum in purus. Quisque convallis, mi id placerat accumsan, ligula enim cursus metus, sit amet molestie sapien enim eget nibh. Aenean sagittis sollicitudin malesuada. Suspendisse potenti. Suspendisse vel massa id justo fermentum facilisis at in nunc. Nam sed quam risus, a dictum sem. Integer porttitor risus nec nisi aliquet semper. Cras ultrices magna ac metus eleifend mattis.\n\nNullam semper libero vel risus aliquet vel tincidunt justo convallis. Class aptent taciti sociosqu ad litora torquent per conubia nostra, per inceptos himenaeos. Fusce vel mauris nunc. Vestibulum pharetra ligula sit amet est hendrerit fringilla. Cras volutpat metus quis massa sodales pellentesque. Pellentesque habitant morbi tristique senectus et netus et malesuada fames ac turpis egestas. Nam congue eleifend tortor, vitae facilisis massa porttitor ac. Etiam ut dui mauris, sagittis congue leo. Sed aliquam aliquet mauris ac gravida. Phasellus elementum mattis magna vitae tristique.\n\nSed ut nibh massa, a auctor eros. Suspendisse viverra ante ac purus consequat vel sagittis odio luctus. Nulla facilisi. Curabitur cursus, erat adipiscing aliquet ornare, leo velit tincidunt leo, in laoreet est tellus eget elit. Fusce libero dui, faucibus vel sollicitudin vel, dignissim et turpis. Vestibulum in turpis quam. Quisque nulla augue, bibendum in auctor id, tristique ac leo. Suspendisse magna ligula, venenatis eu tincidunt sit amet, sollicitudin eu dui. Maecenas sit amet nisl fringilla nisi tempor varius laoreet non ante. Maecenas pulvinar, nibh non volutpat lacinia, lorem ante suscipit massa, eu tristique est lorem rutrum enim. Nullam magna dui, rhoncus eget molestie ut, accumsan sagittis magna. Donec tempus fringilla elementum. Mauris ultricies interdum justo, vel imperdiet nisl varius ac. Curabitur non mauris quis augue dignissim consequat. Aliquam justo neque, posuere ac placerat ac, sagittis non mauris. Sed molestie, massa non venenatis condimentum, felis mauris placerat orci, non commodo eros nisi non neque. Nullam neque orci, congue sed mollis et, aliquam at massa. Proin mollis vulputate massa porta congue.",
  "title": "Document 5-1-4-1-1",
  "__meta": {
    "updateId": -1810176460,
    "cdate": 1501428309140,
    "cuser": "cn=Al Mass,o=DARWINO",
    "mdate": 1501428377140,
    "replicaId": "85257FB8005090FB",
    "changes": "gYJW",
    "muser": "cn=Al Mass,o=DARWINO",
    "seqId": 1
  }
}