{
  "form": "CompanyDocument",
  "_parentid": "52774E8DE89B428D8525816D0054ADAB",
  "document": "Pellentesque tempor dapibus iaculis. Vestibulum ante ipsum primis in faucibus orci luctus et ultrices posuere cubilia Curae; Vestibulum ante ipsum primis in faucibus orci luctus et ultrices posuere cubilia Curae; Proin convallis diam ac erat ornare interdum. Nam quam mauris, auctor sed cursus fermentum, dictum nec elit. Ut est ante, pellentesque eget accumsan a, lobortis consequat tellus. Mauris aliquet, nibh in mattis accumsan, nulla augue adipiscing quam, vestibulum sodales sapien odio ac diam. Nullam urna metus, egestas at consectetur id, tempor at nisi. Suspendisse aliquet scelerisque aliquam. Cras varius ante eu enim malesuada tristique. In euismod aliquet varius. Sed ac libero erat.",
  "title": "Document 5-1-1-2-2",
  "__meta": {
    "updateId": -1810219260,
    "cdate": 1501428294850,
    "cuser": "cn=Al Mass,o=DARWINO",
    "mdate": 1501428334340,
    "replicaId": "85257FB8005090FB",
    "changes": "T0Fz",
    "muser": "cn=Al Mass,o=DARWINO",
    "seqId": 1
  }
}