{
  "form": "CompanyDocument",
  "_parentid": "B4F4486122CE2A178525816D0054A8FF",
  "document": "Suspendisse vel nulla ac arcu ultrices pretium. Sed laoreet arcu non felis convallis ut aliquam ipsum tincidunt. Vestibulum non urna luctus metus ullamcorper dignissim sed vitae mi. Aliquam vestibulum nisi ut dolor eleifend faucibus. Praesent ut nisi in purus dapibus fringilla vel a neque. Nunc sed arcu at dui euismod rutrum. Nullam est quam, interdum eget gravida id, malesuada ac ligula. Suspendisse aliquam ante in tortor ullamcorper elementum. Vestibulum pretium lacus vel justo scelerisque blandit. Mauris in erat sit amet libero pulvinar auctor vitae quis dui. Etiam euismod, nisi at pretium egestas, massa justo placerat lectus, a molestie velit dolor a tortor. Duis nec nulla tortor, quis vulputate nisi. Vestibulum eget lectus nisl, vitae rhoncus ligula. Donec ultricies euismod tempor. Donec sit amet orci erat, quis interdum mauris. Pellentesque habitant morbi tristique senectus et netus et malesuada fames ac turpis egestas. Duis tristique semper facilisis.\n\nSuspendisse ullamcorper auctor urna ornare gravida. In turpis lectus, ornare vitae placerat at, sollicitudin sed nibh. In laoreet augue vel lorem sagittis volutpat. Donec laoreet dignissim ante vitae vulputate. Nam at elit felis, ut pellentesque magna. Mauris quis nunc felis. Quisque imperdiet adipiscing velit, non placerat neque interdum eu. Duis vulputate iaculis varius. Integer felis nisl, commodo quis tempor nec, tristique quis augue. Nulla facilisi.\n\nProin a nunc diam, a faucibus dui. Curabitur tincidunt erat in mauris dignissim imperdiet. Morbi lacinia gravida augue sit amet elementum. Ut mattis, purus ut viverra consequat, justo nulla tristique lacus, a ultrices enim purus sed orci. Praesent est ante, pulvinar tempor dictum et, rhoncus ultricies libero. Fusce mauris nisi, suscipit non scelerisque quis, lobortis congue dui. Donec luctus placerat tellus, id laoreet arcu accumsan quis. Nullam ullamcorper porttitor pulvinar. Quisque lorem nibh, dictum ut tincidunt nec, sollicitudin in leo. Aenean libero erat, venenatis quis scelerisque nec, gravida ut purus. Vivamus sed libero sit amet leo pellentesque viverra eu eu tortor. In massa elit, pharetra vel lobortis id, consequat a lectus. Vivamus tincidunt viverra neque id dictum. Morbi vitae est tortor. Pellentesque habitant morbi tristique senectus et netus et malesuada fames ac turpis egestas. Sed non magna purus, et gravida nulla.\n\nNam vehicula, nibh ac ultrices eleifend, odio lacus rhoncus justo, vitae consectetur eros ipsum non turpis. Vivamus placerat tristique sem. Cras malesuada odio non nibh rhoncus sed viverra dolor feugiat. Aliquam ligula purus, vehicula accumsan cursus non, scelerisque et enim. Nullam eget lorem augue. Praesent vel dui nulla. Fusce ac pulvinar enim. Aenean interdum, lorem et accumsan congue, mi mi sodales leo, ut eleifend metus nisi vitae purus. Etiam vel velit elit, ut pellentesque est. Ut eleifend quam eu elit suscipit dapibus. Duis in odio et nulla elementum mattis. Aliquam erat volutpat. Nullam sit amet eros lorem, ac pretium urna. Maecenas tempor venenatis nibh, eu fringilla orci posuere id. Vestibulum est est, sodales ut feugiat mattis, condimentum id nulla. Fusce sem erat, dapibus eu ultricies sit amet, tempor a tellus. Phasellus a consequat lectus.",
  "title": "Document 1-2-3-2",
  "__meta": {
    "updateId": -1810255060,
    "cdate": 1501428282900,
    "cuser": "cn=Al Mass,o=DARWINO",
    "mdate": 1501428298540,
    "replicaId": "85257FB8005090FB",
    "changes": "YMOX",
    "muser": "cn=Al Mass,o=DARWINO",
    "seqId": 1
  }
}