{
  "form": "CompanyDocument",
  "_parentid": "48AA350ED312EEC48525816D0054B559",
  "document": "Quisque venenatis nulla nec quam porttitor congue. Phasellus a est orci. Donec adipiscing orci vitae neque congue elementum. Nunc eu tincidunt est. Vestibulum rhoncus eros a neque ultrices consectetur. Morbi vitae elit nisl, rhoncus mollis velit. Sed facilisis scelerisque ligula, eget consequat lorem cursus ac. Etiam id eros eget velit cursus iaculis eu id leo. Vestibulum congue diam non nibh luctus sollicitudin. Curabitur condimentum imperdiet lacinia. Integer vel est arcu, iaculis consequat elit. Aenean sodales placerat varius. Nullam non tortor id velit feugiat dapibus congue luctus nulla.\n\nDonec at magna lectus. Vestibulum placerat magna vitae nibh placerat rhoncus. Vestibulum lobortis hendrerit nibh eget tristique. Integer vestibulum erat quis quam facilisis ut euismod mi luctus. Maecenas mollis faucibus ligula vel convallis. Praesent commodo purus at sapien aliquam vel lacinia eros accumsan. Nulla ligula magna, condimentum vulputate porta in, dictum vel sapien. Nunc nec neque in turpis dapibus luctus. Aenean mauris sapien, feugiat sit amet lacinia id, molestie id nunc. Mauris eget malesuada nibh. Praesent elementum bibendum pulvinar. Maecenas lobortis purus eu massa hendrerit tristique. Maecenas vel ipsum sem, ultrices hendrerit nunc. Etiam cursus porta odio, id ullamcorper turpis accumsan at.\n\nMauris et ipsum magna. Proin fermentum elementum neque, a pretium leo sollicitudin et. Etiam id velit odio. Aenean tincidunt, neque in feugiat ornare, metus arcu lobortis est, scelerisque lacinia mi erat eget est. Suspendisse aliquet mollis scelerisque. Duis pretium pellentesque molestie. Vivamus vel massa ut lacus consequat vehicula sit amet at lacus. Aenean eleifend metus lectus. Sed venenatis placerat elit, eget molestie nisl vulputate nec. Nullam suscipit, felis id ornare gravida, arcu velit aliquam ante, auctor vestibulum neque lorem eu mi. Nulla gravida elementum lacus, sit amet ullamcorper mauris tincidunt a. Morbi nec ultrices velit. Curabitur nec odio nisl, eget pretium turpis.",
  "title": "Document 2-3-4-1",
  "__meta": {
    "updateId": -1810160410,
    "cdate": 1501428314500,
    "cuser": "cn=Al Mass,o=DARWINO",
    "mdate": 1501428393190,
    "replicaId": "85257FB8005090FB",
    "changes": "yM53",
    "muser": "cn=Al Mass,o=DARWINO",
    "seqId": 1
  }
}