{
  "form": "CompanyDocument",
  "_parentid": "A92F99EBBBB8D1B78525816D0054AAF7",
  "document": "Suspendisse metus purus, sagittis eu pharetra eget, sollicitudin eget erat. Suspendisse sed quam vel est aliquet pretium. Nam viverra lacus eget enim elementum id commodo dolor tempus. Donec interdum ullamcorper tempor. Ut eu consectetur nulla. Aenean sed ante ac urna posuere facilisis. Phasellus sed lectus felis, vel venenatis lorem. Sed leo diam, aliquet consequat aliquam id, tincidunt varius mi. Maecenas pellentesque dolor eu tellus venenatis adipiscing. Donec viverra placerat magna sed vulputate. Etiam malesuada purus nec nisl scelerisque sit amet semper ipsum sodales. Vestibulum a magna urna, sit amet sagittis metus. Aenean magna ante, consequat sodales tristique non, elementum in mauris. Morbi luctus laoreet urna, non hendrerit diam tempor sit amet. Ut tempor, enim id tempor consequat, nisi turpis posuere elit, at aliquet mi elit nec massa. Phasellus cursus volutpat neque, quis facilisis diam adipiscing eget. Nunc velit augue, ornare non elementum in, lacinia quis urna. Aliquam erat volutpat. Donec eu enim quis ipsum consequat ultricies. Aliquam id pharetra quam.\n\nAenean aliquet iaculis quam sit amet semper. Sed in justo vitae ipsum blandit bibendum. Proin lobortis, enim a tempus ornare, ipsum ipsum porttitor turpis, non sodales elit justo nec eros. Pellentesque orci nibh, sodales id dictum eu, bibendum a tortor. Suspendisse potenti. Vivamus laoreet semper egestas. Aenean nisi urna, consequat et dictum sed, rhoncus sed dolor. Cras pretium fringilla lobortis. Sed leo lacus, aliquam nec adipiscing in, tempus bibendum purus. Sed hendrerit nibh ac erat ultrices varius. Pellentesque id scelerisque orci. Nulla tristique placerat tristique. Curabitur ullamcorper, libero in posuere porttitor, odio urna feugiat magna, quis pulvinar orci neque id urna. Ut volutpat sem in lectus fermentum sed iaculis elit tincidunt. Integer quam lorem, eleifend at convallis accumsan, commodo posuere dolor. Integer consectetur purus ut nisi sagittis consequat. Pellentesque facilisis pretium neque nec feugiat.",
  "title": "Document 1-2-1",
  "__meta": {
    "updateId": -1810240030,
    "cdate": 1501428287920,
    "cuser": "cn=Al Mass,o=DARWINO",
    "mdate": 1501428313570,
    "replicaId": "85257FB8005090FB",
    "changes": "JLad",
    "muser": "cn=Al Mass,o=DARWINO",
    "seqId": 1
  }
}