{
  "form": "CompanyDocument",
  "_parentid": "4586EC485AAF9FE88525816D0054AA48",
  "document": "Aliquam erat volutpat. Nam hendrerit bibendum libero, eu pellentesque nulla tempor vitae. Duis bibendum felis a dui gravida porttitor in vel ante. Nam quis metus nec ante feugiat sodales at id orci. Cras semper nisi blandit tellus cursus rhoncus. Maecenas sed lacus ut metus euismod interdum. Phasellus vulputate facilisis nisi quis pulvinar. Morbi a erat eget quam accumsan egestas. Class aptent taciti sociosqu ad litora torquent per conubia nostra, per inceptos himenaeos. Vivamus non luctus felis. Quisque sit amet sapien vitae augue gravida ullamcorper. Pellentesque hendrerit nulla sit amet felis bibendum ac blandit est dignissim. Phasellus vel rutrum metus. Donec egestas eleifend varius. Nunc consequat interdum blandit. Cum sociis natoque penatibus et magnis dis parturient montes, nascetur ridiculus mus. Phasellus fermentum posuere mattis. Nulla in leo vel velit mollis porta a vitae nisl. Donec malesuada, justo ac sodales aliquet, quam neque lacinia elit, vitae dapibus sem mauris a turpis. Cras non leo elit.",
  "title": "Document 1-2",
  "__meta": {
    "updateId": -1810244850,
    "cdate": 1501428286310,
    "cuser": "cn=Al Mass,o=DARWINO",
    "mdate": 1501428308750,
    "replicaId": "85257FB8005090FB",
    "changes": "Syti",
    "muser": "cn=Al Mass,o=DARWINO",
    "seqId": 1
  }
}