{
  "form": "CompanyDocument",
  "_parentid": "9661E5EF1C5EE0A58525816D0054A7EA",
  "document": "Curabitur augue metus, vestibulum a pharetra sit amet, accumsan ac neque. Aliquam adipiscing massa at nunc dictum malesuada. Morbi orci magna, sodales sit amet consectetur ut, gravida id dolor. Donec dignissim volutpat nisi, ut pretium nibh viverra vel. Pellentesque habitant morbi tristique senectus et netus et malesuada fames ac turpis egestas. Aliquam vehicula sodales nulla. Aliquam erat volutpat. Aliquam dapibus interdum porta. Nullam interdum tortor non diam sollicitudin blandit. Phasellus pellentesque luctus ornare. Vivamus pretium, diam sed molestie viverra, orci arcu blandit sem, sit amet consectetur velit ligula sed tellus. Integer iaculis ligula interdum enim dignissim in vestibulum est posuere. Fusce est enim, tristique in rhoncus sed, convallis eu enim. Vestibulum ante ipsum primis in faucibus orci luctus et ultrices posuere cubilia Curae; Phasellus aliquam porttitor est porttitor dictum. Aliquam erat volutpat. Duis porta volutpat sem vitae porta. Pellentesque massa dolor, tempor in porttitor ornare, congue sed enim. Nulla at nibh id dolor egestas sodales tincidunt ac orci.\n\nPraesent vitae metus ac nulla varius scelerisque vitae et justo. Suspendisse egestas, tellus a interdum malesuada, turpis eros sodales justo, vel auctor ligula sapien eget magna. Aliquam consectetur tristique pretium. Fusce tortor ante, varius tincidunt sodales ut, fermentum a erat. Pellentesque molestie consectetur mauris. Curabitur fermentum sapien sit amet nunc blandit pretium. Vivamus bibendum nisi in tellus vehicula eget pretium arcu sollicitudin. Nam iaculis nulla sed arcu congue interdum. Suspendisse libero eros, condimentum eget iaculis ut, pharetra sed dui. Vestibulum nunc lacus, faucibus id pulvinar a, cursus non purus. Nam sed varius purus.\n\nMaecenas ac mi nulla, ac condimentum tellus. Vivamus turpis turpis, lacinia eu dictum nec, iaculis et purus. Quisque eu vestibulum mi. Morbi sed nisi sapien, vel tempus odio. Ut vitae lacinia velit. Pellentesque eros ante, imperdiet nec mollis vel, aliquam quis velit. Pellentesque quam nibh, feugiat non sollicitudin a, tristique ut nunc. Ut semper aliquam dolor, vel venenatis lectus cursus et. Proin malesuada laoreet tellus, vitae congue lorem suscipit et. In pharetra dignissim aliquet. Fusce pharetra placerat enim, sit amet bibendum quam mollis at. Aliquam nec adipiscing odio. Aenean eget purus lorem, a pulvinar lorem. Cras at tempor tortor. Morbi augue nunc, egestas in semper vel, fermentum tincidunt eros.",
  "title": "Document 1-1-2-2",
  "__meta": {
    "updateId": -1810263320,
    "cdate": 1501428280140,
    "cuser": "cn=Al Mass,o=DARWINO",
    "mdate": 1501428290280,
    "replicaId": "85257FB8005090FB",
    "changes": "uTT8",
    "muser": "cn=Al Mass,o=DARWINO",
    "seqId": 1
  }
}