{
  "form": "CompanyDocument",
  "_parentid": "E1EA262168E3C0188525816D0054B01A",
  "document": "In eget quam dui. Praesent fermentum semper iaculis. Vivamus at justo orci. Pellentesque dignissim nibh eu nisl dictum interdum. Nulla sollicitudin nisl non metus ullamcorper malesuada. Ut venenatis pellentesque ipsum non consectetur. Sed et nisi orci, id aliquet elit. Vestibulum eu justo velit, vel dignissim nibh. Cras hendrerit, leo eu condimentum viverra, urna odio sagittis libero, sit amet tempor erat dolor non augue. Aenean quam diam, viverra ut vehicula in, ultrices in augue. Quisque vehicula dapibus tortor, sit amet rhoncus neque feugiat ut. Nulla facilisi. Praesent rhoncus magna in libero fermentum convallis. Sed cursus dui id felis egestas a elementum magna hendrerit. Suspendisse ac ante metus. Nam ipsum elit, commodo bibendum lobortis dapibus, vehicula ut eros. Sed risus felis, cursus sed dignissim a, gravida eget lorem. Morbi ante lacus, sollicitudin a gravida id, ornare et velit.\n\nCras convallis molestie elit, euismod pharetra nulla aliquet non. Vestibulum rutrum ornare nulla, ac tempor magna euismod at. Pellentesque vel felis ac lorem pharetra laoreet. Nulla lacus lectus, lobortis sit amet dictum ut, sollicitudin sit amet enim. In hac habitasse platea dictumst. Aenean dignissim, tellus at mattis hendrerit, tortor risus commodo dui, ac dapibus libero ipsum eget mi. Mauris semper cursus lectus ut egestas. Donec nec sapien eget quam consectetur commodo eget at est. Aliquam sit amet nulla metus. In hac habitasse platea dictumst. Proin risus purus, fermentum vel dictum vitae, suscipit ac quam.",
  "title": "Document 1-2",
  "__meta": {
    "updateId": -1810200600,
    "cdate": 1501428301080,
    "cuser": "cn=Al Mass,o=DARWINO",
    "mdate": 1501428353000,
    "replicaId": "85257FB8005090FB",
    "changes": "p9lt",
    "muser": "cn=Al Mass,o=DARWINO",
    "seqId": 1
  }
}