{
  "form": "CompanyDocument",
  "_parentid": "4AC3844C20D3B13F8525816D0054AD2E",
  "document": "Nullam tempus ante quis eros egestas ut rutrum sem consequat. In laoreet pellentesque tempus. Integer mauris elit, sagittis sit amet hendrerit vel, placerat sit amet turpis. Fusce tempor mattis sem, ac molestie nulla iaculis id. Phasellus vel neque sem. Maecenas vehicula scelerisque risus condimentum viverra. Praesent et magna dolor, at varius nisi. Sed facilisis rhoncus nunc ut semper. In hac habitasse platea dictumst. Pellentesque lobortis lorem et velit consequat a mollis tellus convallis. Pellentesque tempus ipsum et ante vehicula egestas. Nam turpis augue, volutpat sagittis tincidunt non, fermentum nec quam. Nam blandit ligula quis justo vestibulum porta. Donec vel commodo augue.\n\nVestibulum arcu mauris, imperdiet eget semper vitae, lobortis eget quam. Quisque pharetra, erat et consequat pulvinar, enim urna viverra arcu, vitae porta massa odio eget nibh. In in purus adipiscing sapien porttitor imperdiet eu non risus. Suspendisse eu orci in nibh mollis fringilla. Aenean et porttitor ante. Integer diam dui, consequat ac hendrerit in, tristique a magna. Quisque vitae ante id lacus bibendum aliquam. Suspendisse tincidunt suscipit elementum. Phasellus nec lorem ac leo auctor molestie id id felis. Integer varius, metus id consectetur dapibus, arcu turpis porttitor urna, at sodales quam dui at nisl. Morbi id lorem sed tortor sollicitudin adipiscing commodo eu dolor. Sed gravida cursus lectus sed viverra. Proin sit amet lorem a ipsum imperdiet hendrerit. Nullam diam libero, tincidunt ac vestibulum in, molestie nec velit. Vestibulum ante ipsum primis in faucibus orci luctus et ultrices posuere cubilia Curae; Morbi ut ligula et urna porttitor dictum euismod commodo risus. Nullam volutpat, dui in aliquet vulputate, nisl ipsum elementum est, eget ornare tellus massa vitae ante. Suspendisse ut lorem tortor, ac tempor enim. Nunc adipiscing fringilla placerat.\n\nFusce ac erat nec sem auctor lacinia. Cum sociis natoque penatibus et magnis dis parturient montes, nascetur ridiculus mus. Donec accumsan commodo commodo. Duis sit amet enim dolor. Aenean vitae augue ut dolor bibendum semper ut nec justo. Nullam adipiscing adipiscing metus. Nunc eget nisl in nibh mollis hendrerit sed eu leo. Ut gravida massa vitae purus molestie scelerisque. Aliquam adipiscing viverra massa. Quisque et eros ipsum, nec condimentum nunc.\n\nPhasellus ac sapien hendrerit quam dictum viverra non eget massa. Aliquam aliquam risus quis eros luctus tincidunt. Nulla at nisl quam, ultricies semper quam. Cras congue sagittis turpis, et ornare ipsum interdum nec. Sed pharetra aliquam gravida. Aliquam dictum est vel ligula euismod hendrerit. In hac habitasse platea dictumst. Nam in nisi arcu. Etiam non tellus mi. Aenean quis facilisis erat. Aenean suscipit, nisl viverra placerat porttitor, risus enim volutpat lectus, non consectetur tortor velit in nisi. In convallis consequat nulla vel bibendum. Morbi in magna tellus, eu tristique tortor. Maecenas interdum mauris vel orci pellentesque vestibulum. Donec hendrerit sollicitudin velit, vitae pellentesque felis bibendum eu. Cras diam massa, vestibulum faucibus vestibulum vel, tempor sit amet felis. Vivamus sit amet diam elit. Donec mauris diam, tincidunt a lobortis a, eleifend luctus eros. Nunc eget nibh metus, nec tincidunt nisl.",
  "title": "Document 3-1-2-2-2",
  "__meta": {
    "updateId": -1810223010,
    "cdate": 1501428293600,
    "cuser": "cn=Al Mass,o=DARWINO",
    "mdate": 1501428330590,
    "replicaId": "85257FB8005090FB",
    "changes": "IMpV",
    "muser": "cn=Al Mass,o=DARWINO",
    "seqId": 1
  }
}