{
  "form": "CompanyDocument",
  "_parentid": "2D76429BB33D6ECC8525816D0054B4D5",
  "document": "Morbi dui ligula, tincidunt eget feugiat ut, malesuada non mi. Pellentesque nisi lectus, fermentum in dignissim vitae, sodales vitae magna. Donec ut mauris turpis, in sollicitudin urna. Suspendisse vitae lobortis eros. Fusce varius arcu sed diam rutrum consectetur. Sed vitae urna quam, ac facilisis ligula. Ut sagittis vestibulum elementum. Sed quis ligula in urna bibendum elementum sed eu tellus. Phasellus hendrerit elit eget sem rhoncus adipiscing. Phasellus venenatis, mauris sit amet volutpat condimentum, leo tellus commodo est, sit amet lobortis arcu turpis non orci. Duis cursus dapibus est, sit amet porta augue fermentum ut. Vivamus mollis volutpat elit, nec tristique purus tristique sit amet. Nullam dignissim sodales tellus mattis commodo. Aliquam gravida eleifend porttitor. Fusce eu lacus euismod ipsum consectetur volutpat a at elit. Phasellus tellus odio, condimentum sit amet aliquet ac, ultricies a ipsum. Donec sodales nibh eu nibh sagittis in commodo tortor cursus. In hac habitasse platea dictumst. Sed neque sem, fringilla sit amet gravida sed, pretium id quam. Curabitur vitae nisl felis.\n\nDonec sed quam sem, a ullamcorper tortor. Sed porta convallis metus id mollis. Integer luctus rutrum tellus et imperdiet. Suspendisse nec dolor non augue luctus fermentum a ac magna. Pellentesque habitant morbi tristique senectus et netus et malesuada fames ac turpis egestas. Aenean rhoncus orci ac dolor suscipit nec auctor odio scelerisque. Etiam nunc augue, dignissim vitae placerat ac, pulvinar id arcu. Fusce in sapien a ipsum semper pellentesque. Aliquam erat volutpat. Maecenas eget ligula sit amet enim eleifend viverra id et libero. In enim massa, interdum vitae hendrerit vitae, dignissim ut lectus.",
  "title": "Document 2-1-1-2-1",
  "__meta": {
    "updateId": -1810164360,
    "cdate": 1501428313180,
    "cuser": "cn=Al Mass,o=DARWINO",
    "mdate": 1501428389240,
    "replicaId": "85257FB8005090FB",
    "changes": "fCdg",
    "muser": "cn=Al Mass,o=DARWINO",
    "seqId": 1
  }
}