{
  "form": "CompanyDocument",
  "_parentid": "190C576D30DC644D8525816D0054A609",
  "document": "Mauris vel diam vel velit consequat imperdiet. In tincidunt faucibus bibendum. Curabitur tellus enim, mollis ut dapibus laoreet, posuere in metus. Nam vel est mauris, vel cursus sem. Nullam imperdiet pulvinar nulla in commodo. Pellentesque ac ligula in ipsum tempor sollicitudin. Donec eget justo neque. Nulla facilisi. Fusce commodo lacinia tellus dictum pulvinar. In dui justo, placerat eget eleifend vehicula, viverra vitae augue. Fusce sollicitudin mi vel est facilisis pulvinar. Praesent urna lorem, varius a posuere eget, sagittis at mauris. Donec et erat turpis, non bibendum magna. Vestibulum ac eros lacus. Nam tristique leo ac orci placerat porttitor. Vestibulum a erat nec est tempus consequat et id sem. Ut vitae massa nisi. Phasellus feugiat blandit lacus, eget imperdiet lorem vestibulum a.\n\nPraesent eget velit nunc. Donec consequat facilisis ultrices. Donec euismod risus quis eros eleifend venenatis. Nunc in lacus dolor, sit amet placerat tortor. Phasellus porttitor egestas nibh ut malesuada. Maecenas enim augue, malesuada a bibendum et, euismod ut diam. Quisque nunc sem, laoreet vel tincidunt eu, bibendum in nisi. Maecenas rhoncus ipsum eu diam volutpat dignissim. Nulla viverra augue ac velit pellentesque in malesuada nisl hendrerit. Etiam in pharetra nisl. Vestibulum egestas volutpat ligula vel venenatis. Nullam mollis gravida quam eget bibendum. Nunc consequat suscipit tincidunt. Proin varius arcu eget ligula pharetra sed vehicula quam vulputate.\n\nAliquam nibh orci, accumsan ornare posuere quis, luctus pharetra tortor. Duis scelerisque neque quis ligula posuere tempus ac non urna. Nulla sed fringilla dui. In eget nisl urna, a ullamcorper magna. Class aptent taciti sociosqu ad litora torquent per conubia nostra, per inceptos himenaeos. Praesent porttitor scelerisque neque, non laoreet nisi adipiscing ut. Suspendisse potenti. Donec ultrices turpis nec sapien dapibus id porttitor turpis accumsan. Proin ultrices rhoncus lectus, at pretium nisl lobortis sit amet. Aliquam ut ligula iaculis risus pretium hendrerit vitae feugiat dolor. Duis eget nulla elit. Donec posuere tempus felis, ut vestibulum magna euismod at. Etiam nec nisl et turpis pellentesque posuere eu id orci. Integer neque felis, semper mollis vehicula at, ornare facilisis eros. Pellentesque habitant morbi tristique senectus et netus et malesuada fames ac turpis egestas. Aliquam mollis mollis purus sed viverra.\n\nCras nibh metus, adipiscing ut interdum id, sagittis quis nibh. Donec id arcu ipsum. Class aptent taciti sociosqu ad litora torquent per conubia nostra, per inceptos himenaeos. Class aptent taciti sociosqu ad litora torquent per conubia nostra, per inceptos himenaeos. Lorem ipsum dolor sit amet, consectetur adipiscing elit. Integer rutrum luctus molestie. Proin interdum aliquam neque, id tristique sapien volutpat et. In hac habitasse platea dictumst. Nullam bibendum cursus dapibus. Lorem ipsum dolor sit amet, consectetur adipiscing elit. Suspendisse augue velit, cursus eu rhoncus non, pharetra at elit. Aenean sed velit mauris. Nunc laoreet purus a felis cursus vel cursus eros suscipit. Maecenas risus lorem, pretium sit amet porta in, volutpat sed dolor. Integer in laoreet est. Quisque pulvinar felis dictum mauris suscipit at suscipit nisi laoreet.",
  "title": "Document 2-1-3-1-4",
  "__meta": {
    "updateId": -1810277720,
    "cdate": 1501428275330,
    "cuser": "cn=Al Mass,o=DARWINO",
    "mdate": 1501428275880,
    "replicaId": "85257FB8005090FB",
    "changes": "sKG5",
    "muser": "cn=Al Mass,o=DARWINO",
    "seqId": 1
  }
}