{
  "form": "CompanyDocument",
  "_parentid": "3F9426534666E5728525816D0054AB20",
  "document": "Nullam venenatis arcu in nunc mattis interdum. Vivamus ut facilisis velit. Sed vitae rutrum elit. Praesent vel urna vel nisl faucibus euismod nec ac nulla. Mauris mattis, tortor vel placerat facilisis, erat dolor luctus turpis, nec facilisis sapien enim at sapien. Suspendisse potenti. Pellentesque vestibulum nunc a tortor interdum quis congue nisl tincidunt. Maecenas vel nibh nec ligula vulputate scelerisque a eu arcu. In et bibendum nisi. Nulla laoreet imperdiet magna, ut ornare orci dapibus sed. Sed et urna lacus. Praesent id nulla commodo diam rhoncus consequat. Pellentesque rutrum lacinia libero, ut cursus nisl faucibus non. Pellentesque nibh risus, ultricies sit amet hendrerit et, viverra sed nulla.\n\nUt eget ante at massa faucibus sollicitudin. Phasellus et consectetur leo. Suspendisse imperdiet libero sit amet mi accumsan rutrum. Nullam egestas est a purus euismod pretium. Phasellus mi ante, consequat nec fermentum eget, vehicula ac orci. Praesent tincidunt, lectus ac facilisis condimentum, nisl elit dapibus quam, sit amet rutrum orci mi sed diam. Mauris ipsum elit, fringilla et tempus a, auctor nec mi. Aliquam sagittis malesuada mi vitae placerat. Aenean dui magna, vehicula vestibulum rhoncus vel, sollicitudin ut est. Cras varius felis eget nisl venenatis eu facilisis dolor pellentesque. Nulla in nulla leo, non imperdiet sapien. Lorem ipsum dolor sit amet, consectetur adipiscing elit. Maecenas in dolor orci. Aenean condimentum magna in ligula dignissim vestibulum. Integer mauris erat, luctus id malesuada in, adipiscing et metus.\n\nSed nec leo nec sem hendrerit dapibus vitae non dui. Nunc nec mattis nisi. Ut lobortis lobortis purus, eu interdum nibh pulvinar nec. Suspendisse volutpat nibh vitae orci tincidunt eget porttitor velit volutpat. Vivamus at massa libero, eget commodo purus. Nunc sed turpis purus. Pellentesque lobortis, massa aliquam semper imperdiet, mauris velit elementum nunc, ut dapibus tellus leo sed felis. Sed quis orci in diam rutrum venenatis ac et massa. Nulla facilisi. Mauris cursus pellentesque condimentum. Cras id odio quis ligula ornare rhoncus sed at leo. Fusce pellentesque egestas ligula, sed rutrum nulla mollis vitae. Suspendisse vel elit ut lorem venenatis facilisis ut vitae quam. Nunc at massa ligula, at ultrices quam. Vestibulum accumsan nulla in sem aliquet id suscipit augue dapibus.\n\nMorbi dui ligula, tincidunt eget feugiat ut, malesuada non mi. Pellentesque nisi lectus, fermentum in dignissim vitae, sodales vitae magna. Donec ut mauris turpis, in sollicitudin urna. Suspendisse vitae lobortis eros. Fusce varius arcu sed diam rutrum consectetur. Sed vitae urna quam, ac facilisis ligula. Ut sagittis vestibulum elementum. Sed quis ligula in urna bibendum elementum sed eu tellus. Phasellus hendrerit elit eget sem rhoncus adipiscing. Phasellus venenatis, mauris sit amet volutpat condimentum, leo tellus commodo est, sit amet lobortis arcu turpis non orci. Duis cursus dapibus est, sit amet porta augue fermentum ut. Vivamus mollis volutpat elit, nec tristique purus tristique sit amet. Nullam dignissim sodales tellus mattis commodo. Aliquam gravida eleifend porttitor. Fusce eu lacus euismod ipsum consectetur volutpat a at elit. Phasellus tellus odio, condimentum sit amet aliquet ac, ultricies a ipsum. Donec sodales nibh eu nibh sagittis in commodo tortor cursus. In hac habitasse platea dictumst. Sed neque sem, fringilla sit amet gravida sed, pretium id quam. Curabitur vitae nisl felis.",
  "title": "Document 1-2-4-3-2",
  "__meta": {
    "updateId": -1810238770,
    "cdate": 1501428288340,
    "cuser": "cn=Al Mass,o=DARWINO",
    "mdate": 1501428314830,
    "replicaId": "85257FB8005090FB",
    "changes": "VjAo",
    "muser": "cn=Al Mass,o=DARWINO",
    "seqId": 1
  }
}