{
  "form": "CompanyDocument",
  "_parentid": "730DA7BBF142080F8525816D0054B6B6",
  "document": "Phasellus ac sapien hendrerit quam dictum viverra non eget massa. Aliquam aliquam risus quis eros luctus tincidunt. Nulla at nisl quam, ultricies semper quam. Cras congue sagittis turpis, et ornare ipsum interdum nec. Sed pharetra aliquam gravida. Aliquam dictum est vel ligula euismod hendrerit. In hac habitasse platea dictumst. Nam in nisi arcu. Etiam non tellus mi. Aenean quis facilisis erat. Aenean suscipit, nisl viverra placerat porttitor, risus enim volutpat lectus, non consectetur tortor velit in nisi. In convallis consequat nulla vel bibendum. Morbi in magna tellus, eu tristique tortor. Maecenas interdum mauris vel orci pellentesque vestibulum. Donec hendrerit sollicitudin velit, vitae pellentesque felis bibendum eu. Cras diam massa, vestibulum faucibus vestibulum vel, tempor sit amet felis. Vivamus sit amet diam elit. Donec mauris diam, tincidunt a lobortis a, eleifend luctus eros. Nunc eget nibh metus, nec tincidunt nisl.\n\nIn hac habitasse platea dictumst. Suspendisse potenti. Quisque rutrum risus eget nisl porta vel rutrum lorem egestas. Etiam elit nunc, cursus a gravida fringilla, aliquam ut massa. Sed nulla lorem, ornare sed tempus sit amet, tempus non dolor. Cras eget ipsum risus. Integer massa lectus, placerat eu porta vitae, vulputate consequat odio. Praesent aliquet justo eget magna aliquet placerat semper diam gravida. Donec rutrum aliquam leo in ultricies. Fusce euismod eros pretium sem sodales tempus. Sed venenatis venenatis dui ut venenatis. Nullam tempor congue nisl cursus vestibulum. In in lorem sed purus elementum congue a non turpis. Quisque at eros ligula, a elementum nisl. Morbi non tempus odio. Maecenas sapien enim, rhoncus ultrices cursus ac, pellentesque a libero.\n\nDonec quis mi ut lectus blandit luctus vitae vitae neque. Pellentesque habitant morbi tristique senectus et netus et malesuada fames ac turpis egestas. Sed enim erat, vulputate vel mollis et, facilisis ut ligula. Etiam dui ligula, ultrices ut convallis consectetur, lobortis dapibus libero. Mauris sit amet dictum odio. Suspendisse imperdiet rhoncus tellus eu pharetra. Nulla quis felis sagittis eros vulputate ornare at ac ante. Aliquam vel elit quis tellus bibendum sodales. Duis felis tellus, auctor eget tincidunt a, hendrerit in mi. Pellentesque habitant morbi tristique senectus et netus et malesuada fames ac turpis egestas. Nam mattis sollicitudin sapien. Quisque id ligula et lectus interdum tempus sit amet vitae tellus. Nunc ut erat lectus. Donec vehicula mattis elit, sit amet facilisis purus lobortis in. Maecenas consectetur blandit pellentesque.\n\nAliquam erat volutpat. Vestibulum pellentesque bibendum rhoncus. Vivamus sit amet dui nisl. Quisque at quam purus, id mattis risus. Praesent eros urna, rutrum vitae adipiscing eget, sodales vitae lacus. Vestibulum ut imperdiet magna. In blandit tempus dolor, id luctus enim rutrum ut. Fusce tincidunt orci nisi. Aliquam quis tellus turpis. Donec eu ligula non lectus mollis faucibus.",
  "title": "Document 2-2-1-3",
  "__meta": {
    "updateId": -1810149690,
    "cdate": 1501428318080,
    "cuser": "cn=Al Mass,o=DARWINO",
    "mdate": 1501428403910,
    "replicaId": "85257FB8005090FB",
    "changes": "WCh5",
    "muser": "cn=Al Mass,o=DARWINO",
    "seqId": 1
  }
}