{
  "form": "CompanyDocument",
  "_parentid": "BFAE11F0F5118B608525816D0054AE3D",
  "document": "Aliquam nunc augue, blandit vel volutpat sit amet, auctor sit amet nibh. Sed nec neque ac odio mattis ultrices sit amet sit amet ante. Nam id rutrum turpis. Pellentesque habitant morbi tristique senectus et netus et malesuada fames ac turpis egestas. Integer non nunc sit amet est sollicitudin sagittis lobortis id nulla. Praesent lacus ligula, hendrerit sit amet fringilla id, placerat vitae sapien. Duis vulputate eleifend lacus at accumsan. Aliquam et felis sodales tortor bibendum faucibus. Phasellus varius neque sit amet est fringilla commodo. Suspendisse eget pharetra sem. Nam eu leo quis tortor tincidunt mollis.\n\nUt eget ante at massa faucibus sollicitudin. Phasellus et consectetur leo. Suspendisse imperdiet libero sit amet mi accumsan rutrum. Nullam egestas est a purus euismod pretium. Phasellus mi ante, consequat nec fermentum eget, vehicula ac orci. Praesent tincidunt, lectus ac facilisis condimentum, nisl elit dapibus quam, sit amet rutrum orci mi sed diam. Mauris ipsum elit, fringilla et tempus a, auctor nec mi. Aliquam sagittis malesuada mi vitae placerat. Aenean dui magna, vehicula vestibulum rhoncus vel, sollicitudin ut est. Cras varius felis eget nisl venenatis eu facilisis dolor pellentesque. Nulla in nulla leo, non imperdiet sapien. Lorem ipsum dolor sit amet, consectetur adipiscing elit. Maecenas in dolor orci. Aenean condimentum magna in ligula dignissim vestibulum. Integer mauris erat, luctus id malesuada in, adipiscing et metus.\n\nNunc id eros sit amet nibh interdum commodo. In hac habitasse platea dictumst. Aliquam eget dapibus nisl. Quisque nec nisl eu ante rutrum malesuada. In in justo ac ipsum congue condimentum. Duis dignissim mi lectus, vel pharetra purus. Donec quis nunc sapien. Integer in orci sapien, non porta nisi. Vestibulum consectetur aliquet dolor et suscipit. Curabitur blandit felis sit amet lorem malesuada non luctus diam iaculis. In eu dolor velit, non iaculis tortor. Donec gravida turpis id enim tempor eleifend.",
  "title": "Document 1-3-4-1-1",
  "__meta": {
    "updateId": -1810214920,
    "cdate": 1501428296300,
    "cuser": "cn=Al Mass,o=DARWINO",
    "mdate": 1501428338680,
    "replicaId": "85257FB8005090FB",
    "changes": "lHoI",
    "muser": "cn=Al Mass,o=DARWINO",
    "seqId": 1
  }
}