{
  "form": "CompanyDocument",
  "_parentid": "F7AB3A9700D7626E8525816D0054A8BD",
  "document": "Morbi vehicula enim sit amet felis semper imperdiet. Cum sociis natoque penatibus et magnis dis parturient montes, nascetur ridiculus mus. Cras vel eros magna. Fusce a risus vel turpis tempor venenatis. Praesent a nibh libero, fermentum elementum turpis. Donec metus justo, imperdiet in dapibus vitae, sollicitudin nec arcu. Aliquam erat volutpat. Phasellus tristique auctor ligula, sed vehicula lorem molestie eu. Ut risus magna, viverra a placerat sed, vulputate eu libero. Aenean augue ante, pretium eu ornare at, pulvinar sed turpis. Vestibulum et orci at mauris tempus dapibus. Pellentesque cursus, lacus vitae ullamcorper congue, est lectus fermentum erat, sit amet mollis velit purus et quam. Ut congue nunc quis velit egestas non fringilla ante egestas. Fusce dictum urna id nunc sodales tincidunt. Nullam congue fringilla est eu congue. In tempor blandit nulla, sed blandit dui rutrum a. Curabitur ut quam sapien, vel fringilla tellus. Aliquam posuere tempor dui, a faucibus justo fringilla id.\n\nPraesent eget velit nunc. Donec consequat facilisis ultrices. Donec euismod risus quis eros eleifend venenatis. Nunc in lacus dolor, sit amet placerat tortor. Phasellus porttitor egestas nibh ut malesuada. Maecenas enim augue, malesuada a bibendum et, euismod ut diam. Quisque nunc sem, laoreet vel tincidunt eu, bibendum in nisi. Maecenas rhoncus ipsum eu diam volutpat dignissim. Nulla viverra augue ac velit pellentesque in malesuada nisl hendrerit. Etiam in pharetra nisl. Vestibulum egestas volutpat ligula vel venenatis. Nullam mollis gravida quam eget bibendum. Nunc consequat suscipit tincidunt. Proin varius arcu eget ligula pharetra sed vehicula quam vulputate.\n\nNunc tincidunt consequat nisl, non commodo massa posuere quis. Vivamus vel risus tellus. Aliquam nec neque vitae ligula accumsan molestie a eu sem. In blandit, nulla tempus ultricies malesuada, justo lacus lacinia metus, nec lobortis lectus mauris sed elit. In hac habitasse platea dictumst. Vestibulum sed lectus sapien, ornare gravida arcu. Phasellus aliquet massa leo, vitae ullamcorper velit. Pellentesque sed volutpat erat. Suspendisse potenti. Morbi tincidunt sem vel libero tempus in sodales dui suscipit. Nulla scelerisque sodales mauris, non tempor orci faucibus sit amet. Nullam lacinia ante ut nisi vestibulum lacinia. Duis a arcu nec enim venenatis bibendum. Nunc laoreet, quam ut vulputate interdum, libero est pretium ligula, non scelerisque felis justo non dui. Phasellus condimentum gravida iaculis. Ut sit amet libero orci, et lobortis tortor. Nullam condimentum sapien a mi scelerisque vitae aliquam dolor consectetur. Nulla scelerisque, massa ac congue luctus, mi metus viverra neque, eget fringilla sem lorem non nisi. Praesent eleifend lorem vel quam rhoncus eleifend. Fusce ut leo quam, id euismod nibh.\n\nNulla facilisi. Cras id tristique arcu. Integer mollis tortor ac urna placerat fringilla. Morbi volutpat, lorem nec placerat fermentum, massa quam faucibus arcu, eget lacinia nulla nulla vitae orci. Mauris fringilla elit pretium mi blandit eu sodales tellus suscipit. Ut dolor purus, mattis eu semper quis, faucibus at neque. Sed quis eros et leo malesuada semper. Vestibulum libero nisl, posuere non mollis ac, facilisis at ipsum. Morbi sed sodales dui. Class aptent taciti sociosqu ad litora torquent per conubia nostra, per inceptos himenaeos. Nunc mollis commodo libero nec vulputate. Duis tristique est non risus porta dictum. Mauris a libero vel tellus auctor luctus. Phasellus aliquet, orci eget vestibulum ullamcorper, mi orci dictum risus, id consequat quam nulla in mi.",
  "title": "Document 3-1-3-1-2",
  "__meta": {
    "updateId": -1810257060,
    "cdate": 1501428282230,
    "cuser": "cn=Al Mass,o=DARWINO",
    "mdate": 1501428296540,
    "replicaId": "85257FB8005090FB",
    "changes": "Dyx2",
    "muser": "cn=Al Mass,o=DARWINO",
    "seqId": 1
  }
}