{
  "form": "CompanyDocument",
  "_parentid": "107CD91859AE9D168525816D0054AE36",
  "document": "In non justo cursus purus adipiscing fermentum. Sed commodo orci at purus fringilla ut commodo urna porttitor. Donec condimentum lectus eget ligula imperdiet interdum. Integer quis lectus ut elit vulputate interdum. Suspendisse tempus fringilla lacus vel rhoncus. Vestibulum semper arcu et libero laoreet faucibus. Praesent nisl tortor, laoreet vulputate aliquet ut, faucibus ac orci. Nam a tincidunt metus. Curabitur a libero arcu, id mattis neque. Vivamus semper tortor vitae lectus euismod facilisis. Donec id malesuada massa. Nulla pretium enim ut justo blandit id tristique nisi vestibulum. Quisque mattis ornare ligula vitae sagittis. Curabitur ornare, lorem in iaculis adipiscing, eros libero congue ipsum, ut fermentum tellus dolor condimentum arcu. Aliquam odio massa, sollicitudin nec luctus at, varius at mi. In hac habitasse platea dictumst. Mauris purus turpis, tempor ac ultrices id, fringilla facilisis nunc.",
  "title": "Document 1-3-2",
  "__meta": {
    "updateId": -1810215100,
    "cdate": 1501428296240,
    "cuser": "cn=Al Mass,o=DARWINO",
    "mdate": 1501428338500,
    "replicaId": "85257FB8005090FB",
    "changes": "dGeU",
    "muser": "cn=Al Mass,o=DARWINO",
    "seqId": 1
  }
}