{
  "form": "CompanyDocument",
  "_parentid": "8C3B91A56DC7BD258525816D0054B702",
  "document": "Aliquam erat volutpat. Vestibulum pellentesque bibendum rhoncus. Vivamus sit amet dui nisl. Quisque at quam purus, id mattis risus. Praesent eros urna, rutrum vitae adipiscing eget, sodales vitae lacus. Vestibulum ut imperdiet magna. In blandit tempus dolor, id luctus enim rutrum ut. Fusce tincidunt orci nisi. Aliquam quis tellus turpis. Donec eu ligula non lectus mollis faucibus.\n\nDonec dignissim risus at orci pretium bibendum. Proin pellentesque leo non sapien luctus a dictum diam tempus. Donec in sapien lectus, condimentum faucibus sem. Morbi luctus felis nisi, ut mollis turpis. Nunc rhoncus metus et mi viverra hendrerit. Mauris ut libero cursus tortor tempor malesuada. Nam id molestie urna. Nam semper, ante ac lacinia bibendum, nibh libero lobortis massa, in tincidunt mi dui molestie elit. Phasellus consequat lectus vel elit malesuada convallis. Phasellus elementum, nulla in blandit suscipit, neque mauris laoreet leo, nec lacinia nunc augue eget libero. Donec nisl sem, malesuada ac auctor vitae, congue et massa. Morbi risus eros, consectetur ac congue quis, pharetra vitae enim. Lorem ipsum dolor sit amet, consectetur adipiscing elit. Suspendisse molestie ligula non odio lobortis in pretium augue accumsan.\n\nMauris at tortor lorem. Nunc id porta odio. Ut mi dolor, egestas sed venenatis in, pretium id risus. Nam faucibus tortor felis, eget lobortis lectus. Aenean vel erat vel justo sollicitudin tincidunt. Nulla vitae est ac ante pellentesque ornare in eu dolor. Nulla aliquet ante vel arcu mollis volutpat. Integer faucibus feugiat eros vel tristique. Sed vel urna vitae turpis convallis semper id nec quam. Morbi porttitor, nulla tincidunt facilisis faucibus, nisl quam porta lacus, sit amet elementum ante urna a est. Donec rhoncus libero at mauris hendrerit cursus dignissim nulla volutpat. Etiam dapibus est interdum massa scelerisque non pharetra odio consectetur. Cras tincidunt egestas ipsum, eu pulvinar orci hendrerit rhoncus. Praesent ut metus a ante venenatis congue. Nulla non odio ut odio iaculis tempor. Morbi scelerisque elit sit amet neque eleifend sollicitudin. Nullam eu elit vitae ipsum tristique sollicitudin. Cras in molestie turpis.\n\nNullam tempus ante quis eros egestas ut rutrum sem consequat. In laoreet pellentesque tempus. Integer mauris elit, sagittis sit amet hendrerit vel, placerat sit amet turpis. Fusce tempor mattis sem, ac molestie nulla iaculis id. Phasellus vel neque sem. Maecenas vehicula scelerisque risus condimentum viverra. Praesent et magna dolor, at varius nisi. Sed facilisis rhoncus nunc ut semper. In hac habitasse platea dictumst. Pellentesque lobortis lorem et velit consequat a mollis tellus convallis. Pellentesque tempus ipsum et ante vehicula egestas. Nam turpis augue, volutpat sagittis tincidunt non, fermentum nec quam. Nam blandit ligula quis justo vestibulum porta. Donec vel commodo augue.",
  "title": "Document 4-1-1",
  "__meta": {
    "updateId": -1810147680,
    "cdate": 1501428318750,
    "cuser": "cn=Al Mass,o=DARWINO",
    "mdate": 1501428405920,
    "replicaId": "85257FB8005090FB",
    "changes": "gNGM",
    "muser": "cn=Al Mass,o=DARWINO",
    "seqId": 1
  }
}