{
  "form": "CompanyDocument",
  "_parentid": "D1609560E126D33A8525816D0054B7CE",
  "document": "Sed euismod est in nisi commodo consectetur. Integer dui eros, suscipit quis tristique non, rhoncus sit amet arcu. Class aptent taciti sociosqu ad litora torquent per conubia nostra, per inceptos himenaeos. Fusce accumsan sollicitudin augue ut porttitor. Aenean fermentum dapibus nunc, ut scelerisque lorem egestas ut. Pellentesque bibendum ornare tortor, sit amet auctor magna facilisis quis. Aliquam sit amet lorem justo. Pellentesque risus magna, blandit vel euismod id, interdum non nibh. Pellentesque non libero nibh, sagittis eleifend diam. Integer sed dui est, non eleifend purus. Etiam id sapien eu leo tristique rutrum quis in purus. Nunc ante ipsum, ultrices quis congue non, convallis eget sem. Vivamus est lectus, aliquet eget eleifend quis, laoreet fringilla magna. Vestibulum ante ipsum primis in faucibus orci luctus et ultrices posuere cubilia Curae; Ut tortor elit, tincidunt ut feugiat ac, molestie ac augue. Nam metus tortor, congue id malesuada vitae, convallis id justo. Integer odio nisl, hendrerit et imperdiet ultricies, sodales eu lacus. Vivamus tincidunt fermentum libero non imperdiet.\n\nInteger mattis sem tortor, ut ultricies metus. Mauris luctus purus et mi rutrum faucibus. Quisque aliquam risus eu nisi mattis volutpat. In pulvinar feugiat nunc a venenatis. Praesent et justo quis leo molestie sodales. Cras eu arcu mi, eget facilisis dui. Vestibulum sollicitudin tristique porttitor. Fusce faucibus porta magna in placerat. Aenean augue risus, aliquet eu rhoncus eget, mattis et metus. Sed sed laoreet nibh. Cras mollis dolor et purus imperdiet eget auctor ante pretium. Pellentesque habitant morbi tristique senectus et netus et malesuada fames ac turpis egestas. Aliquam felis augue, commodo eget sagittis eget, pellentesque ut est. Nulla eget metus vitae lectus porta venenatis. Nunc sed nunc lorem, vitae posuere turpis. Cum sociis natoque penatibus et magnis dis parturient montes, nascetur ridiculus mus. Nulla in lacus a odio laoreet posuere. Sed scelerisque sollicitudin augue, rhoncus imperdiet magna euismod in. Pellentesque commodo, dui eget pharetra volutpat, neque risus vehicula nibh, ut tristique elit neque vitae est. Phasellus non enim felis.",
  "title": "Document 1-1-3-2-4",
  "__meta": {
    "updateId": -1810141490,
    "cdate": 1501428320820,
    "cuser": "cn=Al Mass,o=DARWINO",
    "mdate": 1501428412110,
    "replicaId": "85257FB8005090FB",
    "changes": "z_Iz",
    "muser": "cn=Al Mass,o=DARWINO",
    "seqId": 1
  }
}