{
  "form": "CompanyDocument",
  "_parentid": "DD79F770F912C1788525816D0054B62D",
  "document": "Nam vel urna vel justo scelerisque ullamcorper. Pellentesque sollicitudin libero quis felis consectetur eu bibendum lacus placerat. Proin vestibulum magna at orci aliquam blandit. Nam vel massa nec massa pulvinar placerat ornare vitae nunc. Phasellus sit amet quam id arcu imperdiet consectetur. Aenean lacinia consectetur arcu ac gravida. Donec convallis cursus adipiscing. Ut in lectus lorem. Nullam risus nisi, ultrices nec pellentesque et, suscipit mollis dolor. Morbi viverra nulla ut ligula convallis consectetur aliquam metus ultricies. Donec tincidunt semper pellentesque. Sed volutpat dui at justo pulvinar eget rutrum magna porta. Etiam accumsan rutrum libero, vel vestibulum sem euismod sed. Phasellus quam massa, tempor et convallis blandit, scelerisque vel nunc. Curabitur dui tortor, eleifend non rutrum sit amet, cursus sed velit.\n\nIn non felis elit. Integer eleifend velit ac lacus vestibulum imperdiet. Cras lacus orci, posuere a euismod nec, convallis et nibh. Proin pretium risus sit amet leo pulvinar fermentum. Mauris sapien diam, interdum et egestas et, hendrerit non tellus. Pellentesque auctor feugiat lacus, id aliquam lacus faucibus in. Vivamus tempor ornare varius. Suspendisse in ultrices nisi. Aenean fermentum dictum mauris at consectetur. Cras porta ultricies libero sit amet volutpat. Suspendisse dapibus convallis nulla, non ultrices purus egestas pulvinar. Suspendisse tellus augue, dignissim non mollis a, tristique id nunc. Sed tempor rhoncus lacus, id feugiat metus convallis eget. Praesent sed nisi tellus, in dapibus justo.\n\nSed ac ante nisl, quis semper arcu. Donec quis magna sit amet dui semper rhoncus in a purus. Praesent blandit viverra tortor, dignissim consectetur elit pellentesque non. Aenean aliquam porta quam eget eleifend. Vestibulum ante ipsum primis in faucibus orci luctus et ultrices posuere cubilia Curae; Praesent eleifend faucibus ligula quis commodo. Sed faucibus ultrices neque ac pretium. Suspendisse id enim at orci facilisis adipiscing. Suspendisse consectetur, enim et sollicitudin pharetra, felis magna mattis lectus, ut mattis quam sapien sit amet purus. Aenean varius vulputate nisl, vitae condimentum augue malesuada nec.\n\nUt dictum massa id ante viverra lacinia. Vestibulum id risus lectus, in congue urna. Quisque feugiat mi in mauris blandit eu euismod neque mollis. Integer sollicitudin aliquam nunc non malesuada. Aliquam erat volutpat. Cras aliquet, urna sed mattis congue, lorem nunc tincidunt elit, sed pharetra diam ipsum non risus. Etiam pretium tempor luctus. Fusce porttitor, nulla vitae convallis pellentesque, leo odio pharetra felis, vitae molestie dolor elit a arcu. Aenean augue risus, ultricies non porttitor non, accumsan nec metus. Donec sit amet velit nisl. Integer suscipit eros non nisl auctor ut accumsan augue pretium. Nullam rhoncus orci dictum leo pretium faucibus. Praesent condimentum accumsan leo, eget pulvinar nisl blandit eget. Pellentesque imperdiet posuere nulla ut porta. Nunc commodo condimentum nulla vulputate tempus. Donec vel magna diam, vel aliquet quam. Proin sollicitudin sodales massa non tincidunt.",
  "title": "Document 3-3-3-2",
  "__meta": {
    "updateId": -1810153970,
    "cdate": 1501428316650,
    "cuser": "cn=Al Mass,o=DARWINO",
    "mdate": 1501428399630,
    "replicaId": "85257FB8005090FB",
    "changes": "FiYI",
    "muser": "cn=Al Mass,o=DARWINO",
    "seqId": 1
  }
}