{
  "form": "CompanyDocument",
  "_parentid": "61E290D4A03937B98525816D0054B171",
  "document": "Fusce vel tortor purus. Aliquam erat volutpat. In ornare augue non lacus volutpat vitae dictum ante posuere. Proin rhoncus consequat ipsum, eu consectetur sapien tempor quis. Vestibulum pharetra suscipit volutpat. Morbi porta erat sit amet velit ullamcorper porta. Aliquam ut eros dolor. Pellentesque nisi sapien, dapibus eu fermentum eu, lobortis in massa. Aenean vulputate volutpat hendrerit. In bibendum, risus tempus cursus viverra, est elit interdum augue, ut dictum nulla ligula quis mi. Pellentesque sit amet rhoncus libero. Curabitur eu nulla sed eros tincidunt blandit. Cum sociis natoque penatibus et magnis dis parturient montes, nascetur ridiculus mus.",
  "title": "Document 2-1-3-2-4",
  "__meta": {
    "updateId": -1810190270,
    "cdate": 1501428304530,
    "cuser": "cn=Al Mass,o=DARWINO",
    "mdate": 1501428363330,
    "replicaId": "85257FB8005090FB",
    "changes": "2sA1",
    "muser": "cn=Al Mass,o=DARWINO",
    "seqId": 1
  }
}