{
  "form": "CompanyDocument",
  "_parentid": "309697CB3FDBBAA88525816D0054AC90",
  "document": "Suspendisse egestas est sodales lectus facilisis eget egestas felis sollicitudin. Maecenas lorem dolor, dictum et placerat mattis, ultricies in urna. Morbi vulputate metus non nunc congue iaculis. Proin dictum facilisis tellus, vel sagittis nisl interdum et. Morbi sit amet mauris leo, sit amet imperdiet dui. Donec lacinia interdum arcu et faucibus. Quisque congue mollis velit, vel sollicitudin purus lacinia ac. Vestibulum vehicula lorem nec urna gravida ac eleifend mi placerat. Nullam ac ligula eu ligula lobortis tempor non at elit. Aliquam scelerisque, ipsum quis sollicitudin facilisis, odio quam fermentum ipsum, sit amet cursus dui enim vitae neque. Vivamus turpis diam, interdum id ornare ut, mollis quis velit. Vivamus eros eros, accumsan at consequat eu, auctor tristique diam. Mauris vitae turpis eget ipsum pulvinar sagittis. Nunc suscipit commodo purus, eget consectetur odio dapibus non. Fusce nec viverra nunc. In fermentum magna in augue gravida nec tempus arcu convallis.\n\nNunc augue nulla, lobortis eu pulvinar a, rhoncus tempus elit. Quisque sodales tristique dui, ut luctus est sollicitudin vulputate. Nam iaculis convallis pulvinar. Sed diam mauris, porttitor id vestibulum non, aliquet et leo. Nunc blandit leo vitae est aliquet vitae fermentum metus vulputate. Praesent commodo, velit ac porta pretium, arcu tortor pulvinar dolor, vitae imperdiet mauris massa ut tortor. Nam augue arcu, rhoncus a fermentum ut, venenatis at dolor. Sed neque velit, placerat eu hendrerit ut, mollis sed lorem. Vivamus ultrices pellentesque massa, sed feugiat risus porta vel. Ut tincidunt fermentum dignissim. Mauris vitae nulla purus. In ullamcorper justo eget massa consectetur vitae tincidunt ligula commodo. Suspendisse tristique est in eros convallis et consequat dolor iaculis. Morbi dignissim massa at orci hendrerit tristique. Vivamus venenatis accumsan nisl, sed hendrerit arcu congue vel. Phasellus quis augue libero. Cras nec turpis et orci laoreet pulvinar. In rhoncus pharetra facilisis.\n\nPraesent vel nunc libero, ac porta enim. Donec laoreet felis vitae metus feugiat quis iaculis mauris molestie. Cras sit amet risus leo. Sed vel volutpat nisi. Nullam fermentum feugiat tortor eget ornare. Nam consequat condimentum eros, et ullamcorper augue porttitor ullamcorper. Mauris eleifend sollicitudin diam non vestibulum. Cras consectetur auctor suscipit. Integer ullamcorper ligula quis est luctus eget tincidunt ante vulputate. Vestibulum eget dui sed ipsum mattis viverra. Vestibulum volutpat sapien sit amet purus iaculis id varius ante fermentum. Donec at nulla sit amet ipsum porttitor dignissim ut pretium sem. Suspendisse potenti. Cras id erat est, id malesuada arcu. Nullam lacinia, augue ac varius pellentesque, neque mauris elementum nisl, ut rutrum dui felis vitae sapien. Maecenas tincidunt lorem vitae mi eleifend sollicitudin. Fusce eu ornare sapien.",
  "title": "Document 4-3-2-1-1",
  "__meta": {
    "updateId": -1810227770,
    "cdate": 1501428292010,
    "cuser": "cn=Al Mass,o=DARWINO",
    "mdate": 1501428325830,
    "replicaId": "85257FB8005090FB",
    "changes": "seeU",
    "muser": "cn=Al Mass,o=DARWINO",
    "seqId": 1
  }
}