{
  "form": "CompanyDocument",
  "_parentid": "2BC2B39D58C10B148525816D0054B3DB",
  "document": "Etiam sit amet posuere quam. Integer sit amet erat quis tellus pulvinar bibendum. Pellentesque non metus est, id hendrerit magna. Morbi a mi non nibh aliquam dapibus. Pellentesque vitae elementum nulla. Donec sit amet ullamcorper sem. Etiam facilisis lorem dui, adipiscing suscipit est. Donec velit orci, porta ut pretium ut, dignissim a turpis. Fusce at turpis arcu, id tempus neque. Vestibulum dictum erat elit. Aliquam vehicula, massa sit amet scelerisque egestas, enim nibh ultrices massa, id semper nunc magna quis lectus.\n\nIn suscipit blandit tristique. Etiam eros lectus, interdum imperdiet lacinia nec, rutrum eu dolor. Maecenas iaculis diam in tortor imperdiet sollicitudin viverra lacus varius. Mauris odio nulla, fermentum ac porta nec, mollis non justo. Praesent sit amet ligula a justo bibendum condimentum nec at felis. Vivamus quis tortor massa, in sagittis tellus. Sed non tortor dui. Aliquam rhoncus metus id magna bibendum at pharetra ante aliquet. Phasellus non pretium orci. Vestibulum leo arcu, rutrum sit amet condimentum et, dignissim at felis. Nunc non nisl et tortor vestibulum ultricies. Suspendisse eget quam leo, a molestie velit. In hac habitasse platea dictumst. Curabitur euismod dolor sit amet nulla molestie laoreet. Aliquam imperdiet pellentesque mi ac bibendum. Nulla quam lorem, rhoncus imperdiet faucibus sed, gravida ac risus. Ut quis nisi eget nisl commodo porta feugiat quis lectus. In lacinia libero at ipsum iaculis varius.",
  "title": "Document 3-1-1-1",
  "__meta": {
    "updateId": -1810171850,
    "cdate": 1501428310680,
    "cuser": "cn=Al Mass,o=DARWINO",
    "mdate": 1501428381750,
    "replicaId": "85257FB8005090FB",
    "changes": "vfrX",
    "muser": "cn=Al Mass,o=DARWINO",
    "seqId": 1
  }
}