{
  "form": "CompanyDocument",
  "_parentid": "8A0C308B1C1681458525816D0054AB09",
  "document": "Pellentesque dapibus sem at felis cursus sed imperdiet tellus porta. Suspendisse mollis nunc et felis volutpat adipiscing. Nulla aliquet metus sed sapien bibendum vitae lobortis massa rhoncus. Sed lobortis consequat augue, at gravida risus consequat in. Pellentesque habitant morbi tristique senectus et netus et malesuada fames ac turpis egestas. Etiam aliquam urna id nisl adipiscing viverra. Nunc consequat quam nec felis venenatis rutrum. Mauris tincidunt euismod porttitor. Phasellus ultricies, nunc in congue euismod, turpis magna imperdiet sem, eu scelerisque dui dui sed orci. Vivamus tristique nibh quis turpis luctus vehicula. Fusce id congue tortor. Pellentesque in urna nec felis molestie auctor cursus eget purus. Nam at libero leo. Sed ac felis id metus semper dignissim sit amet vel arcu.\n\nDuis in justo sit amet est viverra faucibus. Pellentesque iaculis molestie est vitae eleifend. Nulla facilisi. Integer in velit tortor. In rhoncus neque id enim convallis vel tempus augue posuere. Integer lobortis, nisl vel ultricies cursus, libero nulla dapibus ligula, ac tincidunt purus massa ac odio. Sed posuere arcu eu arcu tempus molestie nec nec sem. Integer mattis mollis est in congue. Curabitur accumsan massa felis. Quisque accumsan scelerisque volutpat. Vestibulum ante ipsum primis in faucibus orci luctus et ultrices posuere cubilia Curae; Curabitur vestibulum lacinia felis, ac elementum turpis vestibulum vitae. Suspendisse ligula elit, pulvinar a condimentum a, ultricies eleifend nulla. Ut commodo risus sit amet tortor venenatis ullamcorper. Nunc nec purus sed enim porttitor ullamcorper sed et nisi. Mauris nisl mi, hendrerit ac tincidunt sed, suscipit id tellus. Quisque pulvinar eros sit amet mi ultrices congue ac et dolor.\n\nSed ac ante nisl, quis semper arcu. Donec quis magna sit amet dui semper rhoncus in a purus. Praesent blandit viverra tortor, dignissim consectetur elit pellentesque non. Aenean aliquam porta quam eget eleifend. Vestibulum ante ipsum primis in faucibus orci luctus et ultrices posuere cubilia Curae; Praesent eleifend faucibus ligula quis commodo. Sed faucibus ultrices neque ac pretium. Suspendisse id enim at orci facilisis adipiscing. Suspendisse consectetur, enim et sollicitudin pharetra, felis magna mattis lectus, ut mattis quam sapien sit amet purus. Aenean varius vulputate nisl, vitae condimentum augue malesuada nec.",
  "title": "Document 1-2-2-2-3",
  "__meta": {
    "updateId": -1810239430,
    "cdate": 1501428288120,
    "cuser": "cn=Al Mass,o=DARWINO",
    "mdate": 1501428314170,
    "replicaId": "85257FB8005090FB",
    "changes": "YfVv",
    "muser": "cn=Al Mass,o=DARWINO",
    "seqId": 1
  }
}