{
  "firstname": "Pam",
  "comments": "<font size=\"2\" face=\"sans-serif\">A convenient cat accused the red steak, said the competitive spoon</font><br />\r\n<font size=\"2\" face=\"sans-serif\">A knife accused a mouse, reported a cowardly car</font><br />\r\n<font size=\"2\" face=\"sans-serif\">Last evening a convenient hat is now managing a gray phone</font><br />\r\n<font size=\"2\" face=\"sans-serif\">The treehouse will work together with the fierce table, said a pen</font><br />\r\n<font size=\"2\" face=\"sans-serif\">A foreign phone was authorized to sell the duck, reported the convenient terminal</font>",
  "homephone": "(861) 674-1426",
  "city": "Roswell",
  "sex": "F",
  "picture": "http://www.gravatar.com/avatar/76a0f855c6a6de83a244d37d654746d7?d=retro",
  "lastname": "Chandler",
  "__meta": {
    "updateId": -1810125530,
    "cdate": 1501428328350,
    "cuser": "cn=Al Mass,o=DARWINO",
    "mdate": 1501428428070,
    "replicaId": "85257FB8005090FB",
    "changes": "imD9",
    "muser": "cn=Al Mass,o=DARWINO",
    "seqId": 2
  },
  "zipcode": "30075",
  "form": "Contact",
  "street": "286 Oxford Road",
  "firstcontact": "2012-08-31T17:38:50.000-05:00",
  "workphone": "(361) 481-1703",
  "mobilephone": "(441) 527-1109",
  "company": "Betatech",
  "state": "GA",
  "card": "<img src=\"$document-attachment/Card%7C%7Cinline-0.84.gif\" width=\"80\" height=\"80\" /><br />\r\n<font size=\"2\" face=\"sans-serif\"><b>Name</b></font><font size=\"2\" face=\"sans-serif\">: Pam Chandler</font><br />\r\n<font size=\"2\" face=\"sans-serif\"><b>EMail</b></font><font size=\"2\" face=\"sans-serif\">: pchandler@darwino.com</font><br />\r\n<font size=\"2\" face=\"sans-serif\"><b>Company</b></font><font size=\"2\" face=\"sans-serif\">: Betatech</font>",
  "email": "pchandler@darwino.com"
}