{
  "form": "CompanyDocument",
  "_parentid": "D8BFF93C6EEE80498525816D0054AFC1",
  "document": "Cras nunc nulla, lobortis vel tincidunt et, sagittis ut dui. Vestibulum justo purus, placerat a lobortis sed, rhoncus in dui. Sed sed accumsan erat. Vestibulum dictum ultrices ligula, at ornare lorem adipiscing eu. Pellentesque vel odio in felis fringilla tincidunt. Cras consectetur urna at sem aliquam eleifend. Vestibulum suscipit, tortor at tristique hendrerit, mauris urna rutrum nibh, sed cursus neque nibh sit amet lacus. Maecenas congue velit in massa eleifend ac porta lorem tincidunt. Maecenas tempus fermentum mauris sit amet imperdiet. Aliquam odio turpis, sollicitudin nec vulputate vitae, pulvinar tempus urna. Vivamus eu mi erat, a luctus nisi. Aliquam metus ligula, condimentum vel malesuada a, facilisis vel massa. Proin ut commodo ligula. Cras euismod odio vel ligula suscipit sed condimentum ante lobortis. Nam et enim mi. Nam erat lacus, porttitor ac egestas ac, gravida eu augue. Vivamus non tellus nec metus feugiat rhoncus.\n\nNam nec orci sit amet turpis dapibus congue sit amet sed ligula. Donec tristique commodo lorem, eget semper ligula ultricies ac. Nulla odio risus, mollis eu volutpat quis, placerat id mauris. Nulla facilisi. Vivamus ante tortor, volutpat eget ultricies in, ultrices a purus. Suspendisse a enim mi. Cras laoreet egestas nulla et venenatis. Nam vel arcu quis justo scelerisque placerat. Donec lectus est, elementum ut varius scelerisque, luctus ut justo. In sed felis id erat ullamcorper pellentesque. In quis arcu at tellus vehicula fringilla. Cras leo quam, dapibus et congue bibendum, laoreet non diam. Suspendisse id diam libero, nec tincidunt neque. In hac habitasse platea dictumst. Nullam sodales fermentum ipsum at pretium. Nulla ac arcu sapien. Suspendisse potenti. Fusce placerat libero sed sapien tristique cursus.",
  "title": "Document 4-2-4-1",
  "__meta": {
    "updateId": -1810203290,
    "cdate": 1501428300180,
    "cuser": "cn=Al Mass,o=DARWINO",
    "mdate": 1501428350310,
    "replicaId": "85257FB8005090FB",
    "changes": "mK2D",
    "muser": "cn=Al Mass,o=DARWINO",
    "seqId": 1
  }
}