{
  "form": "CompanyDocument",
  "_parentid": "76D56387FA696E8A8525816D0054B264",
  "document": "Ut elit ipsum, dapibus id vulputate a, pretium condimentum justo. Nulla et nisi at turpis venenatis tincidunt. Morbi imperdiet libero eu odio molestie consectetur. Proin ornare placerat ligula eget adipiscing. Etiam sed est ligula. Cras porta lorem non tellus consequat eget vulputate felis tristique. Ut posuere, est non faucibus faucibus, ipsum sapien vulputate velit, vitae dapibus dolor lectus in lacus. Suspendisse non dui tortor, quis dignissim libero. Aenean sit amet aliquam lacus. Donec interdum imperdiet erat non consequat. Nunc consequat arcu ac elit sagittis dignissim. Quisque eros erat, tempus sed venenatis id, eleifend vitae tortor. Aliquam erat volutpat. Vivamus facilisis placerat odio, nec mollis dolor tristique sed. Donec lobortis lacus eu nisl porttitor volutpat eget sed diam. Suspendisse et adipiscing leo. Duis id mi lacus, sit amet mollis nunc. Aenean et sodales tellus. Praesent ullamcorper diam non nisl bibendum a malesuada turpis bibendum.\n\nDuis sed augue erat, eu accumsan quam. Duis vel nibh vel diam commodo pellentesque sit amet non tellus. Donec fringilla porttitor vehicula. Mauris dictum, tellus id porta dapibus, lacus ligula molestie ante, et sodales lacus risus cursus risus. Sed est elit, lobortis quis blandit non, accumsan eget erat. Ut convallis consequat lacus non adipiscing. Phasellus tortor risus, interdum in varius eget, scelerisque in lorem. Vestibulum dapibus, eros condimentum tempus pulvinar, dolor turpis hendrerit sem, et fringilla nunc purus in dolor. Lorem ipsum dolor sit amet, consectetur adipiscing elit. Sed malesuada gravida libero, eget facilisis tellus porta eu. Proin tincidunt nisi non diam condimentum et ornare sapien aliquam. Nam suscipit iaculis metus, et aliquam libero ornare eu. Fusce rhoncus lectus sed ante commodo vitae ornare quam accumsan.",
  "title": "Document 4-2-1",
  "__meta": {
    "updateId": -1810183080,
    "cdate": 1501428306930,
    "cuser": "cn=Al Mass,o=DARWINO",
    "mdate": 1501428370520,
    "replicaId": "85257FB8005090FB",
    "changes": "r6o3",
    "muser": "cn=Al Mass,o=DARWINO",
    "seqId": 1
  }
}