{
  "form": "CompanyDocument",
  "_parentid": "428C2957CE0AA7B38525816D0054A60E",
  "document": "Donec quis mi ut lectus blandit luctus vitae vitae neque. Pellentesque habitant morbi tristique senectus et netus et malesuada fames ac turpis egestas. Sed enim erat, vulputate vel mollis et, facilisis ut ligula. Etiam dui ligula, ultrices ut convallis consectetur, lobortis dapibus libero. Mauris sit amet dictum odio. Suspendisse imperdiet rhoncus tellus eu pharetra. Nulla quis felis sagittis eros vulputate ornare at ac ante. Aliquam vel elit quis tellus bibendum sodales. Duis felis tellus, auctor eget tincidunt a, hendrerit in mi. Pellentesque habitant morbi tristique senectus et netus et malesuada fames ac turpis egestas. Nam mattis sollicitudin sapien. Quisque id ligula et lectus interdum tempus sit amet vitae tellus. Nunc ut erat lectus. Donec vehicula mattis elit, sit amet facilisis purus lobortis in. Maecenas consectetur blandit pellentesque.\n\nVestibulum vehicula molestie erat, non dictum orci consectetur aliquam. Vestibulum tincidunt accumsan molestie. Praesent vehicula scelerisque interdum. Sed tristique turpis eu leo ornare vitae feugiat turpis tempor. Duis varius pellentesque rhoncus. Proin ullamcorper aliquam dolor in volutpat. Proin tincidunt adipiscing orci, eu facilisis dui mollis vitae. Suspendisse nisl turpis, fermentum ut scelerisque eget, lacinia ut lectus. Aliquam erat volutpat. Maecenas porttitor rutrum dolor sit amet blandit. Pellentesque ultrices bibendum massa, id sodales velit tempus eget. Vestibulum ante ipsum primis in faucibus orci luctus et ultrices posuere cubilia Curae; Donec vel nibh sapien, id lobortis augue. Nam vel ante posuere dui rhoncus mattis in ac odio. Proin imperdiet erat at urna vestibulum id ornare nisi ornare. Nunc sapien magna, feugiat at elementum congue, ornare vel massa. Duis a rhoncus magna. Pellentesque ornare, libero non egestas faucibus, sem ligula commodo elit, id lobortis dolor quam ut sapien.\n\nVestibulum a turpis et tellus faucibus auctor. Vestibulum sagittis tempus gravida. Aliquam ut purus rutrum tortor congue venenatis non et lectus. Etiam congue consectetur metus sed convallis. Sed nec leo ut ante mollis consectetur adipiscing quis erat. Phasellus blandit tincidunt purus, id convallis felis porta ac. Class aptent taciti sociosqu ad litora torquent per conubia nostra, per inceptos himenaeos. Sed id auctor lectus. Fusce pharetra nunc vel odio ultrices luctus. Vestibulum ultrices suscipit lectus, quis bibendum augue mattis at.",
  "title": "Document 2-1-3-2-1",
  "__meta": {
    "updateId": -1810277660,
    "cdate": 1501428275350,
    "cuser": "cn=Al Mass,o=DARWINO",
    "mdate": 1501428275940,
    "replicaId": "85257FB8005090FB",
    "changes": "B4zb",
    "muser": "cn=Al Mass,o=DARWINO",
    "seqId": 1
  }
}