{
  "form": "CompanyDocument",
  "_parentid": "BB9BB391E66BFD1E8525816D0054B2D4",
  "document": "Lorem ipsum dolor sit amet, consectetur adipiscing elit. Praesent dapibus lacus non odio hendrerit mattis. Morbi consectetur ultricies sollicitudin. Proin ultricies placerat neque nec sollicitudin. Curabitur imperdiet semper diam euismod rhoncus. Duis luctus posuere felis, eget blandit eros suscipit in. Ut et neque vitae urna accumsan consectetur nec eu leo. Proin aliquam est vel elit aliquam condimentum. Aenean dignissim venenatis massa, sit amet lobortis turpis molestie in. Suspendisse potenti. Praesent porttitor sapien in arcu condimentum lobortis. Sed sit amet sem in odio tristique hendrerit vitae eget metus. Suspendisse mollis molestie tellus vel condimentum. Aliquam in tortor quis ipsum elementum blandit. Praesent feugiat, libero sit amet fringilla ultricies, ligula tellus molestie nisi, vitae cursus est nisi sed odio. Vivamus in nisi auctor lorem ultrices rhoncus sit amet vitae nunc.\n\nInteger orci turpis, ullamcorper non faucibus eu, cursus in sem. Sed volutpat est a libero tincidunt ut laoreet dolor rhoncus. Cras sed eleifend velit. Ut semper urna ac mauris ultricies sed luctus dolor varius. Maecenas tincidunt nibh felis, at pulvinar orci. Duis ac scelerisque leo. Nam luctus augue non massa accumsan bibendum. Suspendisse posuere tincidunt imperdiet. Mauris aliquam ullamcorper tincidunt. Cras ultrices placerat nibh, id pulvinar lorem molestie et. Pellentesque aliquam posuere leo, at rutrum lorem vulputate eget. Aliquam luctus tortor eu risus malesuada ac rutrum justo tempus. Cras nec dignissim dolor.",
  "title": "Document 3-3",
  "__meta": {
    "updateId": -1810179670,
    "cdate": 1501428308070,
    "cuser": "cn=Al Mass,o=DARWINO",
    "mdate": 1501428373930,
    "replicaId": "85257FB8005090FB",
    "changes": "0plF",
    "muser": "cn=Al Mass,o=DARWINO",
    "seqId": 1
  }
}