{
  "form": "CompanyDocument",
  "_parentid": "7401D35CBF914B758525816D0054B69C",
  "document": "Aliquam auctor risus ac ipsum vestibulum a rhoncus diam porta. Nam mattis suscipit justo, vestibulum gravida quam consequat ac. Vestibulum ante ipsum primis in faucibus orci luctus et ultrices posuere cubilia Curae; Aliquam rhoncus, velit laoreet accumsan rhoncus, lacus quam hendrerit nunc, at lacinia turpis ligula vitae dui. Duis vel neque eu nulla lobortis pretium. Sed vitae malesuada libero. Aliquam dapibus tincidunt volutpat. Fusce pellentesque interdum augue, nec tempus lacus lobortis eu. Duis congue mi eu sapien fermentum placerat. Integer non velit viverra enim convallis vehicula sed ut orci. Donec ultricies, erat vitae dictum porttitor, nunc orci feugiat quam, at faucibus lectus lacus sit amet purus. Cum sociis natoque penatibus et magnis dis parturient montes, nascetur ridiculus mus. Nunc suscipit mauris ut odio lacinia ut elementum nunc pretium. Curabitur arcu ante, viverra a aliquam id, ullamcorper eu tortor. Aliquam erat volutpat. Proin commodo auctor urna, nec facilisis nibh volutpat sit amet. Pellentesque risus ante, dignissim interdum fringilla nec, convallis id justo. Aenean lobortis erat nec purus suscipit ut posuere mi fringilla. Etiam feugiat nisi eu felis lacinia consequat. Suspendisse id ligula blandit sapien elementum placerat ut non velit.\n\nSuspendisse ut tristique elit. Vivamus eu ante id magna tincidunt varius ac blandit leo. Praesent sed tellus nec velit rutrum bibendum non at nisl. Nulla commodo nulla at mi ullamcorper in rutrum enim egestas. Vestibulum et neque diam. Cras viverra lacinia libero. Aenean justo est, blandit sit amet commodo scelerisque, dictum eu nunc. Nullam dictum lacus augue, ut rhoncus neque. Ut eget mi sed ligula luctus accumsan eget sit amet urna. Sed ac urna et est congue vulputate. Nullam rutrum, nibh a egestas tempus, neque metus porttitor velit, ut lacinia mauris ante sodales tortor. Morbi in nisl tortor. Morbi nulla lorem, molestie id dapibus in, tempus et velit. Mauris sem augue, fringilla eget sollicitudin ut, auctor nec diam. Nulla sed nunc vitae odio tristique pulvinar vitae sit amet quam. Sed eu odio et nisi tincidunt pellentesque. Proin urna neque, consequat id hendrerit ut, ornare accumsan nunc.\n\nAenean leo ligula, consectetur vel congue vel, eleifend vitae magna. Morbi id massa quis nulla ultricies lacinia lacinia eget ante. Aenean porttitor quam nec velit tempus id posuere nisi tincidunt. Sed ligula magna, viverra at accumsan at, ornare et nisi. Nulla sodales elit eu arcu cursus fringilla eu sed elit. Nam sollicitudin vestibulum nulla, nec condimentum neque aliquam ut. Nulla et odio lectus. Aenean risus libero, egestas in porttitor quis, sollicitudin eget ligula. Morbi fermentum consequat sem, vel scelerisque enim tincidunt in. Aenean congue risus eget urna dapibus non sagittis felis porttitor. Praesent consectetur pulvinar libero in vehicula. Sed in nunc enim, at vehicula enim.",
  "title": "Document 2-1-1-3",
  "__meta": {
    "updateId": -1810150440,
    "cdate": 1501428317830,
    "cuser": "cn=Al Mass,o=DARWINO",
    "mdate": 1501428403160,
    "replicaId": "85257FB8005090FB",
    "changes": "4uZ6",
    "muser": "cn=Al Mass,o=DARWINO",
    "seqId": 1
  }
}