{
  "form": "CompanyDocument",
  "_parentid": "F815B2CBD1B8C5FE8525816D0054AC94",
  "document": "Lorem ipsum dolor sit amet, consectetur adipiscing elit. Aliquam diam sem, bibendum non rutrum a, auctor nec massa. Proin nec nulla nibh. Nam ipsum lacus, elementum in luctus ut, fermentum sit amet nunc. Etiam tempus placerat lacus. Cras non tellus diam. Sed vel mauris metus. Ut elementum porttitor metus a sagittis. Fusce scelerisque neque nec augue iaculis eget tempor enim varius. Proin consequat sollicitudin lectus, vitae semper leo feugiat luctus. Donec ut rutrum lacus. Morbi faucibus leo vel arcu tincidunt in dignissim metus tristique. Nam nulla purus, aliquam ut mollis dapibus, tincidunt id neque. Etiam gravida, ipsum non volutpat molestie, odio dui rhoncus enim, eget cursus magna neque vitae mauris. Curabitur varius placerat mauris ac viverra. Mauris sollicitudin lorem in ante pretium ultrices. Vestibulum rhoncus placerat justo vel rhoncus. Nullam felis orci, placerat sed vulputate eget, aliquam a felis. In hac habitasse platea dictumst. Integer sagittis ante a turpis vestibulum at tempus justo tempus.\n\nInteger porta quam rutrum velit venenatis convallis ac scelerisque quam. Mauris non dui mi, nec scelerisque arcu. Cras malesuada tristique nisl, non mollis ligula vehicula vel. Etiam ac ligula vitae nisl dapibus hendrerit cursus quis nulla. Duis tincidunt vehicula eros, eu suscipit felis ornare sed. Etiam leo eros, congue non viverra nec, adipiscing eget justo. Nulla nec nisi magna. Etiam facilisis sapien sit amet est tempus at malesuada sapien lobortis. Nam mauris ligula, rhoncus eu malesuada a, ultrices non elit. Vestibulum urna felis, porta et ultricies quis, tincidunt sed mi. Proin pellentesque aliquet semper. Morbi volutpat posuere sollicitudin. Morbi consectetur sagittis felis, sed porta nulla aliquam nec. Fusce semper erat nec metus fringilla luctus. Morbi mattis, arcu ut suscipit pretium, orci sapien ultrices purus, eu ultrices ligula diam vitae ligula. Maecenas vestibulum diam at massa ultrices at bibendum turpis rhoncus. Morbi volutpat neque auctor urna tincidunt luctus. Suspendisse potenti. Curabitur at eros nec est suscipit rhoncus sit amet ullamcorper dui.\n\nDonec faucibus nibh id lectus mollis tempor. Vestibulum enim sapien, lacinia vel tempus vitae, tempus vitae justo. In non lorem est. Morbi tempus magna vitae ipsum cursus mollis. Sed imperdiet consequat vestibulum. Quisque luctus augue a erat porta suscipit. Mauris pretium nibh ut elit fermentum tempus. Phasellus eu rhoncus tortor. Suspendisse dui lorem, faucibus ac ultricies at, iaculis id justo. Cras aliquam fermentum quam a vestibulum. Duis vitae mi tellus, convallis imperdiet ligula. Vestibulum vel mauris malesuada sapien venenatis bibendum in id ligula.\n\nDuis in justo sit amet est viverra faucibus. Pellentesque iaculis molestie est vitae eleifend. Nulla facilisi. Integer in velit tortor. In rhoncus neque id enim convallis vel tempus augue posuere. Integer lobortis, nisl vel ultricies cursus, libero nulla dapibus ligula, ac tincidunt purus massa ac odio. Sed posuere arcu eu arcu tempus molestie nec nec sem. Integer mattis mollis est in congue. Curabitur accumsan massa felis. Quisque accumsan scelerisque volutpat. Vestibulum ante ipsum primis in faucibus orci luctus et ultrices posuere cubilia Curae; Curabitur vestibulum lacinia felis, ac elementum turpis vestibulum vitae. Suspendisse ligula elit, pulvinar a condimentum a, ultricies eleifend nulla. Ut commodo risus sit amet tortor venenatis ullamcorper. Nunc nec purus sed enim porttitor ullamcorper sed et nisi. Mauris nisl mi, hendrerit ac tincidunt sed, suscipit id tellus. Quisque pulvinar eros sit amet mi ultrices congue ac et dolor.",
  "title": "Document 4-3-2-2-3",
  "__meta": {
    "updateId": -1810227590,
    "cdate": 1501428292070,
    "cuser": "cn=Al Mass,o=DARWINO",
    "mdate": 1501428326010,
    "replicaId": "85257FB8005090FB",
    "changes": "OfLh",
    "muser": "cn=Al Mass,o=DARWINO",
    "seqId": 1
  }
}