{
  "form": "CompanyDocument",
  "_parentid": "7D60A007A309DCE08525816D0054B519",
  "document": "Sed et arcu ut metus vulputate ultrices pulvinar ut diam. Aliquam pharetra congue elit, vitae ultricies tellus pharetra ac. Donec ut leo sed sem suscipit accumsan. Donec porta nibh risus. Donec aliquam, lorem vitae aliquet lobortis, ligula quam sodales dui, vel auctor lacus nisi et purus. Vestibulum sollicitudin, nisi a adipiscing consectetur, neque nunc tristique nisi, nec faucibus justo erat sed mauris. Curabitur elementum orci sit amet sem egestas dapibus. Suspendisse potenti. Sed feugiat viverra erat, et ullamcorper metus ullamcorper eu. Nunc ultrices commodo nisl.\n\nVivamus at elit in ante vestibulum tempor. Praesent ullamcorper tortor at sapien sagittis semper. Etiam euismod fringilla rhoncus. Sed tempor lorem a sapien fringilla pretium. In accumsan sagittis ligula volutpat porta. Quisque ullamcorper ullamcorper dolor at posuere. Aenean et interdum elit. Class aptent taciti sociosqu ad litora torquent per conubia nostra, per inceptos himenaeos. Donec venenatis fringilla est, vel molestie purus lobortis id. Vivamus rutrum lobortis dui id blandit. Cras imperdiet ultricies luctus. Fusce laoreet odio nec odio porta auctor. Donec id dui facilisis lectus vehicula ornare quis at nulla. Nam id odio quis libero vestibulum tincidunt eu et lorem.",
  "title": "Document 1-3-1-1-1",
  "__meta": {
    "updateId": -1810162330,
    "cdate": 1501428313860,
    "cuser": "cn=Al Mass,o=DARWINO",
    "mdate": 1501428391270,
    "replicaId": "85257FB8005090FB",
    "changes": "M1AC",
    "muser": "cn=Al Mass,o=DARWINO",
    "seqId": 1
  }
}