{
  "form": "CompanyDocument",
  "_parentid": "F97363FDC90278AC8525816D0054B12A",
  "document": "Integer sed convallis enim. Vestibulum augue odio, convallis at blandit at, gravida ac felis. Aliquam purus est, consectetur sed facilisis scelerisque, aliquet sed lectus. Nullam ut scelerisque arcu. Praesent eget est nec metus rhoncus viverra non pretium eros. Proin sed lorem et diam varius iaculis. Donec consectetur imperdiet dignissim. Cum sociis natoque penatibus et magnis dis parturient montes, nascetur ridiculus mus. Integer cursus augue id nunc vulputate vestibulum. Etiam vel dui nec ante hendrerit consequat. Sed nec metus nec mauris mattis placerat nec a tortor. Pellentesque habitant morbi tristique senectus et netus et malesuada fames ac turpis egestas.\n\nCras semper volutpat odio, quis rutrum dolor mollis non. Nunc rhoncus metus eu libero dapibus porta. Class aptent taciti sociosqu ad litora torquent per conubia nostra, per inceptos himenaeos. Praesent venenatis diam pellentesque dui feugiat a venenatis dui sodales. Duis commodo erat sed mauris porta gravida. Vivamus sit amet erat a purus viverra dictum ac vel sem. Sed pulvinar ipsum a mauris luctus at malesuada urna iaculis. Aliquam pharetra eleifend enim, nec accumsan ligula feugiat sit amet. Nam sapien orci, iaculis ac tincidunt at, congue eu orci. Integer sed nulla vel odio ullamcorper fringilla. Integer eu sapien eu ligula ultrices euismod.",
  "title": "Document 1-3-2-1-2",
  "__meta": {
    "updateId": -1810192460,
    "cdate": 1501428303800,
    "cuser": "cn=Al Mass,o=DARWINO",
    "mdate": 1501428361140,
    "replicaId": "85257FB8005090FB",
    "changes": "joOg",
    "muser": "cn=Al Mass,o=DARWINO",
    "seqId": 1
  }
}