{
  "form": "CompanyDocument",
  "_parentid": "925B528E9450FFFD8525816D0054A653",
  "document": "Lorem ipsum dolor sit amet, consectetur adipiscing elit. Praesent dapibus lacus non odio hendrerit mattis. Morbi consectetur ultricies sollicitudin. Proin ultricies placerat neque nec sollicitudin. Curabitur imperdiet semper diam euismod rhoncus. Duis luctus posuere felis, eget blandit eros suscipit in. Ut et neque vitae urna accumsan consectetur nec eu leo. Proin aliquam est vel elit aliquam condimentum. Aenean dignissim venenatis massa, sit amet lobortis turpis molestie in. Suspendisse potenti. Praesent porttitor sapien in arcu condimentum lobortis. Sed sit amet sem in odio tristique hendrerit vitae eget metus. Suspendisse mollis molestie tellus vel condimentum. Aliquam in tortor quis ipsum elementum blandit. Praesent feugiat, libero sit amet fringilla ultricies, ligula tellus molestie nisi, vitae cursus est nisi sed odio. Vivamus in nisi auctor lorem ultrices rhoncus sit amet vitae nunc.\n\nUt ultricies fermentum est, ac commodo lectus porttitor quis. In placerat felis nec metus accumsan id aliquam arcu tincidunt. Nullam laoreet tincidunt blandit. Aenean tincidunt tempus nisl, a iaculis neque laoreet eu. Ut mollis erat non lacus posuere a pellentesque est interdum. Maecenas diam velit, mattis at interdum posuere, placerat ut quam. Ut auctor urna eget risus tempus pulvinar. Sed ac dignissim justo. Nunc eu enim eu risus dignissim eleifend. Ut consectetur semper diam, nec malesuada urna gravida eu. Nulla imperdiet commodo nulla ut mattis. Proin in viverra dui. Cras vel augue felis, non consectetur justo. Proin aliquam purus dolor, sed tristique turpis. Integer quis lectus magna. Integer sed rhoncus tortor. Morbi id orci quis quam egestas viverra vitae a arcu. Curabitur consectetur vehicula magna, eu egestas est molestie a. Fusce molestie enim eget quam ultricies eu convallis lacus rutrum.\n\nCras ut neque in justo rutrum eleifend. In hac habitasse platea dictumst. Nulla malesuada enim eget turpis condimentum lacinia. Suspendisse semper, lorem adipiscing posuere gravida, libero ipsum pharetra orci, id euismod urna metus eget risus. Nam nec mattis purus. Aenean sit amet augue id nibh facilisis posuere. Etiam hendrerit blandit metus, nec accumsan ligula interdum ut. Nullam sagittis venenatis urna, sed gravida ante mollis nec. Donec quis dapibus dolor. Duis id consectetur mi. Phasellus dapibus vehicula semper. Sed condimentum tempor tincidunt. Mauris quis odio non mi porttitor molestie ac ut nisi. Curabitur sed magna sit amet sem faucibus posuere a at sem. Phasellus interdum pharetra est, at sodales ipsum fermentum non. Nullam lacus dolor, malesuada eu tempor in, tincidunt euismod magna. Maecenas velit nunc, lobortis nec eleifend eget, dictum laoreet odio.\n\nCurabitur sit amet turpis at odio aliquam sollicitudin. Maecenas ac urna diam, sit amet sollicitudin orci. Maecenas quis porttitor nisi. Etiam sit amet ante diam, vel ullamcorper est. Nulla facilisi. Maecenas eu tellus magna, at blandit massa. Mauris interdum rutrum tellus id rutrum. Pellentesque vitae tortor at odio fringilla fermentum vel sit amet lorem. Cum sociis natoque penatibus et magnis dis parturient montes, nascetur ridiculus mus. Aliquam nec eleifend ligula. In tortor sapien, tincidunt et accumsan a, blandit a sem. Nullam pharetra consequat justo, sed faucibus libero dictum id. Praesent et nibh eget eros scelerisque sagittis quis ac sem. Vestibulum posuere vehicula augue. Ut id tempor risus. Praesent vestibulum, lacus sit amet facilisis tristique, odio nisi auctor ipsum, in facilisis sapien nisl ac dui.",
  "title": "Document 3-1-2-2",
  "__meta": {
    "updateId": -1810275440,
    "cdate": 1501428276090,
    "cuser": "cn=Al Mass,o=DARWINO",
    "mdate": 1501428278160,
    "replicaId": "85257FB8005090FB",
    "changes": "JSlD",
    "muser": "cn=Al Mass,o=DARWINO",
    "seqId": 1
  }
}