{
  "form": "CompanyDocument",
  "_parentid": "6CE7A78E5E13B4BE8525816D0054AA66",
  "document": "Pellentesque habitant morbi tristique senectus et netus et malesuada fames ac turpis egestas. Duis mattis mattis felis, sit amet aliquam elit vulputate quis. Vestibulum odio lacus, viverra tempor gravida ac, tincidunt porttitor urna. Etiam laoreet, urna eu aliquet volutpat, odio tellus rhoncus diam, at fringilla quam dolor sit amet lorem. Donec dapibus est ut metus pretium sollicitudin. Morbi ut tellus ac diam posuere malesuada. Curabitur vitae nisl orci. Vestibulum lectus enim, feugiat nec blandit sit amet, dictum sed sapien. Duis placerat dictum est eget volutpat. Morbi in mauris at mauris fermentum varius non ac lacus. Nullam facilisis lacinia nulla, ut lacinia magna sodales quis. Suspendisse potenti. Suspendisse potenti. In ut diam tortor. Integer ac risus quis tortor molestie congue. In hac habitasse platea dictumst. Praesent bibendum tristique ligula, tincidunt accumsan leo cursus ut.\n\nMorbi dapibus ultricies dignissim. Lorem ipsum dolor sit amet, consectetur adipiscing elit. Suspendisse sollicitudin lobortis odio a euismod. Sed vitae ultricies metus. Vestibulum ut dignissim purus. Maecenas metus leo, auctor tincidunt vulputate ut, euismod id leo. Nam dolor diam, tempus posuere fringilla quis, malesuada sit amet velit. Vivamus tristique, metus eget luctus tempus, quam urna convallis dolor, id euismod felis massa eget turpis. Pellentesque habitant morbi tristique senectus et netus et malesuada fames ac turpis egestas. Vestibulum lacus justo, gravida ac congue eu, vulputate sit amet dolor. Class aptent taciti sociosqu ad litora torquent per conubia nostra, per inceptos himenaeos.\n\nNunc nec tincidunt sapien. Suspendisse varius semper erat lobortis rutrum. In imperdiet porta lacinia. Donec tincidunt ullamcorper turpis, ac convallis mauris dignissim non. Sed posuere ligula justo. Pellentesque tristique est et nibh sollicitudin nec vehicula orci vulputate. Etiam nec lorem augue, sit amet convallis justo. Fusce quis metus id mi lacinia porttitor. Sed quis eros lacus. Nulla scelerisque blandit consequat. Curabitur dictum massa et dolor tristique tincidunt. Nulla facilisi. Cras tristique leo leo, id auctor magna. Duis iaculis imperdiet nulla, in sagittis justo malesuada sit amet. Morbi fringilla lacinia magna in gravida. Pellentesque vulputate pretium aliquet.\n\nNunc dolor massa, egestas ut tristique a, tincidunt eu nisl. Curabitur sodales rhoncus urna vitae gravida. Praesent feugiat suscipit sapien ut adipiscing. Nulla commodo convallis eros, id ultricies nulla volutpat sit amet. Vestibulum vitae lectus nec dolor vestibulum aliquam. Suspendisse luctus tellus non mi euismod tempus molestie purus euismod. Cras et bibendum lorem. Pellentesque at nibh at neque scelerisque porta vitae a mi. Nunc porttitor ipsum sed nisl cursus malesuada. Mauris aliquet odio non mi volutpat bibendum eget nec elit. Fusce nec neque nec justo dapibus blandit sed at diam. Proin vestibulum tristique est quis scelerisque. Donec pretium pulvinar dolor, nec dignissim massa dictum fringilla. Vivamus laoreet convallis dolor, non rhoncus leo pellentesque quis. Suspendisse mollis cursus dui, a congue est consequat eu. Pellentesque in risus ipsum, vel sodales nisi. Duis vitae quam tortor, ut interdum leo. Morbi vitae pulvinar est.",
  "title": "Document 2-1-1-2-3",
  "__meta": {
    "updateId": -1810244310,
    "cdate": 1501428286490,
    "cuser": "cn=Al Mass,o=DARWINO",
    "mdate": 1501428309290,
    "replicaId": "85257FB8005090FB",
    "changes": "Cml9",
    "muser": "cn=Al Mass,o=DARWINO",
    "seqId": 1
  }
}