{
  "form": "CompanyDocument",
  "_parentid": "F97363FDC90278AC8525816D0054B12A",
  "document": "Etiam vitae tincidunt lacus. Nam ac felis et purus sagittis pretium ut nec metus. Suspendisse nisl dolor, tempus at ultrices a, lacinia congue metus. Nulla tempor euismod consectetur. Donec sed mi eu magna consectetur eleifend sit amet vel magna. Proin aliquet leo vel nisi malesuada non adipiscing odio semper. Morbi id velit at eros venenatis cursus. Aenean id augue non neque pharetra iaculis et non risus. Vestibulum ante ipsum primis in faucibus orci luctus et ultrices posuere cubilia Curae; Ut pulvinar sollicitudin ligula, ullamcorper egestas leo pellentesque in. Integer elementum dui et leo gravida ornare. Suspendisse laoreet, mi at posuere fringilla, nisi tellus scelerisque elit, vel imperdiet nunc ipsum in purus. Quisque convallis, mi id placerat accumsan, ligula enim cursus metus, sit amet molestie sapien enim eget nibh. Aenean sagittis sollicitudin malesuada. Suspendisse potenti. Suspendisse vel massa id justo fermentum facilisis at in nunc. Nam sed quam risus, a dictum sem. Integer porttitor risus nec nisi aliquet semper. Cras ultrices magna ac metus eleifend mattis.\n\nFusce vitae sagittis augue. Cras ac justo quis leo laoreet faucibus. Etiam tempus, mi at volutpat vestibulum, eros libero pulvinar metus, non venenatis augue mauris non erat. Donec risus est, volutpat vitae fringilla quis, sodales in erat. Sed consequat nunc vitae lacus bibendum ornare. Nulla faucibus tortor non ligula malesuada in bibendum dolor faucibus. Proin arcu est, fermentum quis ullamcorper nec, lobortis sed purus. Fusce sollicitudin quam id ligula condimentum tincidunt. Donec vel lectus diam. Mauris mattis erat nec mauris fermentum commodo.\n\nNullam semper libero vel risus aliquet vel tincidunt justo convallis. Class aptent taciti sociosqu ad litora torquent per conubia nostra, per inceptos himenaeos. Fusce vel mauris nunc. Vestibulum pharetra ligula sit amet est hendrerit fringilla. Cras volutpat metus quis massa sodales pellentesque. Pellentesque habitant morbi tristique senectus et netus et malesuada fames ac turpis egestas. Nam congue eleifend tortor, vitae facilisis massa porttitor ac. Etiam ut dui mauris, sagittis congue leo. Sed aliquam aliquet mauris ac gravida. Phasellus elementum mattis magna vitae tristique.",
  "title": "Document 1-3-2-1-1",
  "__meta": {
    "updateId": -1810192490,
    "cdate": 1501428303790,
    "cuser": "cn=Al Mass,o=DARWINO",
    "mdate": 1501428361110,
    "replicaId": "85257FB8005090FB",
    "changes": "Hx6v",
    "muser": "cn=Al Mass,o=DARWINO",
    "seqId": 1
  }
}