{
  "form": "CompanyDocument",
  "_parentid": "8B372198A19C04D78525816D0054B007",
  "document": "Cras at mi a nisi auctor accumsan id nec quam. Morbi ac tempus turpis. Sed congue eleifend purus, a lacinia nunc accumsan non. Integer sodales aliquet libero, eu congue mauris vulputate non. Pellentesque sodales, lacus at tincidunt vestibulum, lacus diam tincidunt eros, ac tincidunt lorem massa non turpis. Pellentesque vel sem quis neque lacinia interdum. Nam tempor pellentesque felis eget cursus. Proin aliquet porttitor mi, sed vestibulum urna congue sed. Quisque mattis, lorem convallis gravida tempor, dolor purus ornare enim, id congue nulla urna nec nisi. Integer adipiscing viverra risus, non viverra sem scelerisque eu. Donec quam sem, elementum ac tristique vel, iaculis nec odio. Morbi a massa massa. Vivamus et augue vel enim tristique mattis a quis lacus. Vestibulum ante ipsum primis in faucibus orci luctus et ultrices posuere cubilia Curae;\n\nSuspendisse nec neque at nisi porttitor lacinia. Sed rhoncus imperdiet urna, sed adipiscing tortor mattis nec. Curabitur sollicitudin tristique augue lobortis vestibulum. Nulla auctor venenatis commodo. Donec congue, mi a ullamcorper bibendum, sapien felis hendrerit ligula, id scelerisque erat tellus at tellus. Phasellus lacinia vestibulum commodo. Morbi id nisl nisi, at ultricies lectus. Ut gravida turpis sit amet magna pharetra eleifend. In tristique varius tellus ut blandit. Fusce at odio quis nibh adipiscing egestas quis aliquet velit. Integer pulvinar dui lobortis urna venenatis non tincidunt felis eleifend. Ut vestibulum, nunc non rutrum egestas, est orci varius nibh, at venenatis arcu nisi fringilla metus. Donec eu nulla in justo egestas mattis malesuada id leo. Vestibulum id lorem metus. Duis porta, risus sed ultricies tincidunt, nisl nisi mattis metus, et cursus neque risus convallis arcu. Class aptent taciti sociosqu ad litora torquent per conubia nostra, per inceptos himenaeos. Pellentesque habitant morbi tristique senectus et netus et malesuada fames ac turpis egestas. Suspendisse vehicula neque nec diam volutpat sed tempor libero vulputate. Nunc eget sapien eros, eleifend molestie erat. Praesent ut sapien felis, non tristique tellus.\n\nIn a enim sit amet elit bibendum scelerisque eget id neque. Donec sed tellus dolor, sed luctus magna. Vestibulum ac tellus ac est euismod tincidunt. Curabitur nisi quam, faucibus et porttitor quis, faucibus ac ligula. Pellentesque dictum, lectus a scelerisque imperdiet, odio neque hendrerit ligula, mattis viverra eros mi eget libero. Donec ut enim ut elit vehicula malesuada. Nunc consectetur elementum facilisis. Donec eleifend congue nulla ut fermentum. Class aptent taciti sociosqu ad litora torquent per conubia nostra, per inceptos himenaeos. Class aptent taciti sociosqu ad litora torquent per conubia nostra, per inceptos himenaeos. Nulla sit amet aliquam urna.",
  "title": "Document 5-3-1-1-1",
  "__meta": {
    "updateId": -1810201190,
    "cdate": 1501428300880,
    "cuser": "cn=Al Mass,o=DARWINO",
    "mdate": 1501428352410,
    "replicaId": "85257FB8005090FB",
    "changes": "k4HB",
    "muser": "cn=Al Mass,o=DARWINO",
    "seqId": 1
  }
}