{
  "form": "CompanyDocument",
  "_parentid": "819C3BFCD84675BC8525816D0054B545",
  "document": "Nullam semper libero vel risus aliquet vel tincidunt justo convallis. Class aptent taciti sociosqu ad litora torquent per conubia nostra, per inceptos himenaeos. Fusce vel mauris nunc. Vestibulum pharetra ligula sit amet est hendrerit fringilla. Cras volutpat metus quis massa sodales pellentesque. Pellentesque habitant morbi tristique senectus et netus et malesuada fames ac turpis egestas. Nam congue eleifend tortor, vitae facilisis massa porttitor ac. Etiam ut dui mauris, sagittis congue leo. Sed aliquam aliquet mauris ac gravida. Phasellus elementum mattis magna vitae tristique.\n\nEtiam vitae tincidunt lacus. Nam ac felis et purus sagittis pretium ut nec metus. Suspendisse nisl dolor, tempus at ultrices a, lacinia congue metus. Nulla tempor euismod consectetur. Donec sed mi eu magna consectetur eleifend sit amet vel magna. Proin aliquet leo vel nisi malesuada non adipiscing odio semper. Morbi id velit at eros venenatis cursus. Aenean id augue non neque pharetra iaculis et non risus. Vestibulum ante ipsum primis in faucibus orci luctus et ultrices posuere cubilia Curae; Ut pulvinar sollicitudin ligula, ullamcorper egestas leo pellentesque in. Integer elementum dui et leo gravida ornare. Suspendisse laoreet, mi at posuere fringilla, nisi tellus scelerisque elit, vel imperdiet nunc ipsum in purus. Quisque convallis, mi id placerat accumsan, ligula enim cursus metus, sit amet molestie sapien enim eget nibh. Aenean sagittis sollicitudin malesuada. Suspendisse potenti. Suspendisse vel massa id justo fermentum facilisis at in nunc. Nam sed quam risus, a dictum sem. Integer porttitor risus nec nisi aliquet semper. Cras ultrices magna ac metus eleifend mattis.\n\nAliquam auctor risus ac ipsum vestibulum a rhoncus diam porta. Nam mattis suscipit justo, vestibulum gravida quam consequat ac. Vestibulum ante ipsum primis in faucibus orci luctus et ultrices posuere cubilia Curae; Aliquam rhoncus, velit laoreet accumsan rhoncus, lacus quam hendrerit nunc, at lacinia turpis ligula vitae dui. Duis vel neque eu nulla lobortis pretium. Sed vitae malesuada libero. Aliquam dapibus tincidunt volutpat. Fusce pellentesque interdum augue, nec tempus lacus lobortis eu. Duis congue mi eu sapien fermentum placerat. Integer non velit viverra enim convallis vehicula sed ut orci. Donec ultricies, erat vitae dictum porttitor, nunc orci feugiat quam, at faucibus lectus lacus sit amet purus. Cum sociis natoque penatibus et magnis dis parturient montes, nascetur ridiculus mus. Nunc suscipit mauris ut odio lacinia ut elementum nunc pretium. Curabitur arcu ante, viverra a aliquam id, ullamcorper eu tortor. Aliquam erat volutpat. Proin commodo auctor urna, nec facilisis nibh volutpat sit amet. Pellentesque risus ante, dignissim interdum fringilla nec, convallis id justo. Aenean lobortis erat nec purus suscipit ut posuere mi fringilla. Etiam feugiat nisi eu felis lacinia consequat. Suspendisse id ligula blandit sapien elementum placerat ut non velit.\n\nDuis tempus sem quis lacus euismod blandit id eget tellus. Vivamus congue ipsum eu erat congue tincidunt. Proin sit amet ante id leo luctus egestas. Praesent a augue at velit venenatis aliquet. Praesent molestie luctus metus, vel vulputate urna rhoncus vitae. Morbi tincidunt velit orci, ac malesuada massa. Cras sit amet elit ipsum. Morbi viverra massa cursus elit aliquam iaculis. Sed vel neque lobortis augue placerat dignissim in et diam. Nunc scelerisque quam ut mi vestibulum vitae ornare magna convallis.",
  "title": "Document 2-3-3",
  "__meta": {
    "updateId": -1810160770,
    "cdate": 1501428314380,
    "cuser": "cn=Al Mass,o=DARWINO",
    "mdate": 1501428392830,
    "replicaId": "85257FB8005090FB",
    "changes": "GyFb",
    "muser": "cn=Al Mass,o=DARWINO",
    "seqId": 1
  }
}