{
  "form": "CompanyDocument",
  "_parentid": "FC772E4034187F038525816D0054A8B8",
  "document": "In rhoncus sagittis dictum. Aenean eu est eu urna vestibulum vestibulum sit amet nec velit. Suspendisse tortor quam, volutpat quis vehicula pharetra, vestibulum a nunc. Nulla facilisis feugiat leo, ac dapibus sem lacinia quis. Donec at ligula risus. Suspendisse tincidunt cursus mi ac aliquet. Suspendisse mollis lobortis risus, nec pretium nisl tincidunt quis. Vestibulum ultricies, nibh ut consectetur semper, massa ipsum viverra metus, nec eleifend nisl tortor eu dui. Pellentesque quis felis at nulla accumsan gravida. Aliquam erat volutpat. Etiam nec ante sed felis tristique tempus. Aliquam in congue velit. Mauris volutpat dictum aliquet.",
  "title": "Document 3-1-2-3-3",
  "__meta": {
    "updateId": -1810257180,
    "cdate": 1501428282190,
    "cuser": "cn=Al Mass,o=DARWINO",
    "mdate": 1501428296420,
    "replicaId": "85257FB8005090FB",
    "changes": "x8Jd",
    "muser": "cn=Al Mass,o=DARWINO",
    "seqId": 1
  }
}