{
  "form": "CompanyDocument",
  "_parentid": "F6920FB8DBF319228525816D0054A93C",
  "document": "Donec lacus dui, sagittis ac varius sed, lobortis sed neque. Nullam mollis justo sed magna eleifend iaculis. Nulla in nunc sed turpis vestibulum porttitor. Aliquam a diam libero, sit amet pretium odio. Pellentesque habitant morbi tristique senectus et netus et malesuada fames ac turpis egestas. Cum sociis natoque penatibus et magnis dis parturient montes, nascetur ridiculus mus. Quisque sed arcu urna. Proin nibh massa, pulvinar ac elementum eu, luctus eget justo. Morbi lobortis purus quis metus consectetur tincidunt. Suspendisse ac sapien vitae nunc convallis semper. Maecenas tincidunt varius lacus non luctus. Donec congue, arcu viverra tristique luctus, tellus augue lacinia felis, sed varius velit tellus sed tellus. Class aptent taciti sociosqu ad litora torquent per conubia nostra, per inceptos himenaeos. Cras pulvinar velit ipsum. Nulla rhoncus ullamcorper nisi, in malesuada massa vehicula sit amet. Maecenas blandit nisi a urna fermentum vestibulum. Sed vel vulputate orci. Vestibulum rhoncus, odio a mattis feugiat, velit est sagittis est, non vehicula diam felis a lacus.\n\nUt nec libero nec sem luctus ultricies. Donec quis nibh eget sapien aliquet fringilla sed porta libero. Donec varius mollis dui eu eleifend. Quisque mattis, eros venenatis aliquam sodales, nibh orci volutpat nunc, id laoreet purus risus ac risus. Vestibulum feugiat nunc nec diam dignissim ullamcorper. Pellentesque at tortor augue. Suspendisse consectetur massa id est vestibulum ultrices. Vivamus porttitor nibh non nibh tincidunt vitae placerat risus posuere. Donec commodo ante leo. Praesent convallis urna et sem fringilla dapibus. Morbi velit leo, facilisis eget adipiscing vel, pretium id enim. Aliquam hendrerit risus eget eros aliquam vitae laoreet magna aliquam. Nulla facilisi. Sed euismod risus at orci dictum tincidunt.",
  "title": "Document 2-1-3-1",
  "__meta": {
    "updateId": -1810253290,
    "cdate": 1501428283490,
    "cuser": "cn=Al Mass,o=DARWINO",
    "mdate": 1501428300310,
    "replicaId": "85257FB8005090FB",
    "changes": "4VYA",
    "muser": "cn=Al Mass,o=DARWINO",
    "seqId": 1
  }
}