{
  "form": "CompanyDocument",
  "_parentid": "B070B646BBB89CBF8525816D0054B826",
  "document": "Vestibulum arcu mauris, imperdiet eget semper vitae, lobortis eget quam. Quisque pharetra, erat et consequat pulvinar, enim urna viverra arcu, vitae porta massa odio eget nibh. In in purus adipiscing sapien porttitor imperdiet eu non risus. Suspendisse eu orci in nibh mollis fringilla. Aenean et porttitor ante. Integer diam dui, consequat ac hendrerit in, tristique a magna. Quisque vitae ante id lacus bibendum aliquam. Suspendisse tincidunt suscipit elementum. Phasellus nec lorem ac leo auctor molestie id id felis. Integer varius, metus id consectetur dapibus, arcu turpis porttitor urna, at sodales quam dui at nisl. Morbi id lorem sed tortor sollicitudin adipiscing commodo eu dolor. Sed gravida cursus lectus sed viverra. Proin sit amet lorem a ipsum imperdiet hendrerit. Nullam diam libero, tincidunt ac vestibulum in, molestie nec velit. Vestibulum ante ipsum primis in faucibus orci luctus et ultrices posuere cubilia Curae; Morbi ut ligula et urna porttitor dictum euismod commodo risus. Nullam volutpat, dui in aliquet vulputate, nisl ipsum elementum est, eget ornare tellus massa vitae ante. Suspendisse ut lorem tortor, ac tempor enim. Nunc adipiscing fringilla placerat.\n\nAliquam erat volutpat. Nam hendrerit bibendum libero, eu pellentesque nulla tempor vitae. Duis bibendum felis a dui gravida porttitor in vel ante. Nam quis metus nec ante feugiat sodales at id orci. Cras semper nisi blandit tellus cursus rhoncus. Maecenas sed lacus ut metus euismod interdum. Phasellus vulputate facilisis nisi quis pulvinar. Morbi a erat eget quam accumsan egestas. Class aptent taciti sociosqu ad litora torquent per conubia nostra, per inceptos himenaeos. Vivamus non luctus felis. Quisque sit amet sapien vitae augue gravida ullamcorper. Pellentesque hendrerit nulla sit amet felis bibendum ac blandit est dignissim. Phasellus vel rutrum metus. Donec egestas eleifend varius. Nunc consequat interdum blandit. Cum sociis natoque penatibus et magnis dis parturient montes, nascetur ridiculus mus. Phasellus fermentum posuere mattis. Nulla in leo vel velit mollis porta a vitae nisl. Donec malesuada, justo ac sodales aliquet, quam neque lacinia elit, vitae dapibus sem mauris a turpis. Cras non leo elit.",
  "title": "Document 6-3-1-2-1",
  "__meta": {
    "updateId": -1810138940,
    "cdate": 1501428321670,
    "cuser": "cn=Al Mass,o=DARWINO",
    "mdate": 1501428414660,
    "replicaId": "85257FB8005090FB",
    "changes": "zjFq",
    "muser": "cn=Al Mass,o=DARWINO",
    "seqId": 1
  }
}