{
  "form": "CompanyDocument",
  "_parentid": "189C7CDB633ED5288525816D0054ACB3",
  "document": "Nunc posuere pretium turpis in auctor. Donec hendrerit, felis at imperdiet sodales, nisi dui fringilla augue, tincidunt facilisis nulla neque vitae mi. Sed suscipit felis sit amet elit dictum a congue enim gravida. Duis mattis ante nec diam vehicula sollicitudin. Ut vitae sapien et orci commodo facilisis nec ac ligula. Nunc erat tortor, elementum in molestie nec, lobortis in justo. Nam facilisis varius neque, vitae tristique augue consectetur eget. Nunc tempus libero id justo tincidunt imperdiet. Vestibulum egestas, magna eget tempus dapibus, lacus elit facilisis neque, eu gravida sem mauris sed sem. Lorem ipsum dolor sit amet, consectetur adipiscing elit. Aenean id commodo erat. Donec leo mauris, ultricies eu posuere id, rhoncus sagittis est. Class aptent taciti sociosqu ad litora torquent per conubia nostra, per inceptos himenaeos.\n\nAliquam adipiscing, eros mattis laoreet dictum, augue leo consectetur arcu, at mollis lectus arcu ac mi. Vivamus mollis, purus et iaculis accumsan, elit sapien fringilla tortor, a adipiscing massa urna eget lectus. Nunc malesuada magna nec nibh ultrices ac tempus lorem euismod. Nullam eget enim felis. Donec felis tellus, egestas ac sagittis ut, faucibus et nulla. Mauris dignissim mauris ac elit scelerisque interdum. Ut sit amet velit sit amet tellus tristique lobortis at non diam. Sed rhoncus erat dignissim quam commodo facilisis vitae vitae mi. Nulla sollicitudin, erat id fermentum blandit, diam nulla aliquet purus, ut dictum mauris tortor sed mi. Mauris adipiscing blandit ligula vel gravida. Mauris volutpat suscipit purus sit amet ultricies. Praesent sapien diam, lacinia vel iaculis non, laoreet a quam. Nam mollis erat lacinia enim placerat mollis.\n\nDuis in justo sit amet est viverra faucibus. Pellentesque iaculis molestie est vitae eleifend. Nulla facilisi. Integer in velit tortor. In rhoncus neque id enim convallis vel tempus augue posuere. Integer lobortis, nisl vel ultricies cursus, libero nulla dapibus ligula, ac tincidunt purus massa ac odio. Sed posuere arcu eu arcu tempus molestie nec nec sem. Integer mattis mollis est in congue. Curabitur accumsan massa felis. Quisque accumsan scelerisque volutpat. Vestibulum ante ipsum primis in faucibus orci luctus et ultrices posuere cubilia Curae; Curabitur vestibulum lacinia felis, ac elementum turpis vestibulum vitae. Suspendisse ligula elit, pulvinar a condimentum a, ultricies eleifend nulla. Ut commodo risus sit amet tortor venenatis ullamcorper. Nunc nec purus sed enim porttitor ullamcorper sed et nisi. Mauris nisl mi, hendrerit ac tincidunt sed, suscipit id tellus. Quisque pulvinar eros sit amet mi ultrices congue ac et dolor.\n\nCras semper volutpat odio, quis rutrum dolor mollis non. Nunc rhoncus metus eu libero dapibus porta. Class aptent taciti sociosqu ad litora torquent per conubia nostra, per inceptos himenaeos. Praesent venenatis diam pellentesque dui feugiat a venenatis dui sodales. Duis commodo erat sed mauris porta gravida. Vivamus sit amet erat a purus viverra dictum ac vel sem. Sed pulvinar ipsum a mauris luctus at malesuada urna iaculis. Aliquam pharetra eleifend enim, nec accumsan ligula feugiat sit amet. Nam sapien orci, iaculis ac tincidunt at, congue eu orci. Integer sed nulla vel odio ullamcorper fringilla. Integer eu sapien eu ligula ultrices euismod.",
  "title": "Document 5-1",
  "__meta": {
    "updateId": -1810226720,
    "cdate": 1501428292360,
    "cuser": "cn=Al Mass,o=DARWINO",
    "mdate": 1501428326880,
    "replicaId": "85257FB8005090FB",
    "changes": "QhEQ",
    "muser": "cn=Al Mass,o=DARWINO",
    "seqId": 1
  }
}