{
  "form": "CompanyDocument",
  "_parentid": "D598AA476E89216B8525816D0054AFCB",
  "document": "Integer vitae massa nec augue eleifend consequat. Donec tristique turpis ut est imperdiet id accumsan nunc pulvinar. Fusce pretium viverra sem a condimentum. Praesent convallis eleifend semper. Quisque eleifend, enim dapibus laoreet ultricies, quam sapien congue felis, quis accumsan augue velit sed nibh. Vestibulum quis magna nibh. Integer et orci velit, at tincidunt orci. Vivamus vel sem purus, quis vestibulum velit. Nulla ac viverra massa. Curabitur pellentesque erat a elit eleifend eu fermentum mi cursus. Donec tincidunt ornare lacus, eget varius turpis ultricies ut. Praesent nec neque rhoncus mi lobortis ultricies quis in nulla. Duis id iaculis sapien. Curabitur velit justo, lacinia et eleifend in, accumsan a est. Integer urna ipsum, facilisis vel faucibus nec, tristique vehicula ligula. Praesent at urna bibendum felis ullamcorper mollis quis eu lacus.",
  "title": "Document 4-2-4-3-2",
  "__meta": {
    "updateId": -1810202960,
    "cdate": 1501428300290,
    "cuser": "cn=Al Mass,o=DARWINO",
    "mdate": 1501428350640,
    "replicaId": "85257FB8005090FB",
    "changes": "Sgn6",
    "muser": "cn=Al Mass,o=DARWINO",
    "seqId": 1
  }
}