{
  "form": "CompanyDocument",
  "_parentid": "A7434CC3E9A75DAC8525816D0054AFF2",
  "document": "Vestibulum placerat ornare ultricies. Donec dapibus nisl nec urna aliquet porta. Nulla non nisi nisl. Aliquam luctus sollicitudin nisl vel imperdiet. Nullam sollicitudin commodo tempus. Mauris mattis dolor in tellus porta viverra. Phasellus dolor leo, rutrum a lobortis eget, interdum ut sem. Nam rutrum ullamcorper justo. Quisque scelerisque arcu nec sapien sagittis in tincidunt tellus tincidunt. Vivamus facilisis fringilla consequat. Suspendisse lacinia mauris eget magna placerat ornare. Nunc non dapibus purus. Vestibulum nisl justo, aliquam sed bibendum ac, suscipit at dolor. Proin varius velit vitae leo dapibus sit amet tristique tortor convallis.\n\nNullam semper libero vel risus aliquet vel tincidunt justo convallis. Class aptent taciti sociosqu ad litora torquent per conubia nostra, per inceptos himenaeos. Fusce vel mauris nunc. Vestibulum pharetra ligula sit amet est hendrerit fringilla. Cras volutpat metus quis massa sodales pellentesque. Pellentesque habitant morbi tristique senectus et netus et malesuada fames ac turpis egestas. Nam congue eleifend tortor, vitae facilisis massa porttitor ac. Etiam ut dui mauris, sagittis congue leo. Sed aliquam aliquet mauris ac gravida. Phasellus elementum mattis magna vitae tristique.",
  "title": "Document 5-1-3-1",
  "__meta": {
    "updateId": -1810201820,
    "cdate": 1501428300670,
    "cuser": "cn=Al Mass,o=DARWINO",
    "mdate": 1501428351780,
    "replicaId": "85257FB8005090FB",
    "changes": "vFnV",
    "muser": "cn=Al Mass,o=DARWINO",
    "seqId": 1
  }
}