{
  "form": "CompanyDocument",
  "_parentid": "5D53949A1240E3BF8525816D0054B7B6",
  "document": "In quis odio massa, eget lacinia metus. Praesent non tortor orci, sit amet blandit elit. Duis bibendum venenatis lacinia. Vestibulum quis leo id est viverra congue sed in mauris. Integer varius, justo sit amet blandit ultricies, mi nisi pretium massa, sit amet mattis dolor eros ut augue. Phasellus luctus mi nec odio hendrerit et mollis diam interdum. Nullam nisi risus, iaculis a gravida id, convallis ac magna. Suspendisse cursus odio sit amet neque blandit id imperdiet mi consequat. Duis vel libero metus, nec mattis odio. Duis porttitor volutpat iaculis. Quisque tristique rutrum gravida. Aliquam interdum aliquam tempor. Fusce dignissim libero in diam porta luctus.\n\nFusce quis neque eget purus vulputate consectetur. Curabitur sit amet felis id est lobortis pellentesque. Vivamus et purus nibh, eget rutrum libero. In ultrices suscipit diam quis accumsan. Mauris tincidunt dui in risus pharetra id dictum ipsum hendrerit. Sed a ligula purus, eget placerat orci. Fusce at consequat tellus. Vivamus convallis venenatis est vel blandit. Nam eget tortor et metus bibendum bibendum. Nullam sapien sapien, gravida ac faucibus vitae, iaculis a tortor. Suspendisse potenti. Duis bibendum posuere hendrerit. Aenean aliquam enim eget metus lacinia vitae tempus velit pretium. Sed vulputate, lectus sed bibendum auctor, quam est accumsan lorem, quis consectetur dolor enim eget lectus. Fusce ut justo sed velit suscipit tincidunt a sit amet nibh.",
  "title": "Document 1-1-2",
  "__meta": {
    "updateId": -1810141940,
    "cdate": 1501428320670,
    "cuser": "cn=Al Mass,o=DARWINO",
    "mdate": 1501428411660,
    "replicaId": "85257FB8005090FB",
    "changes": "Ecow",
    "muser": "cn=Al Mass,o=DARWINO",
    "seqId": 1
  }
}