{
  "form": "CompanyDocument",
  "_parentid": "D70E7741F7CC4FDB8525816D0054B66A",
  "document": "Nullam ac odio vitae sem placerat tincidunt nec non lacus. Class aptent taciti sociosqu ad litora torquent per conubia nostra, per inceptos himenaeos. Duis molestie vehicula dui, et consequat nunc tempor vitae. Donec quam lectus, tempor ut iaculis non, consequat at lectus. Proin mattis scelerisque mi, a sagittis leo laoreet id. Maecenas dictum, orci eu interdum posuere, neque sapien feugiat sapien, quis pulvinar est purus in eros. Mauris at nisi molestie sapien luctus pellentesque. Donec vulputate ligula eu enim dictum id tincidunt orci commodo. Nullam et purus quis justo vehicula iaculis a vel nisl. Cras luctus dictum convallis. Etiam ultrices vulputate hendrerit. Cras ac nisl a diam tempor consectetur. Morbi ultricies semper orci, a tempor felis adipiscing tempus.\n\nNunc posuere pretium turpis in auctor. Donec hendrerit, felis at imperdiet sodales, nisi dui fringilla augue, tincidunt facilisis nulla neque vitae mi. Sed suscipit felis sit amet elit dictum a congue enim gravida. Duis mattis ante nec diam vehicula sollicitudin. Ut vitae sapien et orci commodo facilisis nec ac ligula. Nunc erat tortor, elementum in molestie nec, lobortis in justo. Nam facilisis varius neque, vitae tristique augue consectetur eget. Nunc tempus libero id justo tincidunt imperdiet. Vestibulum egestas, magna eget tempus dapibus, lacus elit facilisis neque, eu gravida sem mauris sed sem. Lorem ipsum dolor sit amet, consectetur adipiscing elit. Aenean id commodo erat. Donec leo mauris, ultricies eu posuere id, rhoncus sagittis est. Class aptent taciti sociosqu ad litora torquent per conubia nostra, per inceptos himenaeos.",
  "title": "Document 4",
  "__meta": {
    "updateId": -1810147740,
    "cdate": 1501428318730,
    "cuser": "cn=Al Mass,o=DARWINO",
    "mdate": 1501428405860,
    "replicaId": "85257FB8005090FB",
    "changes": "u3lc",
    "muser": "cn=Al Mass,o=DARWINO",
    "seqId": 1
  }
}