{
  "form": "CompanyDocument",
  "_parentid": "9B70780F86846BE68525816D0054B4AF",
  "document": "Ut nisi dolor, pellentesque auctor posuere eget, hendrerit eget sem. Phasellus non eros nec turpis ultricies rhoncus. Aliquam porta, risus sit amet ornare sagittis, risus mi tristique urna, eu tempus metus quam vitae risus. Suspendisse sed ante vitae quam tincidunt tincidunt. Suspendisse potenti. Suspendisse congue laoreet diam adipiscing euismod. Etiam tincidunt dui et nunc fringilla auctor. Sed blandit viverra metus, eu elementum magna ornare ac. Quisque rutrum tristique ligula, in consectetur elit tempus a. Sed scelerisque iaculis tempus. Vivamus lacinia accumsan massa, vel lobortis lorem laoreet eu. Duis pellentesque facilisis nibh ut congue. Nunc lacinia bibendum lorem, nec congue leo mollis id.\n\nEtiam vitae tincidunt lacus. Nam ac felis et purus sagittis pretium ut nec metus. Suspendisse nisl dolor, tempus at ultrices a, lacinia congue metus. Nulla tempor euismod consectetur. Donec sed mi eu magna consectetur eleifend sit amet vel magna. Proin aliquet leo vel nisi malesuada non adipiscing odio semper. Morbi id velit at eros venenatis cursus. Aenean id augue non neque pharetra iaculis et non risus. Vestibulum ante ipsum primis in faucibus orci luctus et ultrices posuere cubilia Curae; Ut pulvinar sollicitudin ligula, ullamcorper egestas leo pellentesque in. Integer elementum dui et leo gravida ornare. Suspendisse laoreet, mi at posuere fringilla, nisi tellus scelerisque elit, vel imperdiet nunc ipsum in purus. Quisque convallis, mi id placerat accumsan, ligula enim cursus metus, sit amet molestie sapien enim eget nibh. Aenean sagittis sollicitudin malesuada. Suspendisse potenti. Suspendisse vel massa id justo fermentum facilisis at in nunc. Nam sed quam risus, a dictum sem. Integer porttitor risus nec nisi aliquet semper. Cras ultrices magna ac metus eleifend mattis.\n\nNullam a mi et arcu tristique blandit. Nullam sed velit quis massa pharetra condimentum a sed diam. Mauris in nibh quis arcu vehicula dictum. Mauris nec libero sapien, non mattis augue. Nulla justo odio, laoreet vitae iaculis eu, ullamcorper sit amet dui. Maecenas pretium cursus quam cursus aliquet. Sed lobortis sem ut nibh pharetra suscipit. Nulla turpis tellus, faucibus eget mollis at, molestie eget massa. Sed vitae arcu nibh. Sed eu massa quam. Maecenas viverra faucibus leo, at blandit mi commodo accumsan. Duis bibendum, sem id consectetur mattis, dolor massa vestibulum elit, sit amet convallis sem eros non dolor. Donec facilisis adipiscing magna vel sagittis. Suspendisse potenti. Phasellus porta ullamcorper diam, a ultrices lorem hendrerit vel.",
  "title": "Document 5-4-2-2-1",
  "__meta": {
    "updateId": -1810165490,
    "cdate": 1501428312800,
    "cuser": "cn=Al Mass,o=DARWINO",
    "mdate": 1501428388110,
    "replicaId": "85257FB8005090FB",
    "changes": "S5nq",
    "muser": "cn=Al Mass,o=DARWINO",
    "seqId": 1
  }
}