{
  "form": "CompanyDocument",
  "_parentid": "0B6090D21E32C3148525816D0054B01C",
  "document": "Pellentesque habitant morbi tristique senectus et netus et malesuada fames ac turpis egestas. Integer felis nulla, auctor nec gravida eget, euismod in lacus. In sodales metus eget odio vehicula non sagittis ligula varius. Donec eros lacus, bibendum at mattis ut, elementum in quam. In hac habitasse platea dictumst. Nam non rutrum lacus. Fusce eget blandit nisi. Cras ultricies tellus vel orci accumsan interdum. In nec diam et mi posuere ultricies. Mauris at pellentesque urna. Vestibulum ut arcu mauris. Nam imperdiet erat eu arcu condimentum in molestie nisl faucibus. Donec iaculis, lacus condimentum gravida ornare, nisl lacus sollicitudin massa, et elementum tellus tellus at turpis. Nulla facilisi. Sed eget purus et nisi pellentesque rutrum. Nullam ornare facilisis velit et consequat. Sed nulla quam, vehicula id venenatis feugiat, feugiat quis urna. Nunc fermentum, arcu at fermentum pulvinar, magna ipsum feugiat velit, id bibendum turpis felis id neque. Sed ut leo augue, eget iaculis massa. Nam id scelerisque nisl.\n\nFusce sed sapien quam. Aenean in risus elit. Praesent condimentum pharetra ultricies. Vestibulum ante ipsum primis in faucibus orci luctus et ultrices posuere cubilia Curae; Aenean vitae lectus neque, ut sodales leo. Morbi eros nibh, varius eget tristique ac, consectetur sit amet purus. Nullam fringilla egestas purus, sit amet ultrices odio porttitor id. Praesent ac sem ipsum. Fusce sem quam, egestas consequat convallis in, condimentum sed lacus. Aliquam sodales mollis enim, ac consectetur nibh dictum sed. Fusce quis ligula enim. Aliquam tristique faucibus orci eu laoreet. Vestibulum dapibus massa eu nunc tempor a feugiat nisi luctus. Fusce et ullamcorper nunc. Maecenas vestibulum pretium sodales. Morbi gravida quam vitae ante aliquet pretium. Cras viverra nulla fringilla sapien tincidunt sed malesuada neque aliquet. Praesent semper fermentum venenatis.\n\nInteger in quam ligula, eu sagittis ipsum. Aenean consectetur neque et est commodo id adipiscing nisi mattis. Mauris faucibus dignissim urna ac egestas. Vivamus malesuada mauris vel nisl aliquet suscipit. Praesent accumsan tristique magna. Etiam in tellus massa. Praesent molestie varius facilisis. In vulputate ante vel ipsum pellentesque rutrum. In augue justo, tempus at ullamcorper eu, convallis ac magna. Sed id sem nulla, placerat malesuada urna. Nullam viverra adipiscing lectus ac porta. Donec sit amet mattis lacus. Integer pellentesque neque ac ligula pulvinar interdum. Donec sit amet commodo dolor. Donec at leo sapien, eget malesuada lorem. Sed venenatis mi dui. Aenean sollicitudin pellentesque ipsum, et scelerisque erat commodo a. Cras odio velit, hendrerit vel ultricies eget, cursus in eros.",
  "title": "Document 1-2-4",
  "__meta": {
    "updateId": -1810199910,
    "cdate": 1501428301310,
    "cuser": "cn=Al Mass,o=DARWINO",
    "mdate": 1501428353690,
    "replicaId": "85257FB8005090FB",
    "changes": "LuOE",
    "muser": "cn=Al Mass,o=DARWINO",
    "seqId": 1
  }
}