{
  "form": "CompanyDocument",
  "_parentid": "D04D820335CAA2D58525816D0054B797",
  "document": "Nullam tempus ante quis eros egestas ut rutrum sem consequat. In laoreet pellentesque tempus. Integer mauris elit, sagittis sit amet hendrerit vel, placerat sit amet turpis. Fusce tempor mattis sem, ac molestie nulla iaculis id. Phasellus vel neque sem. Maecenas vehicula scelerisque risus condimentum viverra. Praesent et magna dolor, at varius nisi. Sed facilisis rhoncus nunc ut semper. In hac habitasse platea dictumst. Pellentesque lobortis lorem et velit consequat a mollis tellus convallis. Pellentesque tempus ipsum et ante vehicula egestas. Nam turpis augue, volutpat sagittis tincidunt non, fermentum nec quam. Nam blandit ligula quis justo vestibulum porta. Donec vel commodo augue.\n\nDonec hendrerit, est a hendrerit cursus, lacus felis placerat est, consequat tempor odio dolor vel risus. Curabitur erat orci, tincidunt et pretium eu, sagittis eu dui. Fusce sit amet libero in justo tincidunt fringilla quis non nulla. Mauris accumsan erat ut velit gravida consequat. Praesent mauris leo, iaculis non cursus vel, eleifend vestibulum diam. Nunc eget leo ut erat varius porttitor id ac risus. Praesent pharetra consectetur libero a porta. Duis semper vestibulum lectus. Donec vestibulum vestibulum dictum. Quisque eget diam nibh. Praesent orci sapien, dapibus sed scelerisque at, accumsan eget ipsum. Suspendisse non fringilla enim. Duis sed urna quis velit tristique hendrerit. Maecenas volutpat tristique bibendum. Vestibulum condimentum erat tristique ante interdum vehicula. Nullam id odio nisi, vitae mollis urna. Donec molestie vulputate odio, eget imperdiet augue euismod vel. Suspendisse potenti. Integer auctor, lacus id pulvinar tristique, justo nibh convallis risus, et adipiscing odio erat eget eros. Proin blandit feugiat tempus.\n\nLorem ipsum dolor sit amet, consectetur adipiscing elit. Aliquam diam sem, bibendum non rutrum a, auctor nec massa. Proin nec nulla nibh. Nam ipsum lacus, elementum in luctus ut, fermentum sit amet nunc. Etiam tempus placerat lacus. Cras non tellus diam. Sed vel mauris metus. Ut elementum porttitor metus a sagittis. Fusce scelerisque neque nec augue iaculis eget tempor enim varius. Proin consequat sollicitudin lectus, vitae semper leo feugiat luctus. Donec ut rutrum lacus. Morbi faucibus leo vel arcu tincidunt in dignissim metus tristique. Nam nulla purus, aliquam ut mollis dapibus, tincidunt id neque. Etiam gravida, ipsum non volutpat molestie, odio dui rhoncus enim, eget cursus magna neque vitae mauris. Curabitur varius placerat mauris ac viverra. Mauris sollicitudin lorem in ante pretium ultrices. Vestibulum rhoncus placerat justo vel rhoncus. Nullam felis orci, placerat sed vulputate eget, aliquam a felis. In hac habitasse platea dictumst. Integer sagittis ante a turpis vestibulum at tempus justo tempus.\n\nQuisque venenatis nulla nec quam porttitor congue. Phasellus a est orci. Donec adipiscing orci vitae neque congue elementum. Nunc eu tincidunt est. Vestibulum rhoncus eros a neque ultrices consectetur. Morbi vitae elit nisl, rhoncus mollis velit. Sed facilisis scelerisque ligula, eget consequat lorem cursus ac. Etiam id eros eget velit cursus iaculis eu id leo. Vestibulum congue diam non nibh luctus sollicitudin. Curabitur condimentum imperdiet lacinia. Integer vel est arcu, iaculis consequat elit. Aenean sodales placerat varius. Nullam non tortor id velit feugiat dapibus congue luctus nulla.",
  "title": "Document 3-2",
  "__meta": {
    "updateId": -1810142980,
    "cdate": 1501428320320,
    "cuser": "cn=Al Mass,o=DARWINO",
    "mdate": 1501428410620,
    "replicaId": "85257FB8005090FB",
    "changes": "O@rx",
    "muser": "cn=Al Mass,o=DARWINO",
    "seqId": 1
  }
}