{
  "form": "CompanyDocument",
  "_parentid": "5EF0D50C03B02EA88525816D0054B6D8",
  "document": "Integer orci turpis, ullamcorper non faucibus eu, cursus in sem. Sed volutpat est a libero tincidunt ut laoreet dolor rhoncus. Cras sed eleifend velit. Ut semper urna ac mauris ultricies sed luctus dolor varius. Maecenas tincidunt nibh felis, at pulvinar orci. Duis ac scelerisque leo. Nam luctus augue non massa accumsan bibendum. Suspendisse posuere tincidunt imperdiet. Mauris aliquam ullamcorper tincidunt. Cras ultrices placerat nibh, id pulvinar lorem molestie et. Pellentesque aliquam posuere leo, at rutrum lorem vulputate eget. Aliquam luctus tortor eu risus malesuada ac rutrum justo tempus. Cras nec dignissim dolor.",
  "title": "Document 3-3-2-1",
  "__meta": {
    "updateId": -1810148940,
    "cdate": 1501428318330,
    "cuser": "cn=Al Mass,o=DARWINO",
    "mdate": 1501428404660,
    "replicaId": "85257FB8005090FB",
    "changes": "O0uR",
    "muser": "cn=Al Mass,o=DARWINO",
    "seqId": 1
  }
}