{
  "form": "CompanyDocument",
  "_parentid": "5EBA4459F9C4063A8525816D0054B251",
  "document": "Sed nec leo nec sem hendrerit dapibus vitae non dui. Nunc nec mattis nisi. Ut lobortis lobortis purus, eu interdum nibh pulvinar nec. Suspendisse volutpat nibh vitae orci tincidunt eget porttitor velit volutpat. Vivamus at massa libero, eget commodo purus. Nunc sed turpis purus. Pellentesque lobortis, massa aliquam semper imperdiet, mauris velit elementum nunc, ut dapibus tellus leo sed felis. Sed quis orci in diam rutrum venenatis ac et massa. Nulla facilisi. Mauris cursus pellentesque condimentum. Cras id odio quis ligula ornare rhoncus sed at leo. Fusce pellentesque egestas ligula, sed rutrum nulla mollis vitae. Suspendisse vel elit ut lorem venenatis facilisis ut vitae quam. Nunc at massa ligula, at ultrices quam. Vestibulum accumsan nulla in sem aliquet id suscipit augue dapibus.\n\nDuis tristique accumsan turpis, id congue nisi viverra ac. Cras et lectus at lacus lobortis consequat. Proin rutrum nisl nisl, nec porta enim. Integer odio sapien, laoreet viverra pulvinar hendrerit, luctus a urna. Cum sociis natoque penatibus et magnis dis parturient montes, nascetur ridiculus mus. Pellentesque quis velit sem, non rutrum ligula. Duis tempus faucibus pretium. Suspendisse quam urna, molestie non dignissim id, pulvinar sed quam. Aliquam dui quam, lacinia sollicitudin feugiat fringilla, congue vel nulla. Morbi mollis, lacus ac vehicula feugiat, tellus est pulvinar eros, nec porta orci nunc et massa. Quisque metus sapien, gravida quis euismod non, sollicitudin et erat. Integer odio nibh, tincidunt elementum cursus sit amet, varius ut lacus. Donec fermentum dolor at leo lobortis a bibendum orci pellentesque. Maecenas ut nisl ligula. Praesent ut augue ut erat accumsan accumsan in ac nunc. Pellentesque habitant morbi tristique senectus et netus et malesuada fames ac turpis egestas. Suspendisse porttitor sollicitudin justo, sed volutpat augue faucibus pretium.\n\nNulla leo orci, sodales a fermentum quis, fringilla sed mi. Donec tincidunt, erat id tincidunt dictum, metus sapien aliquam justo, et egestas purus urna id dolor. Quisque id tortor vel erat mattis ultrices quis nec lorem. Nunc egestas sagittis velit, pharetra semper ipsum eleifend ac. Etiam fermentum facilisis nulla, sit amet dapibus nulla rhoncus eget. Maecenas sit amet elit ac lorem consequat pretium. Sed ut facilisis diam. Vestibulum eu urna dolor. Nullam elit orci, porta nec rutrum et, fermentum ut dolor. Sed eget nisl in nibh gravida sollicitudin. Sed gravida elementum consectetur. Sed ullamcorper ornare arcu, nec tincidunt ante posuere id. Suspendisse et nisl nec est sollicitudin laoreet. Aenean et dolor ac mauris pellentesque sagittis et vitae neque. Praesent vulputate aliquet gravida. Curabitur eu augue lacus, semper aliquam orci. Praesent vitae nisi arcu. Praesent dignissim, erat at ornare bibendum, nisl risus lobortis sapien, non tincidunt risus massa eu purus.",
  "title": "Document 4-1-2",
  "__meta": {
    "updateId": -1810183620,
    "cdate": 1501428306750,
    "cuser": "cn=Al Mass,o=DARWINO",
    "mdate": 1501428369980,
    "replicaId": "85257FB8005090FB",
    "changes": "hOs5",
    "muser": "cn=Al Mass,o=DARWINO",
    "seqId": 1
  }
}