{
  "form": "CompanyDocument",
  "_parentid": "E2AF4869738EE27D8525816D0054AC80",
  "document": "Nam vel urna vel justo scelerisque ullamcorper. Pellentesque sollicitudin libero quis felis consectetur eu bibendum lacus placerat. Proin vestibulum magna at orci aliquam blandit. Nam vel massa nec massa pulvinar placerat ornare vitae nunc. Phasellus sit amet quam id arcu imperdiet consectetur. Aenean lacinia consectetur arcu ac gravida. Donec convallis cursus adipiscing. Ut in lectus lorem. Nullam risus nisi, ultrices nec pellentesque et, suscipit mollis dolor. Morbi viverra nulla ut ligula convallis consectetur aliquam metus ultricies. Donec tincidunt semper pellentesque. Sed volutpat dui at justo pulvinar eget rutrum magna porta. Etiam accumsan rutrum libero, vel vestibulum sem euismod sed. Phasellus quam massa, tempor et convallis blandit, scelerisque vel nunc. Curabitur dui tortor, eleifend non rutrum sit amet, cursus sed velit.",
  "title": "Document 4-2-1-1-3",
  "__meta": {
    "updateId": -1810228190,
    "cdate": 1501428291870,
    "cuser": "cn=Al Mass,o=DARWINO",
    "mdate": 1501428325410,
    "replicaId": "85257FB8005090FB",
    "changes": "yOYt",
    "muser": "cn=Al Mass,o=DARWINO",
    "seqId": 1
  }
}