{
  "form": "CompanyDocument",
  "_parentid": "C3C3FC8AC6CAD79D8525816D0054AB0E",
  "document": "Etiam ac libero ipsum. Vestibulum ante ipsum primis in faucibus orci luctus et ultrices posuere cubilia Curae; Sed porttitor sollicitudin turpis in pellentesque. Suspendisse ac magna mollis erat ultrices ultrices. Etiam non quam quam. Fusce vitae sem nisl. Vivamus congue scelerisque massa, vel consectetur nisi dictum vitae. Suspendisse ipsum lacus, ultricies quis varius vitae, mollis non purus. Nunc hendrerit, turpis nec dictum facilisis, ligula nunc mollis nunc, eu tincidunt nisl ipsum ac nulla. Mauris ac est libero, in euismod ipsum. Mauris suscipit pharetra arcu non eleifend. Nunc sed neque non odio tempus ornare. Nullam a dui tincidunt dolor pretium euismod. Praesent eu nunc nisi, ut sollicitudin ligula. Proin hendrerit, justo a tempor porttitor, leo nunc placerat velit, ut sodales massa sapien eget elit.",
  "title": "Document 1-2-3-1",
  "__meta": {
    "updateId": -1810239340,
    "cdate": 1501428288150,
    "cuser": "cn=Al Mass,o=DARWINO",
    "mdate": 1501428314260,
    "replicaId": "85257FB8005090FB",
    "changes": "d@ks",
    "muser": "cn=Al Mass,o=DARWINO",
    "seqId": 1
  }
}