{
  "form": "CompanyDocument",
  "_parentid": "A40F6C943D9708FF8525816D0054B53B",
  "document": "Vivamus pulvinar neque quis nibh volutpat vehicula. Suspendisse quam lectus, rutrum a suscipit vel, molestie at nisi. Quisque tempus elementum dui sed aliquet. Phasellus sagittis, lectus eget imperdiet tristique, turpis eros sagittis urna, ac volutpat massa nisl sit amet arcu. Ut leo elit, scelerisque sed venenatis in, tincidunt id lorem. In ultrices imperdiet diam sit amet tincidunt. Integer lorem metus, vulputate et tristique gravida, malesuada eget lorem. Donec fringilla adipiscing posuere. Etiam sit amet risus sed purus pretium volutpat vitae vel orci. Nunc commodo faucibus venenatis. Pellentesque dictum faucibus nisi, a venenatis lectus mattis at. Maecenas hendrerit commodo convallis. Fusce ac feugiat mi. Mauris euismod, lectus vel lobortis elementum, orci nibh sodales purus, eget laoreet augue neque ac arcu.\n\nNullam aliquam accumsan mi id interdum. Etiam pharetra porta euismod. Cras posuere eros quis quam porttitor hendrerit. Suspendisse tempor cursus pretium. In vehicula vulputate varius. Curabitur at orci metus. Aliquam ac neque sit amet tortor molestie lobortis vel vel est. Etiam tristique molestie lectus sed pretium. Phasellus quis tempor nisl. Nulla eget tincidunt tellus. Maecenas facilisis bibendum enim, id cursus mauris malesuada ac. Sed auctor placerat leo, at ornare sapien hendrerit sit amet. Cras eget lorem quis sapien laoreet adipiscing eget vitae neque. Integer suscipit, lectus a ornare cursus, massa est tempus est, sed venenatis diam elit at purus. Nunc quis nunc sem, in pulvinar sapien. Pellentesque a mi ut neque elementum lobortis. Donec id congue massa. Morbi sed purus leo.\n\nIn venenatis egestas mauris eget semper. Fusce condimentum ligula sed elit accumsan non tristique dui adipiscing. Nulla accumsan varius orci et laoreet. Fusce et tortor vel ante ultricies venenatis. Aenean sollicitudin, sapien a tincidunt scelerisque, tortor mauris tempor nisi, eu laoreet magna dui ut enim. Morbi vitae elit arcu. Aenean quis cursus nisi. Vivamus tempus, odio in tempus ullamcorper, urna orci tempor eros, nec porttitor magna tellus quis nunc. Vivamus adipiscing pellentesque felis, ut tincidunt nisi convallis ac. Nulla facilisi. Aliquam pulvinar nunc eu orci accumsan viverra. Quisque quis turpis dolor. In hac habitasse platea dictumst. Nullam augue odio, tincidunt a pellentesque at, consequat quis sem. Sed ultricies quam eget odio facilisis sollicitudin. Aenean quis mauris ante.\n\nVestibulum ullamcorper faucibus tellus, vel pulvinar nisi hendrerit vitae. Praesent sit amet tellus feugiat augue molestie fringilla. Aliquam hendrerit libero lacinia massa gravida feugiat. Maecenas quis molestie felis. Nunc iaculis nibh a leo sagittis fringilla. Donec ultrices malesuada ligula, quis fermentum diam auctor lacinia. Morbi est odio, rutrum vitae ornare sit amet, porttitor eu velit. Nunc congue tristique accumsan. Nullam pellentesque leo sed sapien cursus sollicitudin. Pellentesque ante diam, facilisis a sodales sed, sodales et mauris. Aenean et tellus augue. Aliquam molestie, arcu ut egestas scelerisque, mauris ipsum convallis elit, luctus lacinia velit sem quis lorem. Ut vel vehicula enim. Ut congue sagittis odio, vitae sodales nulla pellentesque consequat. Phasellus rhoncus porta ligula ac gravida. Sed dapibus congue sodales.",
  "title": "Document 2-2-1-2-4",
  "__meta": {
    "updateId": -1810161220,
    "cdate": 1501428314230,
    "cuser": "cn=Al Mass,o=DARWINO",
    "mdate": 1501428392380,
    "replicaId": "85257FB8005090FB",
    "changes": "S7OK",
    "muser": "cn=Al Mass,o=DARWINO",
    "seqId": 1
  }
}