{
  "form": "CompanyDocument",
  "_parentid": "48AA350ED312EEC48525816D0054B559",
  "document": "Sed sapien est, semper vitae fermentum eget, euismod vel eros. Quisque dignissim nibh nec enim porttitor id tempus eros tincidunt. Sed bibendum lectus id dui accumsan luctus. Aliquam ac adipiscing turpis. Cras sit amet augue leo, vel sagittis enim. Class aptent taciti sociosqu ad litora torquent per conubia nostra, per inceptos himenaeos. Aenean commodo, nisi eu posuere tristique, quam sem lobortis turpis, varius ultricies purus urna et erat. Morbi pharetra velit ac ligula elementum faucibus eget a dolor. Maecenas elementum nunc ut risus mollis et consectetur arcu aliquam. Praesent mollis risus a nulla feugiat commodo. Aliquam eget metus nunc, at imperdiet velit. Fusce eget lacus eros.\n\nInteger in erat id est egestas pretium id in turpis. Ut placerat dolor vel nunc sodales tempor. Class aptent taciti sociosqu ad litora torquent per conubia nostra, per inceptos himenaeos. Ut adipiscing sapien a nunc ultrices semper accumsan nisl scelerisque. Cum sociis natoque penatibus et magnis dis parturient montes, nascetur ridiculus mus. Vivamus porttitor erat in leo pellentesque interdum. Curabitur tempus pulvinar tellus et iaculis. Sed aliquam urna ut orci blandit nec aliquet magna sollicitudin. Vestibulum eget erat metus, sagittis aliquet nunc. Aenean at turpis sapien, in aliquam diam. Praesent et leo risus, in congue diam. Praesent rutrum, orci et cursus volutpat, velit nunc lobortis sapien, id rhoncus tellus ipsum at arcu. In tortor odio, vestibulum at varius non, aliquet quis dui. Proin semper tortor quis lorem lobortis volutpat.\n\nNulla eget felis ac sapien ornare tincidunt in at metus. Maecenas fringilla aliquet est, a volutpat tellus interdum ac. Etiam vel commodo dui. Phasellus ultricies tellus quis libero condimentum quis pulvinar nunc facilisis. Praesent purus magna, ultrices nec eleifend porta, dignissim non ligula. Nullam posuere metus vitae nunc sollicitudin imperdiet. Pellentesque consectetur ligula vitae metus bibendum quis rutrum mauris eleifend. Mauris quam dolor, imperdiet id porta quis, porttitor id nulla. Nulla tempor, mi sit amet ullamcorper vestibulum, orci tellus tincidunt nunc, ac tincidunt risus augue rhoncus justo. Lorem ipsum dolor sit amet, consectetur adipiscing elit.",
  "title": "Document 2-3-4-3",
  "__meta": {
    "updateId": -1810160200,
    "cdate": 1501428314570,
    "cuser": "cn=Al Mass,o=DARWINO",
    "mdate": 1501428393400,
    "replicaId": "85257FB8005090FB",
    "changes": "yPzE",
    "muser": "cn=Al Mass,o=DARWINO",
    "seqId": 1
  }
}