{
  "form": "CompanyDocument",
  "_parentid": "55FEBA31608623D38525816D0054AE9C",
  "document": "Pellentesque tempor dapibus iaculis. Vestibulum ante ipsum primis in faucibus orci luctus et ultrices posuere cubilia Curae; Vestibulum ante ipsum primis in faucibus orci luctus et ultrices posuere cubilia Curae; Proin convallis diam ac erat ornare interdum. Nam quam mauris, auctor sed cursus fermentum, dictum nec elit. Ut est ante, pellentesque eget accumsan a, lobortis consequat tellus. Mauris aliquet, nibh in mattis accumsan, nulla augue adipiscing quam, vestibulum sodales sapien odio ac diam. Nullam urna metus, egestas at consectetur id, tempor at nisi. Suspendisse aliquet scelerisque aliquam. Cras varius ante eu enim malesuada tristique. In euismod aliquet varius. Sed ac libero erat.\n\nEtiam ac libero ipsum. Vestibulum ante ipsum primis in faucibus orci luctus et ultrices posuere cubilia Curae; Sed porttitor sollicitudin turpis in pellentesque. Suspendisse ac magna mollis erat ultrices ultrices. Etiam non quam quam. Fusce vitae sem nisl. Vivamus congue scelerisque massa, vel consectetur nisi dictum vitae. Suspendisse ipsum lacus, ultricies quis varius vitae, mollis non purus. Nunc hendrerit, turpis nec dictum facilisis, ligula nunc mollis nunc, eu tincidunt nisl ipsum ac nulla. Mauris ac est libero, in euismod ipsum. Mauris suscipit pharetra arcu non eleifend. Nunc sed neque non odio tempus ornare. Nullam a dui tincidunt dolor pretium euismod. Praesent eu nunc nisi, ut sollicitudin ligula. Proin hendrerit, justo a tempor porttitor, leo nunc placerat velit, ut sodales massa sapien eget elit.",
  "title": "Document 5-3-2-2-3",
  "__meta": {
    "updateId": -1810212010,
    "cdate": 1501428297270,
    "cuser": "cn=Al Mass,o=DARWINO",
    "mdate": 1501428341590,
    "replicaId": "85257FB8005090FB",
    "changes": "cq2E",
    "muser": "cn=Al Mass,o=DARWINO",
    "seqId": 1
  }
}