{
  "form": "CompanyDocument",
  "_parentid": "82211709B499580A8525816D0054A73A",
  "document": "Donec quis mi ut lectus blandit luctus vitae vitae neque. Pellentesque habitant morbi tristique senectus et netus et malesuada fames ac turpis egestas. Sed enim erat, vulputate vel mollis et, facilisis ut ligula. Etiam dui ligula, ultrices ut convallis consectetur, lobortis dapibus libero. Mauris sit amet dictum odio. Suspendisse imperdiet rhoncus tellus eu pharetra. Nulla quis felis sagittis eros vulputate ornare at ac ante. Aliquam vel elit quis tellus bibendum sodales. Duis felis tellus, auctor eget tincidunt a, hendrerit in mi. Pellentesque habitant morbi tristique senectus et netus et malesuada fames ac turpis egestas. Nam mattis sollicitudin sapien. Quisque id ligula et lectus interdum tempus sit amet vitae tellus. Nunc ut erat lectus. Donec vehicula mattis elit, sit amet facilisis purus lobortis in. Maecenas consectetur blandit pellentesque.\n\nDonec nibh urna, sollicitudin vel dapibus non, tincidunt vitae justo. Praesent scelerisque viverra aliquet. Nam vel nunc elit. Etiam pharetra blandit dapibus. Fusce dictum cursus congue. In eget massa mauris. Morbi eget porta lacus. Maecenas ac commodo nulla. Vestibulum massa est, faucibus nec accumsan ac, posuere quis nisi. Cum sociis natoque penatibus et magnis dis parturient montes, nascetur ridiculus mus. Mauris feugiat convallis arcu. Duis lectus velit, ullamcorper at commodo eu, lobortis a leo. Praesent quis augue arcu, ut cursus urna. Vestibulum suscipit, nisl vel tempor fringilla, dui tellus aliquet lorem, in ultrices neque orci mattis tellus. Pellentesque gravida scelerisque tincidunt. Maecenas nec ligula eu tortor auctor tincidunt quis non nibh. Phasellus ut arcu vitae felis accumsan facilisis.",
  "title": "Document 4-2-1-4",
  "__meta": {
    "updateId": -1810268400,
    "cdate": 1501428278440,
    "cuser": "cn=Al Mass,o=DARWINO",
    "mdate": 1501428285200,
    "replicaId": "85257FB8005090FB",
    "changes": "2iFo",
    "muser": "cn=Al Mass,o=DARWINO",
    "seqId": 1
  }
}