{
  "form": "CompanyDocument",
  "_parentid": "47FE13B426C7A4168525816D0054B06D",
  "document": "Donec at tempus quam. Sed est est, pellentesque quis pellentesque quis, porttitor sed risus. Sed quis nulla erat. Nullam tincidunt eros vel quam bibendum mollis. Class aptent taciti sociosqu ad litora torquent per conubia nostra, per inceptos himenaeos. Proin nec eros eget magna scelerisque euismod at vitae risus. Aliquam erat volutpat. Sed lacinia, turpis id cursus volutpat, nulla mi sollicitudin dolor, sit amet aliquam turpis metus at urna. Cras porta, justo vel bibendum sodales, magna erat pellentesque est, at aliquet diam libero eu dolor. Ut a sollicitudin nisl. Fusce diam arcu, luctus ac ultrices vel, accumsan eu quam.\n\nSed mattis molestie nulla a scelerisque. Quisque lorem velit, malesuada sed tincidunt nec, blandit eu tellus. Etiam nibh metus, pellentesque in iaculis et, rhoncus ut nisl. Aenean laoreet risus ac elit dapibus vitae aliquet mauris rutrum. Suspendisse potenti. Quisque ullamcorper ipsum vel mauris mattis consequat. Morbi venenatis nulla sed neque condimentum molestie. Aenean consectetur, nibh ac vulputate pharetra, ipsum odio dictum massa, varius euismod magna quam ac orci. Nulla pulvinar condimentum leo et aliquet. Nunc orci nisl, ultrices nec tempus non, adipiscing quis erat. Donec mi odio, iaculis et cursus sed, convallis non lorem. Donec mattis enim vitae velit venenatis nec pharetra nunc porttitor. In mauris leo, feugiat quis mollis a, porttitor vel purus. Fusce ultrices placerat leo, id aliquam nisl lacinia vel. Cras gravida pretium aliquet. Vivamus ac nisl ac magna lobortis tincidunt. Integer at tellus sapien, et tristique magna. Class aptent taciti sociosqu ad litora torquent per conubia nostra, per inceptos himenaeos. Pellentesque sit amet cursus tortor.",
  "title": "Document 2-3-1-1-2",
  "__meta": {
    "updateId": -1810198110,
    "cdate": 1501428301910,
    "cuser": "cn=Al Mass,o=DARWINO",
    "mdate": 1501428355490,
    "replicaId": "85257FB8005090FB",
    "changes": "84@H",
    "muser": "cn=Al Mass,o=DARWINO",
    "seqId": 1
  }
}