{
  "form": "CompanyDocument",
  "_parentid": "1DAE554AD8D4EEA38525816D0054AF15",
  "document": "Cras semper volutpat odio, quis rutrum dolor mollis non. Nunc rhoncus metus eu libero dapibus porta. Class aptent taciti sociosqu ad litora torquent per conubia nostra, per inceptos himenaeos. Praesent venenatis diam pellentesque dui feugiat a venenatis dui sodales. Duis commodo erat sed mauris porta gravida. Vivamus sit amet erat a purus viverra dictum ac vel sem. Sed pulvinar ipsum a mauris luctus at malesuada urna iaculis. Aliquam pharetra eleifend enim, nec accumsan ligula feugiat sit amet. Nam sapien orci, iaculis ac tincidunt at, congue eu orci. Integer sed nulla vel odio ullamcorper fringilla. Integer eu sapien eu ligula ultrices euismod.\n\nNulla leo orci, sodales a fermentum quis, fringilla sed mi. Donec tincidunt, erat id tincidunt dictum, metus sapien aliquam justo, et egestas purus urna id dolor. Quisque id tortor vel erat mattis ultrices quis nec lorem. Nunc egestas sagittis velit, pharetra semper ipsum eleifend ac. Etiam fermentum facilisis nulla, sit amet dapibus nulla rhoncus eget. Maecenas sit amet elit ac lorem consequat pretium. Sed ut facilisis diam. Vestibulum eu urna dolor. Nullam elit orci, porta nec rutrum et, fermentum ut dolor. Sed eget nisl in nibh gravida sollicitudin. Sed gravida elementum consectetur. Sed ullamcorper ornare arcu, nec tincidunt ante posuere id. Suspendisse et nisl nec est sollicitudin laoreet. Aenean et dolor ac mauris pellentesque sagittis et vitae neque. Praesent vulputate aliquet gravida. Curabitur eu augue lacus, semper aliquam orci. Praesent vitae nisi arcu. Praesent dignissim, erat at ornare bibendum, nisl risus lobortis sapien, non tincidunt risus massa eu purus.\n\nSed tincidunt, mi non egestas imperdiet, dui metus semper orci, eu scelerisque est dolor tristique ante. Nullam nec tincidunt lacus. Maecenas lorem nibh, feugiat vel hendrerit eget, tristique eu augue. Nunc vel massa augue, ut tempor ipsum. Praesent metus dolor, tincidunt ut fermentum eget, volutpat sit amet mi. Nulla libero nibh, condimentum sed auctor non, malesuada nec elit. Aenean luctus odio sit amet arcu vestibulum dignissim id dictum nulla. Cum sociis natoque penatibus et magnis dis parturient montes, nascetur ridiculus mus. Suspendisse commodo augue sit amet odio dictum at scelerisque ipsum consequat. Cras tincidunt volutpat diam. Sed semper turpis quis mi aliquam auctor. Class aptent taciti sociosqu ad litora torquent per conubia nostra, per inceptos himenaeos. Etiam pellentesque, ipsum non porttitor ultricies, risus magna bibendum est, at cursus mauris est at massa. Ut lobortis nulla quam. Fusce euismod egestas dui, a condimentum odio aliquet quis. Sed eu nisl dui, vitae interdum dui. Curabitur lacinia consectetur nisi, sit amet feugiat mi gravida elementum. Vestibulum id dignissim nibh. Sed mattis rhoncus nulla, nec dignissim neque vehicula vitae. Curabitur venenatis semper congue.\n\nAliquam imperdiet rutrum lorem nec pulvinar. Cras justo ligula, sodales nec adipiscing vel, malesuada ut purus. Aliquam vel arcu leo. Aliquam in eros elit. Pellentesque eget vehicula tortor. Praesent malesuada, nunc non malesuada fermentum, quam turpis porttitor orci, vel rhoncus eros risus auctor eros. Mauris placerat, nisi sed rutrum lobortis, leo felis molestie justo, non dictum erat diam eu orci. Aliquam justo sapien, porta quis fermentum vel, venenatis eget leo. Cras venenatis luctus ullamcorper. Aliquam erat volutpat. Nulla in tincidunt arcu.",
  "title": "Document 1-4-1-4-2",
  "__meta": {
    "updateId": -1810208420,
    "cdate": 1501428298470,
    "cuser": "cn=Al Mass,o=DARWINO",
    "mdate": 1501428345180,
    "replicaId": "85257FB8005090FB",
    "changes": "5otB",
    "muser": "cn=Al Mass,o=DARWINO",
    "seqId": 1
  }
}