{
  "form": "CompanyDocument",
  "_parentid": "6F4614FC411D1ECB8525816D0054ACE3",
  "document": "Cras lobortis imperdiet orci nec aliquam. Pellentesque elit justo, fermentum id vehicula id, tincidunt eu nibh. Donec vitae aliquet arcu. Phasellus metus ante, vulputate bibendum semper at, fringilla a odio. Aliquam imperdiet sapien sed nunc tincidunt a vulputate elit ultricies. Fusce sit amet ante nisi, eu dictum ipsum. Cras bibendum rutrum condimentum. Donec hendrerit ultricies risus nec molestie. In euismod ligula malesuada lacus ullamcorper consectetur. Proin ac magna mi, vel dictum neque. Proin et dictum purus. Sed scelerisque rutrum elit et rutrum. Fusce massa justo, porta ut luctus ut, ultrices sed quam. Proin gravida tortor id nisl egestas non adipiscing purus fermentum.\n\nPraesent ullamcorper molestie diam, vitae sodales ipsum aliquam vitae. Curabitur nulla justo, condimentum in imperdiet quis, fermentum sed quam. Vestibulum mollis velit et quam fringilla accumsan. Morbi hendrerit varius est, vel cursus odio faucibus quis. Class aptent taciti sociosqu ad litora torquent per conubia nostra, per inceptos himenaeos. Proin posuere dui a elit aliquet aliquam. Sed eu varius nisi. Maecenas sapien risus, sollicitudin eu volutpat sed, luctus in ipsum. Cum sociis natoque penatibus et magnis dis parturient montes, nascetur ridiculus mus. Aenean sagittis congue mauris non pulvinar. Ut cursus lacinia placerat. Vestibulum mollis justo sed ipsum pretium vitae varius urna malesuada.\n\nCum sociis natoque penatibus et magnis dis parturient montes, nascetur ridiculus mus. Phasellus vulputate tempor sem at pharetra. Praesent feugiat, massa ac ultrices tincidunt, turpis augue venenatis sapien, sit amet congue massa mi eu mi. Curabitur pellentesque, dolor non euismod placerat, dui justo rutrum mauris, sit amet fermentum massa tellus sodales dui. Proin id augue arcu, gravida pretium dui. Duis congue semper luctus. Nullam quis diam eros. Proin sit amet ligula eu leo auctor ornare sed in dui. Mauris vehicula cursus justo quis vestibulum. Vivamus quis ante a nunc ultrices imperdiet vel ut est. Phasellus tempus, eros nec placerat fermentum, diam justo hendrerit magna, eget dignissim elit purus sit amet ipsum. Pellentesque ornare tortor eget mauris pharetra ultrices. Sed quis ipsum risus, eget posuere est. Proin vel mauris nibh, sed molestie ipsum. Quisque eu neque a arcu lobortis fermentum. Ut eu volutpat leo. Sed non ipsum nibh, nec volutpat nibh. Pellentesque pharetra rhoncus suscipit.\n\nInteger adipiscing eleifend sem at facilisis. Duis nunc augue, pellentesque ac commodo luctus, lacinia non tortor. Cras blandit porta adipiscing. Pellentesque habitant morbi tristique senectus et netus et malesuada fames ac turpis egestas. Maecenas semper mi vitae lorem semper consectetur nec sit amet eros. Proin lacinia aliquet purus, eget accumsan mi lobortis vitae. Proin imperdiet lacus in arcu rutrum et elementum nibh elementum. Maecenas ligula risus, vulputate sed pellentesque euismod, fermentum nec neque. Etiam accumsan ligula ante. Lorem ipsum dolor sit amet, consectetur adipiscing elit.",
  "title": "Document 5-4-2-2",
  "__meta": {
    "updateId": -1810225160,
    "cdate": 1501428292880,
    "cuser": "cn=Al Mass,o=DARWINO",
    "mdate": 1501428328440,
    "replicaId": "85257FB8005090FB",
    "changes": "_mYE",
    "muser": "cn=Al Mass,o=DARWINO",
    "seqId": 1
  }
}