{
  "form": "CompanyDocument",
  "_parentid": "F3176130473F4AE78525816D0054A701",
  "document": "Vivamus ut nisl urna, at fringilla libero. Aenean vehicula tortor quam, vel pellentesque metus. Aliquam fringilla nulla a metus tincidunt eget consequat ante placerat. Fusce non erat at odio rutrum hendrerit vel eu metus. Cras sit amet auctor mauris. Nam id risus lorem. Morbi vel nisl enim. Nulla consectetur nulla at mi tincidunt interdum. Sed non turpis diam. Curabitur non consequat augue. Duis dictum ligula vel nulla tempus lacinia. Pellentesque feugiat tristique cursus. Nulla scelerisque iaculis scelerisque. Vivamus sodales sodales leo, eget tempus felis fermentum sit amet. Vivamus viverra gravida tellus, a semper augue vestibulum ac. Suspendisse vel erat ipsum, et pulvinar metus.\n\nAliquam auctor risus ac ipsum vestibulum a rhoncus diam porta. Nam mattis suscipit justo, vestibulum gravida quam consequat ac. Vestibulum ante ipsum primis in faucibus orci luctus et ultrices posuere cubilia Curae; Aliquam rhoncus, velit laoreet accumsan rhoncus, lacus quam hendrerit nunc, at lacinia turpis ligula vitae dui. Duis vel neque eu nulla lobortis pretium. Sed vitae malesuada libero. Aliquam dapibus tincidunt volutpat. Fusce pellentesque interdum augue, nec tempus lacus lobortis eu. Duis congue mi eu sapien fermentum placerat. Integer non velit viverra enim convallis vehicula sed ut orci. Donec ultricies, erat vitae dictum porttitor, nunc orci feugiat quam, at faucibus lectus lacus sit amet purus. Cum sociis natoque penatibus et magnis dis parturient montes, nascetur ridiculus mus. Nunc suscipit mauris ut odio lacinia ut elementum nunc pretium. Curabitur arcu ante, viverra a aliquam id, ullamcorper eu tortor. Aliquam erat volutpat. Proin commodo auctor urna, nec facilisis nibh volutpat sit amet. Pellentesque risus ante, dignissim interdum fringilla nec, convallis id justo. Aenean lobortis erat nec purus suscipit ut posuere mi fringilla. Etiam feugiat nisi eu felis lacinia consequat. Suspendisse id ligula blandit sapien elementum placerat ut non velit.\n\nVivamus in mauris elementum nisl tincidunt blandit. Vivamus ut vulputate dui. Vestibulum nec lectus felis. Maecenas nec nibh eget odio dignissim viverra. Suspendisse vestibulum luctus rutrum. Integer euismod velit eu tellus hendrerit varius. Aenean tempus nulla ac neque adipiscing fermentum. Vivamus rutrum nibh in nibh pharetra consequat. Suspendisse potenti. Nulla consectetur nunc dignissim ante varius eleifend. Praesent euismod tortor quis ante blandit nec sodales turpis pharetra. Aenean nec tortor enim, et laoreet mauris. Etiam sed nisl ut dui vestibulum aliquam eget nec justo. Integer leo tortor, condimentum eu feugiat vitae, dapibus sed sem. Suspendisse id libero vitae erat pulvinar rhoncus. Proin sit amet ultricies lectus. Sed magna velit, pulvinar id malesuada nec, mollis quis nunc. Etiam nisl risus, semper egestas vestibulum faucibus, suscipit nec urna. Vestibulum luctus viverra metus sed blandit.\n\nMorbi pharetra aliquam commodo. Integer cursus convallis fermentum. Maecenas pharetra ipsum sollicitudin metus pretium gravida. Nullam facilisis, magna vel sollicitudin facilisis, sem arcu mattis velit, at pretium purus elit at purus. Sed congue, felis ac aliquet vehicula, nisl sem varius odio, at volutpat nisl massa in velit. Sed condimentum magna sed velit ultricies placerat. Maecenas ac urna vel leo viverra pharetra. Nunc mattis, nisl non pretium consectetur, leo nisl molestie nunc, in rhoncus dui massa sed velit. Ut congue sodales faucibus. Praesent turpis sem, porta vel accumsan et, vulputate eu neque. Curabitur a erat sit amet felis volutpat fermentum non vitae velit. Suspendisse non nunc sed nisl porttitor pretium. Nulla luctus massa a lorem posuere hendrerit accumsan lacus auctor. Pellentesque habitant morbi tristique senectus et netus et malesuada fames ac turpis egestas.",
  "title": "Document 2-4-1-3-2",
  "__meta": {
    "updateId": -1810270350,
    "cdate": 1501428277790,
    "cuser": "cn=Al Mass,o=DARWINO",
    "mdate": 1501428283250,
    "replicaId": "85257FB8005090FB",
    "changes": "7EqD",
    "muser": "cn=Al Mass,o=DARWINO",
    "seqId": 1
  }
}