{
  "form": "CompanyDocument",
  "_parentid": "DB0025052B0C97688525816D0054AD1F",
  "document": "Vivamus egestas molestie nunc, ut hendrerit orci vehicula sit amet. Curabitur ante ipsum, vestibulum nec ornare eget, cursus ac felis. Quisque auctor tincidunt leo non volutpat. Nam tempor posuere erat, sit amet rutrum nulla dictum vitae. In dapibus nisi pharetra turpis semper luctus. Pellentesque habitant morbi tristique senectus et netus et malesuada fames ac turpis egestas. Donec hendrerit semper justo, in venenatis justo varius at. Duis rhoncus orci vel velit dignissim ultrices. Nam vitae dolor vitae nunc ultricies volutpat nec et ipsum. Donec in augue ipsum. Donec dictum, nisl id iaculis sollicitudin, tortor nulla dictum augue, et accumsan nulla enim sed orci. Fusce faucibus justo quis massa vehicula fermentum. Quisque accumsan venenatis lectus, et cursus erat adipiscing vel. Cum sociis natoque penatibus et magnis dis parturient montes, nascetur ridiculus mus. In sollicitudin tincidunt elit, quis malesuada lectus venenatis at. Quisque tempor sollicitudin pharetra. Ut nisi lacus, laoreet eu accumsan ut, imperdiet in purus. Praesent laoreet iaculis urna, eu viverra purus lacinia in.\n\nNunc augue nulla, lobortis eu pulvinar a, rhoncus tempus elit. Quisque sodales tristique dui, ut luctus est sollicitudin vulputate. Nam iaculis convallis pulvinar. Sed diam mauris, porttitor id vestibulum non, aliquet et leo. Nunc blandit leo vitae est aliquet vitae fermentum metus vulputate. Praesent commodo, velit ac porta pretium, arcu tortor pulvinar dolor, vitae imperdiet mauris massa ut tortor. Nam augue arcu, rhoncus a fermentum ut, venenatis at dolor. Sed neque velit, placerat eu hendrerit ut, mollis sed lorem. Vivamus ultrices pellentesque massa, sed feugiat risus porta vel. Ut tincidunt fermentum dignissim. Mauris vitae nulla purus. In ullamcorper justo eget massa consectetur vitae tincidunt ligula commodo. Suspendisse tristique est in eros convallis et consequat dolor iaculis. Morbi dignissim massa at orci hendrerit tristique. Vivamus venenatis accumsan nisl, sed hendrerit arcu congue vel. Phasellus quis augue libero. Cras nec turpis et orci laoreet pulvinar. In rhoncus pharetra facilisis.\n\nPhasellus ac sapien hendrerit quam dictum viverra non eget massa. Aliquam aliquam risus quis eros luctus tincidunt. Nulla at nisl quam, ultricies semper quam. Cras congue sagittis turpis, et ornare ipsum interdum nec. Sed pharetra aliquam gravida. Aliquam dictum est vel ligula euismod hendrerit. In hac habitasse platea dictumst. Nam in nisi arcu. Etiam non tellus mi. Aenean quis facilisis erat. Aenean suscipit, nisl viverra placerat porttitor, risus enim volutpat lectus, non consectetur tortor velit in nisi. In convallis consequat nulla vel bibendum. Morbi in magna tellus, eu tristique tortor. Maecenas interdum mauris vel orci pellentesque vestibulum. Donec hendrerit sollicitudin velit, vitae pellentesque felis bibendum eu. Cras diam massa, vestibulum faucibus vestibulum vel, tempor sit amet felis. Vivamus sit amet diam elit. Donec mauris diam, tincidunt a lobortis a, eleifend luctus eros. Nunc eget nibh metus, nec tincidunt nisl.\n\nInteger in quam ligula, eu sagittis ipsum. Aenean consectetur neque et est commodo id adipiscing nisi mattis. Mauris faucibus dignissim urna ac egestas. Vivamus malesuada mauris vel nisl aliquet suscipit. Praesent accumsan tristique magna. Etiam in tellus massa. Praesent molestie varius facilisis. In vulputate ante vel ipsum pellentesque rutrum. In augue justo, tempus at ullamcorper eu, convallis ac magna. Sed id sem nulla, placerat malesuada urna. Nullam viverra adipiscing lectus ac porta. Donec sit amet mattis lacus. Integer pellentesque neque ac ligula pulvinar interdum. Donec sit amet commodo dolor. Donec at leo sapien, eget malesuada lorem. Sed venenatis mi dui. Aenean sollicitudin pellentesque ipsum, et scelerisque erat commodo a. Cras odio velit, hendrerit vel ultricies eget, cursus in eros.",
  "title": "Document 2-3-2-1-2",
  "__meta": {
    "updateId": -1810223460,
    "cdate": 1501428293450,
    "cuser": "cn=Al Mass,o=DARWINO",
    "mdate": 1501428330140,
    "replicaId": "85257FB8005090FB",
    "changes": "6wwI",
    "muser": "cn=Al Mass,o=DARWINO",
    "seqId": 1
  }
}