{
  "form": "CompanyDocument",
  "_parentid": "1DD811DD336792AE8525816D0054A768",
  "document": "Sed ut nibh massa, a auctor eros. Suspendisse viverra ante ac purus consequat vel sagittis odio luctus. Nulla facilisi. Curabitur cursus, erat adipiscing aliquet ornare, leo velit tincidunt leo, in laoreet est tellus eget elit. Fusce libero dui, faucibus vel sollicitudin vel, dignissim et turpis. Vestibulum in turpis quam. Quisque nulla augue, bibendum in auctor id, tristique ac leo. Suspendisse magna ligula, venenatis eu tincidunt sit amet, sollicitudin eu dui. Maecenas sit amet nisl fringilla nisi tempor varius laoreet non ante. Maecenas pulvinar, nibh non volutpat lacinia, lorem ante suscipit massa, eu tristique est lorem rutrum enim. Nullam magna dui, rhoncus eget molestie ut, accumsan sagittis magna. Donec tempus fringilla elementum. Mauris ultricies interdum justo, vel imperdiet nisl varius ac. Curabitur non mauris quis augue dignissim consequat. Aliquam justo neque, posuere ac placerat ac, sagittis non mauris. Sed molestie, massa non venenatis condimentum, felis mauris placerat orci, non commodo eros nisi non neque. Nullam neque orci, congue sed mollis et, aliquam at massa. Proin mollis vulputate massa porta congue.\n\nEtiam fringilla adipiscing enim, ut tempor ante posuere id. Quisque dolor purus, blandit nec tincidunt non, iaculis scelerisque purus. Morbi et purus dolor. Morbi vitae ante eu mi varius eleifend. Vivamus dictum leo ut nisi sagittis cursus. Sed ac tellus vitae massa vulputate mattis. Duis nibh lorem, eleifend et sollicitudin sed, dignissim at felis. Phasellus dignissim laoreet odio eu vulputate. Pellentesque sit amet mauris in turpis tincidunt fringilla ac quis dolor. Praesent enim enim, tincidunt id tincidunt eget, varius ut metus.",
  "title": "Document 2",
  "__meta": {
    "updateId": -1810265590,
    "cdate": 1501428279380,
    "cuser": "cn=Al Mass,o=DARWINO",
    "mdate": 1501428288010,
    "replicaId": "85257FB8005090FB",
    "changes": "yFwq",
    "muser": "cn=Al Mass,o=DARWINO",
    "seqId": 1
  }
}