{
  "form": "CompanyDocument",
  "_parentid": "14726AFF4489CF9F8525816D0054B79A",
  "document": "Vivamus at elit in ante vestibulum tempor. Praesent ullamcorper tortor at sapien sagittis semper. Etiam euismod fringilla rhoncus. Sed tempor lorem a sapien fringilla pretium. In accumsan sagittis ligula volutpat porta. Quisque ullamcorper ullamcorper dolor at posuere. Aenean et interdum elit. Class aptent taciti sociosqu ad litora torquent per conubia nostra, per inceptos himenaeos. Donec venenatis fringilla est, vel molestie purus lobortis id. Vivamus rutrum lobortis dui id blandit. Cras imperdiet ultricies luctus. Fusce laoreet odio nec odio porta auctor. Donec id dui facilisis lectus vehicula ornare quis at nulla. Nam id odio quis libero vestibulum tincidunt eu et lorem.\n\nNullam venenatis arcu in nunc mattis interdum. Vivamus ut facilisis velit. Sed vitae rutrum elit. Praesent vel urna vel nisl faucibus euismod nec ac nulla. Mauris mattis, tortor vel placerat facilisis, erat dolor luctus turpis, nec facilisis sapien enim at sapien. Suspendisse potenti. Pellentesque vestibulum nunc a tortor interdum quis congue nisl tincidunt. Maecenas vel nibh nec ligula vulputate scelerisque a eu arcu. In et bibendum nisi. Nulla laoreet imperdiet magna, ut ornare orci dapibus sed. Sed et urna lacus. Praesent id nulla commodo diam rhoncus consequat. Pellentesque rutrum lacinia libero, ut cursus nisl faucibus non. Pellentesque nibh risus, ultricies sit amet hendrerit et, viverra sed nulla.\n\nInteger sed iaculis dolor. Morbi rhoncus, eros eget venenatis facilisis, leo elit ultricies dolor, sed hendrerit eros justo vitae nisl. Sed vehicula felis id justo posuere eu auctor velit accumsan. Donec feugiat gravida elit, a commodo purus tristique convallis. Mauris lacinia euismod sapien eget gravida. Maecenas sed justo dui, a ultricies diam. Curabitur eu ante congue purus suscipit accumsan. Donec scelerisque, eros eu faucibus porttitor, velit ante venenatis tortor, et dapibus eros augue nec enim. Curabitur a urna vel nibh volutpat porta. Pellentesque consequat, sapien et condimentum placerat, lacus velit laoreet velit, vel egestas erat nulla ac metus. Duis imperdiet molestie laoreet. Vivamus laoreet aliquet felis, ut scelerisque diam elementum non. Maecenas auctor, ipsum vel pretium adipiscing, mi tortor fringilla neque, at faucibus lorem dui quis lorem.\n\nMauris eu nisl orci, ut tincidunt massa. Vestibulum tincidunt, ante sed porttitor semper, leo lorem convallis sem, eu facilisis felis elit ut lectus. In pulvinar tellus vel velit bibendum rhoncus. Mauris non lorem augue. Vestibulum blandit libero quis velit hendrerit ornare. Phasellus a ante est, et vulputate tellus. Aenean vel facilisis elit. Donec tristique ipsum id lacus imperdiet tempor. Vestibulum facilisis lobortis tristique. Nulla ligula neque, rutrum at auctor quis, pretium blandit enim. Aliquam pellentesque ligula et mauris consectetur convallis. Phasellus imperdiet porttitor lacus, lacinia laoreet dui feugiat id. Mauris sed ligula nunc. Aliquam leo velit, semper quis consectetur vel, cursus vitae massa. Cras et erat non orci tempor ornare. Integer congue elementum euismod. Suspendisse ac neque nisl, vitae condimentum metus. Mauris pulvinar libero a lacus scelerisque sit amet hendrerit nunc tempus. Duis metus diam, vulputate eget ultrices vel, rhoncus id lacus. Vestibulum ultrices ipsum nec enim dapibus vel pellentesque ante venenatis.",
  "title": "Document 3-1-1-1-1",
  "__meta": {
    "updateId": -1810143130,
    "cdate": 1501428320270,
    "cuser": "cn=Al Mass,o=DARWINO",
    "mdate": 1501428410470,
    "replicaId": "85257FB8005090FB",
    "changes": "mi6f",
    "muser": "cn=Al Mass,o=DARWINO",
    "seqId": 1
  }
}