{
  "firstname": "Jessie",
  "comments": "<font size=\"2\" face=\"sans-serif\">A phone spoke to the sweet spoon</font>",
  "homephone": "(654) 395-1586",
  "city": "Boca Raton",
  "sex": "M",
  "picture": "http://www.gravatar.com/avatar/c719704d8748935293d812d67b984817?d=retro",
  "lastname": "Burt",
  "__meta": {
    "updateId": -1810119610,
    "cdate": 1501428331310,
    "cuser": "cn=Al Mass,o=DARWINO",
    "mdate": 1501428433990,
    "replicaId": "85257FB8005090FB",
    "changes": "EY2X",
    "muser": "cn=Al Mass,o=DARWINO",
    "seqId": 2
  },
  "zipcode": "33428",
  "form": "Contact",
  "street": "475 Cooper Street",
  "firstcontact": "2016-10-09T15:23:02.000-05:00",
  "workphone": "(614) 832-1474",
  "mobilephone": "(402) 840-1308",
  "company": "Ron-tech",
  "state": "FL",
  "card": "<img src=\"$document-attachment/Card%7C%7Cinline-0.84.gif\" width=\"80\" height=\"80\" /><br />\r\n<font size=\"2\" face=\"sans-serif\"><b>Name</b></font><font size=\"2\" face=\"sans-serif\">: Jessie Burt</font><br />\r\n<font size=\"2\" face=\"sans-serif\"><b>EMail</b></font><font size=\"2\" face=\"sans-serif\">: jburt@darwino.com</font><br />\r\n<font size=\"2\" face=\"sans-serif\"><b>Company</b></font><font size=\"2\" face=\"sans-serif\">: Ron-tech</font>",
  "email": "jburt@darwino.com"
}