{
  "form": "CompanyDocument",
  "_parentid": "714FAA83595B039A8525816D0054AD8C",
  "document": "Vestibulum ullamcorper faucibus tellus, vel pulvinar nisi hendrerit vitae. Praesent sit amet tellus feugiat augue molestie fringilla. Aliquam hendrerit libero lacinia massa gravida feugiat. Maecenas quis molestie felis. Nunc iaculis nibh a leo sagittis fringilla. Donec ultrices malesuada ligula, quis fermentum diam auctor lacinia. Morbi est odio, rutrum vitae ornare sit amet, porttitor eu velit. Nunc congue tristique accumsan. Nullam pellentesque leo sed sapien cursus sollicitudin. Pellentesque ante diam, facilisis a sodales sed, sodales et mauris. Aenean et tellus augue. Aliquam molestie, arcu ut egestas scelerisque, mauris ipsum convallis elit, luctus lacinia velit sem quis lorem. Ut vel vehicula enim. Ut congue sagittis odio, vitae sodales nulla pellentesque consequat. Phasellus rhoncus porta ligula ac gravida. Sed dapibus congue sodales.\n\nProin rutrum malesuada sem vitae dictum. Aenean molestie elit massa, blandit volutpat purus. Nullam sit amet dictum eros. Curabitur dignissim magna convallis nulla scelerisque ac tempus dolor porta. Mauris at iaculis ipsum. Ut vulputate eros sed justo varius bibendum. Etiam non porta tortor. Praesent sapien elit, tempor nec dignissim non, interdum ac urna. Sed sit amet enim sem, non pellentesque elit. Praesent fermentum porttitor elementum.\n\nMorbi pharetra aliquam commodo. Integer cursus convallis fermentum. Maecenas pharetra ipsum sollicitudin metus pretium gravida. Nullam facilisis, magna vel sollicitudin facilisis, sem arcu mattis velit, at pretium purus elit at purus. Sed congue, felis ac aliquet vehicula, nisl sem varius odio, at volutpat nisl massa in velit. Sed condimentum magna sed velit ultricies placerat. Maecenas ac urna vel leo viverra pharetra. Nunc mattis, nisl non pretium consectetur, leo nisl molestie nunc, in rhoncus dui massa sed velit. Ut congue sodales faucibus. Praesent turpis sem, porta vel accumsan et, vulputate eu neque. Curabitur a erat sit amet felis volutpat fermentum non vitae velit. Suspendisse non nunc sed nisl porttitor pretium. Nulla luctus massa a lorem posuere hendrerit accumsan lacus auctor. Pellentesque habitant morbi tristique senectus et netus et malesuada fames ac turpis egestas.\n\nSuspendisse nec neque at nisi porttitor lacinia. Sed rhoncus imperdiet urna, sed adipiscing tortor mattis nec. Curabitur sollicitudin tristique augue lobortis vestibulum. Nulla auctor venenatis commodo. Donec congue, mi a ullamcorper bibendum, sapien felis hendrerit ligula, id scelerisque erat tellus at tellus. Phasellus lacinia vestibulum commodo. Morbi id nisl nisi, at ultricies lectus. Ut gravida turpis sit amet magna pharetra eleifend. In tristique varius tellus ut blandit. Fusce at odio quis nibh adipiscing egestas quis aliquet velit. Integer pulvinar dui lobortis urna venenatis non tincidunt felis eleifend. Ut vestibulum, nunc non rutrum egestas, est orci varius nibh, at venenatis arcu nisi fringilla metus. Donec eu nulla in justo egestas mattis malesuada id leo. Vestibulum id lorem metus. Duis porta, risus sed ultricies tincidunt, nisl nisi mattis metus, et cursus neque risus convallis arcu. Class aptent taciti sociosqu ad litora torquent per conubia nostra, per inceptos himenaeos. Pellentesque habitant morbi tristique senectus et netus et malesuada fames ac turpis egestas. Suspendisse vehicula neque nec diam volutpat sed tempor libero vulputate. Nunc eget sapien eros, eleifend molestie erat. Praesent ut sapien felis, non tristique tellus.",
  "title": "Document 4-3-1",
  "__meta": {
    "updateId": -1810220220,
    "cdate": 1501428294530,
    "cuser": "cn=Al Mass,o=DARWINO",
    "mdate": 1501428333380,
    "replicaId": "85257FB8005090FB",
    "changes": "AqrV",
    "muser": "cn=Al Mass,o=DARWINO",
    "seqId": 1
  }
}