{
  "form": "CompanyDocument",
  "_parentid": "C3A2FDA844E1CBC38525816D0054B34A",
  "document": "Etiam ultricies ligula vel velit pretium et convallis augue eleifend. Sed lobortis interdum sem, sed sollicitudin lectus pellentesque a. Duis orci ante, laoreet vel viverra non, varius vel nisi. Quisque adipiscing mattis turpis, eget cursus ante sollicitudin sed. Praesent cursus lobortis posuere. Curabitur sapien mauris, suscipit a scelerisque at, eleifend sit amet nunc. Nam consequat arcu sit amet elit elementum iaculis. Quisque id augue elit, convallis malesuada mauris. Fusce consectetur bibendum arcu sit amet fringilla. Praesent tempor libero ut lectus luctus sit amet sagittis ligula congue. Donec dapibus risus eget nunc pretium sollicitudin. Nulla vitae bibendum diam. Proin libero nibh, posuere id molestie vitae, pellentesque eget magna. Fusce interdum dignissim ipsum id viverra. Ut in diam vitae nisl iaculis adipiscing ut a massa. Maecenas accumsan dolor sit amet ipsum imperdiet pharetra. Donec in rutrum quam. In urna nisl, convallis sit amet tempus vel, pulvinar id magna. Proin neque dolor, mollis vitae pretium sollicitudin, rhoncus at leo. Cras bibendum fermentum tempus.\n\nSed suscipit ipsum eu nibh vehicula placerat sed nec massa. Aenean tortor mi, tristique non fringilla nec, sodales nec mauris. Nulla ac tempor est. Curabitur non orci a purus tempus rhoncus. Sed laoreet placerat turpis et scelerisque. Mauris posuere imperdiet metus, et tempus ipsum pharetra ac. Sed faucibus mi quis ante cursus a malesuada augue pulvinar. Pellentesque bibendum lacus eu turpis lacinia faucibus. Mauris porttitor commodo congue. Sed elit massa, vestibulum sit amet feugiat a, dictum at lectus. Vestibulum sem turpis, interdum quis consectetur ullamcorper, euismod sed odio. Suspendisse congue justo in dui mollis fringilla. Suspendisse lacinia nunc a sapien elementum congue. Class aptent taciti sociosqu ad litora torquent per conubia nostra, per inceptos himenaeos. Pellentesque orci dolor, accumsan sed vehicula commodo, lacinia ac turpis. Proin luctus lorem vel sapien iaculis luctus.\n\nDonec at tempus quam. Sed est est, pellentesque quis pellentesque quis, porttitor sed risus. Sed quis nulla erat. Nullam tincidunt eros vel quam bibendum mollis. Class aptent taciti sociosqu ad litora torquent per conubia nostra, per inceptos himenaeos. Proin nec eros eget magna scelerisque euismod at vitae risus. Aliquam erat volutpat. Sed lacinia, turpis id cursus volutpat, nulla mi sollicitudin dolor, sit amet aliquam turpis metus at urna. Cras porta, justo vel bibendum sodales, magna erat pellentesque est, at aliquet diam libero eu dolor. Ut a sollicitudin nisl. Fusce diam arcu, luctus ac ultrices vel, accumsan eu quam.",
  "title": "Document 6-2-3",
  "__meta": {
    "updateId": -1810175770,
    "cdate": 1501428309370,
    "cuser": "cn=Al Mass,o=DARWINO",
    "mdate": 1501428377830,
    "replicaId": "85257FB8005090FB",
    "changes": "FryD",
    "muser": "cn=Al Mass,o=DARWINO",
    "seqId": 1
  }
}