{
  "form": "CompanyDocument",
  "_parentid": "C0E8A7DA28AF575C8525816D0054B1CB",
  "document": "Nam eget nulla nec leo bibendum cursus. Suspendisse tellus libero, adipiscing non bibendum nec, fringilla scelerisque nisl. Etiam at venenatis nisi. Maecenas porta blandit ante, sit amet laoreet massa ornare ut. Praesent fermentum aliquam mi, sit amet vestibulum augue fringilla suscipit. Morbi ut diam lacus, quis vehicula nulla. Nullam viverra ultricies lacus, id sollicitudin leo ornare non. Donec ut nibh arcu. Duis luctus erat at eros ultricies sed consequat lorem sollicitudin. Nulla volutpat pretium erat eu sodales. Integer fermentum semper consequat. Mauris fringilla ante ultrices leo laoreet viverra. Vestibulum ante ipsum primis in faucibus orci luctus et ultrices posuere cubilia Curae; Donec sit amet est erat, ut rhoncus tellus. Nullam pretium, turpis ut sollicitudin vestibulum, neque turpis porttitor dui, eget ultricies dolor justo id mi.\n\nLorem ipsum dolor sit amet, consectetur adipiscing elit. Aenean iaculis adipiscing nunc, sit amet aliquam massa lobortis placerat. Aenean rhoncus, enim nec cursus sollicitudin, nibh nisi molestie mi, non dignissim magna est eu metus. Duis eget mauris sit amet felis semper semper eu at nisi. Aliquam eget nunc ut purus gravida iaculis sit amet sit amet ante. Proin iaculis nunc quis leo scelerisque eget mattis quam pharetra. Fusce turpis metus, ultricies in iaculis eu, viverra eu urna. Nullam suscipit, lacus vitae volutpat porta, felis turpis tincidunt diam, a elementum erat dui vitae eros. Morbi aliquam vestibulum erat, aliquet semper nulla venenatis at. Curabitur dapibus pharetra turpis quis congue. Cras sit amet mi lacus. Morbi consequat iaculis ipsum, et elementum ipsum posuere vel. Curabitur neque velit, pellentesque eget fringilla a, dictum nec purus. Vestibulum mollis velit at ipsum pulvinar vel ultrices velit commodo. Duis quis lacus sit amet risus porta posuere. Phasellus commodo aliquam auctor.\n\nUt nulla justo, facilisis sed fermentum tempor, tristique quis purus. Nunc erat elit, congue quis viverra a, aliquet eu nibh. Phasellus semper tempor tincidunt. Nam in purus quis tortor bibendum auctor ac a ipsum. Praesent porta, elit sit amet porta tincidunt, sem enim tincidunt elit, sed tincidunt justo magna at purus. Fusce libero odio, venenatis non consequat non, placerat vulputate quam. Pellentesque blandit nibh eget erat congue ornare. Maecenas malesuada, dui id egestas bibendum, ipsum purus dapibus turpis, ut tincidunt neque sem nec mi. Vivamus sit amet sodales tortor. Nulla libero odio, accumsan et interdum at, posuere vitae arcu.",
  "title": "Document 4-2-1-2-2",
  "__meta": {
    "updateId": -1810187630,
    "cdate": 1501428305410,
    "cuser": "cn=Al Mass,o=DARWINO",
    "mdate": 1501428365970,
    "replicaId": "85257FB8005090FB",
    "changes": "0muU",
    "muser": "cn=Al Mass,o=DARWINO",
    "seqId": 1
  }
}