{
  "form": "CompanyDocument",
  "_parentid": "4B8FB6D2CCF341678525816D0054B250",
  "document": "Etiam ac libero ipsum. Vestibulum ante ipsum primis in faucibus orci luctus et ultrices posuere cubilia Curae; Sed porttitor sollicitudin turpis in pellentesque. Suspendisse ac magna mollis erat ultrices ultrices. Etiam non quam quam. Fusce vitae sem nisl. Vivamus congue scelerisque massa, vel consectetur nisi dictum vitae. Suspendisse ipsum lacus, ultricies quis varius vitae, mollis non purus. Nunc hendrerit, turpis nec dictum facilisis, ligula nunc mollis nunc, eu tincidunt nisl ipsum ac nulla. Mauris ac est libero, in euismod ipsum. Mauris suscipit pharetra arcu non eleifend. Nunc sed neque non odio tempus ornare. Nullam a dui tincidunt dolor pretium euismod. Praesent eu nunc nisi, ut sollicitudin ligula. Proin hendrerit, justo a tempor porttitor, leo nunc placerat velit, ut sodales massa sapien eget elit.\n\nVestibulum ullamcorper faucibus tellus, vel pulvinar nisi hendrerit vitae. Praesent sit amet tellus feugiat augue molestie fringilla. Aliquam hendrerit libero lacinia massa gravida feugiat. Maecenas quis molestie felis. Nunc iaculis nibh a leo sagittis fringilla. Donec ultrices malesuada ligula, quis fermentum diam auctor lacinia. Morbi est odio, rutrum vitae ornare sit amet, porttitor eu velit. Nunc congue tristique accumsan. Nullam pellentesque leo sed sapien cursus sollicitudin. Pellentesque ante diam, facilisis a sodales sed, sodales et mauris. Aenean et tellus augue. Aliquam molestie, arcu ut egestas scelerisque, mauris ipsum convallis elit, luctus lacinia velit sem quis lorem. Ut vel vehicula enim. Ut congue sagittis odio, vitae sodales nulla pellentesque consequat. Phasellus rhoncus porta ligula ac gravida. Sed dapibus congue sodales.",
  "title": "Document 4-3",
  "__meta": {
    "updateId": -1810182870,
    "cdate": 1501428307000,
    "cuser": "cn=Al Mass,o=DARWINO",
    "mdate": 1501428370730,
    "replicaId": "85257FB8005090FB",
    "changes": "MJVm",
    "muser": "cn=Al Mass,o=DARWINO",
    "seqId": 1
  }
}