{
  "form": "CompanyDocument",
  "_parentid": "F431319421873D4D8525816D0054ADFC",
  "document": "Morbi id risus magna. Nunc auctor consectetur nunc, semper tristique lacus luctus nec. Donec in mattis elit. Nunc posuere justo in felis dignissim at porttitor tellus luctus. In eleifend lobortis sapien, a faucibus leo faucibus eget. Vestibulum vitae purus neque, eget commodo nisi. Ut a urna massa, euismod vulputate lectus. Cras elementum nisi eu tellus dignissim eget convallis libero bibendum. Class aptent taciti sociosqu ad litora torquent per conubia nostra, per inceptos himenaeos. Phasellus condimentum odio et quam adipiscing id pellentesque ipsum condimentum. Nunc quam mi, varius quis porta in, porttitor laoreet mi. Donec semper est nec tortor rutrum euismod consequat tellus rutrum. Fusce interdum purus vitae quam tempus fermentum. Aenean arcu dui, congue a feugiat vel, cursus in felis. Vestibulum rhoncus bibendum tortor et auctor. Vivamus sit amet lorem nisl, ut congue tellus. Praesent lobortis suscipit enim, fringilla convallis neque venenatis eget. Aliquam faucibus nulla eu sapien consequat porta sit amet quis erat. Nulla posuere lacinia elit at egestas. Etiam aliquam pharetra nulla, ac vehicula elit adipiscing sed.\n\nNam nec urna vel risus faucibus luctus. Nam euismod vulputate nisi, id sodales ipsum varius eu. In id mi id turpis mollis vulputate. Cras porta dui et velit adipiscing non feugiat est sodales. Sed ac quam lectus. Nullam quis magna nec turpis egestas auctor et sed augue. Fusce bibendum, dolor vitae porttitor cursus, diam sem ultricies tortor, at tincidunt arcu erat sit amet tortor. Morbi a augue tortor, vitae pulvinar diam. Aliquam erat volutpat. Cras dolor dui, laoreet a malesuada nec, porttitor quis leo. Phasellus a dui nec felis bibendum hendrerit eu ac risus. Ut tortor odio, ullamcorper in pretium ac, malesuada a turpis. Cras bibendum libero eu nisi pharetra aliquet eget sed diam. Etiam semper, felis quis luctus vehicula, urna dolor pretium enim, eu sollicitudin ante diam eget ligula. Donec interdum vehicula tellus ac porta. Proin lacinia aliquet risus, commodo consequat nunc sodales eget. Praesent enim nibh, lacinia sit amet euismod ut, imperdiet eget est. Aliquam id nisi metus.",
  "title": "Document 6-2-1-1-1",
  "__meta": {
    "updateId": -1810216860,
    "cdate": 1501428295650,
    "cuser": "cn=Al Mass,o=DARWINO",
    "mdate": 1501428336740,
    "replicaId": "85257FB8005090FB",
    "changes": "gbc8",
    "muser": "cn=Al Mass,o=DARWINO",
    "seqId": 1
  }
}