{
  "form": "CompanyDocument",
  "_parentid": "70CB150DBF9146928525816D0054AF0D",
  "document": "Suspendisse fermentum viverra ligula eu varius. Integer bibendum lacus purus. Curabitur eu magna in tortor luctus blandit. Integer venenatis molestie libero, in convallis lacus faucibus ut. Morbi vitae accumsan dolor. Sed rutrum commodo vulputate. Maecenas odio mauris, gravida sed auctor quis, imperdiet sit amet erat. Vestibulum sem dui, molestie nec accumsan id, tristique nec purus. Sed non augue ac orci condimentum mollis in id massa. Fusce sagittis, erat quis cursus venenatis, elit nisi sagittis neque, ac euismod lacus turpis vel ipsum. Aenean tempor semper condimentum. Donec sollicitudin elit ornare nibh sollicitudin dapibus. Suspendisse potenti. Sed eleifend, nunc nec porttitor euismod, ligula nibh volutpat dui, a pharetra nibh eros ac diam. Nulla non dui sed magna facilisis pharetra vitae nec nibh. Nullam mattis hendrerit vehicula. Duis dapibus lacus in enim viverra placerat. Proin ultricies, quam quis tincidunt laoreet, eros odio aliquam elit, at porta nisi dui rutrum turpis. Phasellus ac sem libero. Pellentesque risus odio, porta in porttitor a, blandit eget diam.",
  "title": "Document 1-4-1-2-3",
  "__meta": {
    "updateId": -1810208630,
    "cdate": 1501428298400,
    "cuser": "cn=Al Mass,o=DARWINO",
    "mdate": 1501428344970,
    "replicaId": "85257FB8005090FB",
    "changes": "Tchr",
    "muser": "cn=Al Mass,o=DARWINO",
    "seqId": 1
  }
}