{
  "form": "CompanyDocument",
  "_parentid": "C9A824294B390BB18525816D0054B47A",
  "document": "Vestibulum placerat ornare ultricies. Donec dapibus nisl nec urna aliquet porta. Nulla non nisi nisl. Aliquam luctus sollicitudin nisl vel imperdiet. Nullam sollicitudin commodo tempus. Mauris mattis dolor in tellus porta viverra. Phasellus dolor leo, rutrum a lobortis eget, interdum ut sem. Nam rutrum ullamcorper justo. Quisque scelerisque arcu nec sapien sagittis in tincidunt tellus tincidunt. Vivamus facilisis fringilla consequat. Suspendisse lacinia mauris eget magna placerat ornare. Nunc non dapibus purus. Vestibulum nisl justo, aliquam sed bibendum ac, suscipit at dolor. Proin varius velit vitae leo dapibus sit amet tristique tortor convallis.\n\nFusce sed urna suscipit mi faucibus scelerisque et sed justo. Praesent semper est nunc, vel elementum eros. Donec nulla erat, pellentesque sed ultricies in, hendrerit placerat odio. Nulla mattis consectetur odio et tincidunt. Etiam tincidunt viverra mi, eu consectetur elit iaculis ut. Duis elit sem, porta et condimentum sed, ornare eget mi. Maecenas et sagittis nisl. Etiam accumsan magna at elit suscipit in sagittis diam aliquet. Pellentesque cursus metus quis augue tincidunt tincidunt. Quisque rutrum ligula ac purus condimentum in aliquet quam consectetur. Pellentesque habitant morbi tristique senectus et netus et malesuada fames ac turpis egestas. Curabitur sapien libero, sodales ac ultrices sit amet, rhoncus sit amet sapien. In hac habitasse platea dictumst. Donec adipiscing, mi vel dictum dapibus, sapien lectus pharetra arcu, tincidunt sodales sem metus eu erat. Sed fringilla nisi at velit sollicitudin ut laoreet dui accumsan. Proin viverra placerat magna, eget rhoncus tortor semper nec.\n\nIn non massa a libero dictum tempus. Praesent ac enim mauris, at fermentum lorem. Cras imperdiet diam non nisl mattis posuere. Nam in justo eros, eget elementum augue. Donec nec facilisis sem. Cras leo felis, posuere at tempus et, convallis at nisi. Vestibulum arcu neque, imperdiet eget elementum vel, euismod sit amet mi. Fusce elementum sem ac justo feugiat consequat. Curabitur ac vulputate libero. Nam scelerisque nulla et felis lacinia pretium. Morbi eu turpis orci, et fermentum turpis. Ut dignissim, mi id tincidunt adipiscing, nunc erat consectetur erat, a egestas massa nulla sed est. Nunc placerat, sapien et pellentesque ornare, turpis metus congue lectus, a scelerisque magna nulla sed erat.\n\nFusce varius mi vel massa egestas rhoncus. Integer rhoncus blandit vehicula. Etiam lobortis eros at massa placerat ullamcorper. Vivamus condimentum ultricies metus nec dignissim. Vivamus dignissim, diam et feugiat vestibulum, dui tellus elementum arcu, et pulvinar diam metus quis quam. Pellentesque faucibus dapibus laoreet. Donec congue velit et purus vestibulum ut pulvinar erat pharetra. Ut faucibus orci eu lectus vulputate gravida. Fusce ante lectus, porttitor non imperdiet eget, eleifend ut nibh. Etiam vestibulum rutrum metus quis laoreet.",
  "title": "Document 5-2-1-3-1",
  "__meta": {
    "updateId": -1810167080,
    "cdate": 1501428312270,
    "cuser": "cn=Al Mass,o=DARWINO",
    "mdate": 1501428386520,
    "replicaId": "85257FB8005090FB",
    "changes": "CVw_",
    "muser": "cn=Al Mass,o=DARWINO",
    "seqId": 1
  }
}