{
  "form": "CompanyDocument",
  "_parentid": "9CD131E0C078990A8525816D0054AC2E",
  "document": "Fusce ac auctor dolor. Duis ut tortor quis metus aliquam ultrices sit amet at nunc. Maecenas blandit quam a tortor suscipit ac fermentum tortor posuere. In massa urna, aliquam ac sodales sed, iaculis eu ligula. Nunc vel nunc quis mauris commodo aliquam at eu arcu. Nullam et ipsum vel lorem semper consequat. In tristique lacus in eros semper eget luctus diam faucibus. Aliquam erat volutpat. Nunc porta, nunc non accumsan accumsan, lorem diam luctus enim, nec consectetur metus massa sed libero. Ut facilisis pretium eros. Vestibulum rhoncus laoreet facilisis. Ut metus ante, tempor sit amet blandit id, molestie et enim.\n\nDonec lobortis, mauris id imperdiet faucibus, diam metus suscipit eros, non ultrices neque leo non ante. Quisque tempus malesuada purus. Mauris vulputate fermentum pretium. Curabitur mattis eros a tortor pretium a varius purus aliquet. Integer erat neque, pharetra non ullamcorper sit amet, viverra at dolor. Vestibulum ante ipsum primis in faucibus orci luctus et ultrices posuere cubilia Curae; Cras eu nunc elit, sed rutrum dolor. Aenean euismod, metus ut malesuada congue, orci turpis vestibulum dolor, ac placerat diam purus nec mi. Nullam in enim nulla, et eleifend eros. Curabitur vulputate orci eget ipsum euismod ut laoreet ipsum mattis. Duis ut quam eget urna adipiscing porta. Etiam consectetur quam molestie est congue rutrum. Nunc ac risus eu arcu euismod luctus eu id nisi. Sed vel justo eu risus rhoncus malesuada.",
  "title": "Document 1-4-1-1-2",
  "__meta": {
    "updateId": -1810230680,
    "cdate": 1501428291040,
    "cuser": "cn=Al Mass,o=DARWINO",
    "mdate": 1501428322920,
    "replicaId": "85257FB8005090FB",
    "changes": "s7LD",
    "muser": "cn=Al Mass,o=DARWINO",
    "seqId": 1
  }
}