{
  "form": "CompanyDocument",
  "_parentid": "A72B39F0A0E57E1F8525816D0054A9B1",
  "document": "Praesent ullamcorper molestie diam, vitae sodales ipsum aliquam vitae. Curabitur nulla justo, condimentum in imperdiet quis, fermentum sed quam. Vestibulum mollis velit et quam fringilla accumsan. Morbi hendrerit varius est, vel cursus odio faucibus quis. Class aptent taciti sociosqu ad litora torquent per conubia nostra, per inceptos himenaeos. Proin posuere dui a elit aliquet aliquam. Sed eu varius nisi. Maecenas sapien risus, sollicitudin eu volutpat sed, luctus in ipsum. Cum sociis natoque penatibus et magnis dis parturient montes, nascetur ridiculus mus. Aenean sagittis congue mauris non pulvinar. Ut cursus lacinia placerat. Vestibulum mollis justo sed ipsum pretium vitae varius urna malesuada.\n\nPellentesque dolor sem, viverra eu elementum et, viverra non metus. Quisque velit purus, adipiscing nec auctor sed, porttitor eu est. Nullam sit amet dui elit. Phasellus mattis magna at arcu bibendum eu scelerisque justo aliquam. Donec sit amet odio sapien. Proin consectetur tempor dui, ut feugiat orci ultricies quis. Vestibulum nec sem tortor. In eu eros vel magna congue viverra. Duis non mauris felis. Pellentesque auctor fermentum eros. Cras in libero nisl. Aliquam erat volutpat. Quisque pellentesque auctor lorem id vulputate. Mauris in turpis vel neque ultrices consectetur eu nec risus. Maecenas enim purus, eleifend non tincidunt ut, pellentesque ut erat. Integer cursus mi eu ipsum auctor tempus. Aliquam lacinia, augue eu varius feugiat, nunc ante imperdiet ligula, eu varius risus ipsum ac felis. Vestibulum vel erat sit amet dolor iaculis eleifend. Quisque commodo urna ut enim vestibulum tincidunt. In in lacinia felis.\n\nDonec quis mi ut lectus blandit luctus vitae vitae neque. Pellentesque habitant morbi tristique senectus et netus et malesuada fames ac turpis egestas. Sed enim erat, vulputate vel mollis et, facilisis ut ligula. Etiam dui ligula, ultrices ut convallis consectetur, lobortis dapibus libero. Mauris sit amet dictum odio. Suspendisse imperdiet rhoncus tellus eu pharetra. Nulla quis felis sagittis eros vulputate ornare at ac ante. Aliquam vel elit quis tellus bibendum sodales. Duis felis tellus, auctor eget tincidunt a, hendrerit in mi. Pellentesque habitant morbi tristique senectus et netus et malesuada fames ac turpis egestas. Nam mattis sollicitudin sapien. Quisque id ligula et lectus interdum tempus sit amet vitae tellus. Nunc ut erat lectus. Donec vehicula mattis elit, sit amet facilisis purus lobortis in. Maecenas consectetur blandit pellentesque.\n\nAenean aliquet iaculis quam sit amet semper. Sed in justo vitae ipsum blandit bibendum. Proin lobortis, enim a tempus ornare, ipsum ipsum porttitor turpis, non sodales elit justo nec eros. Pellentesque orci nibh, sodales id dictum eu, bibendum a tortor. Suspendisse potenti. Vivamus laoreet semper egestas. Aenean nisi urna, consequat et dictum sed, rhoncus sed dolor. Cras pretium fringilla lobortis. Sed leo lacus, aliquam nec adipiscing in, tempus bibendum purus. Sed hendrerit nibh ac erat ultrices varius. Pellentesque id scelerisque orci. Nulla tristique placerat tristique. Curabitur ullamcorper, libero in posuere porttitor, odio urna feugiat magna, quis pulvinar orci neque id urna. Ut volutpat sem in lectus fermentum sed iaculis elit tincidunt. Integer quam lorem, eleifend at convallis accumsan, commodo posuere dolor. Integer consectetur purus ut nisi sagittis consequat. Pellentesque facilisis pretium neque nec feugiat.",
  "title": "Document 1",
  "__meta": {
    "updateId": -1810249790,
    "cdate": 1501428284660,
    "cuser": "cn=Al Mass,o=DARWINO",
    "mdate": 1501428303810,
    "replicaId": "85257FB8005090FB",
    "changes": "NugK",
    "muser": "cn=Al Mass,o=DARWINO",
    "seqId": 1
  }
}