{
  "form": "CompanyDocument",
  "_parentid": "FD790A83A640C1428525816D0054AA86",
  "document": "Duis ut elit ante. Nulla congue tempor egestas. Sed id ligula lacus. Suspendisse potenti. Nam et metus ligula, at tristique orci. Aenean gravida orci eget leo feugiat lobortis. Vestibulum ante ipsum primis in faucibus orci luctus et ultrices posuere cubilia Curae; Donec tincidunt massa id risus tristique tincidunt. Quisque facilisis fermentum sem in tincidunt. Vestibulum suscipit sem viverra justo imperdiet blandit egestas tempus nisl. Mauris nunc diam, mollis ut rutrum eget, ornare a urna. Praesent condimentum neque sit amet erat facilisis blandit. Morbi elementum risus id sem mollis pharetra. Ut lorem est, semper sed placerat ac, luctus ut dolor. Suspendisse non massa justo.\n\nPhasellus fermentum, erat id luctus commodo, nibh diam iaculis augue, eu pharetra ante velit facilisis arcu. Fusce posuere condimentum ligula, ac suscipit ante aliquet eget. Nam quis orci at erat cursus vulputate sed sit amet erat. Suspendisse ornare, est ac mattis sodales, nulla velit sollicitudin lacus, id porta erat nulla at enim. Maecenas fringilla justo in sapien ullamcorper imperdiet. Suspendisse nulla orci, elementum eu feugiat in, adipiscing eu nisi. Suspendisse venenatis molestie tortor at vehicula. Nunc sit amet est eget odio tincidunt sagittis. Aliquam eu arcu urna, vitae iaculis justo. Praesent ac mauris quis mi pretium consectetur. Aenean vitae mauris nulla, at vehicula leo. Aliquam semper, mi id euismod ornare, dui nulla luctus odio, vel hendrerit diam sapien in tellus.\n\nInteger congue massa id velit commodo sit amet posuere erat tristique. Ut lobortis congue arcu non dignissim. Duis libero justo, elementum quis lacinia id, tristique eu tortor. In ac leo congue ante consectetur mattis ut a arcu. Mauris vehicula nunc sit amet nibh placerat at consequat dui tristique. Vestibulum nec nibh eu lectus fermentum cursus. Vestibulum at lectus quis nisl tincidunt ornare vitae a libero. Praesent vel dolor eget nisi facilisis dictum imperdiet non libero. Pellentesque consectetur nunc non mi eleifend rutrum eu sit amet eros. Etiam ac tellus nec dui mollis tempus. Nam sit amet mauris id ligula eleifend pretium. Class aptent taciti sociosqu ad litora torquent per conubia nostra, per inceptos himenaeos. Aliquam libero leo, bibendum quis cursus ut, suscipit eget nisi. Sed ac velit velit, ac vestibulum arcu. Etiam fermentum libero vel diam lacinia ut porttitor nunc fermentum. Ut id dui nibh, sed sodales dui. Curabitur semper arcu et dui lobortis ut volutpat massa elementum. Sed nisi nibh, eleifend at mattis nec, pellentesque ac lacus. Integer vel odio tortor.",
  "title": "Document 2-4-3-3-2",
  "__meta": {
    "updateId": -1810243380,
    "cdate": 1501428286800,
    "cuser": "cn=Al Mass,o=DARWINO",
    "mdate": 1501428310220,
    "replicaId": "85257FB8005090FB",
    "changes": "uuex",
    "muser": "cn=Al Mass,o=DARWINO",
    "seqId": 1
  }
}