{
  "form": "CompanyDocument",
  "_parentid": "36B57DC305D4C1B88525816D0054A7A5",
  "document": "In suscipit blandit tristique. Etiam eros lectus, interdum imperdiet lacinia nec, rutrum eu dolor. Maecenas iaculis diam in tortor imperdiet sollicitudin viverra lacus varius. Mauris odio nulla, fermentum ac porta nec, mollis non justo. Praesent sit amet ligula a justo bibendum condimentum nec at felis. Vivamus quis tortor massa, in sagittis tellus. Sed non tortor dui. Aliquam rhoncus metus id magna bibendum at pharetra ante aliquet. Phasellus non pretium orci. Vestibulum leo arcu, rutrum sit amet condimentum et, dignissim at felis. Nunc non nisl et tortor vestibulum ultricies. Suspendisse eget quam leo, a molestie velit. In hac habitasse platea dictumst. Curabitur euismod dolor sit amet nulla molestie laoreet. Aliquam imperdiet pellentesque mi ac bibendum. Nulla quam lorem, rhoncus imperdiet faucibus sed, gravida ac risus. Ut quis nisi eget nisl commodo porta feugiat quis lectus. In lacinia libero at ipsum iaculis varius.",
  "title": "Document 2-2-1-4",
  "__meta": {
    "updateId": -1810265290,
    "cdate": 1501428279480,
    "cuser": "cn=Al Mass,o=DARWINO",
    "mdate": 1501428288310,
    "replicaId": "85257FB8005090FB",
    "changes": "Ukqi",
    "muser": "cn=Al Mass,o=DARWINO",
    "seqId": 1
  }
}