{
  "form": "CompanyDocument",
  "_parentid": "48D2E171D33DA5798525816D0054B31D",
  "document": "Suspendisse metus purus, sagittis eu pharetra eget, sollicitudin eget erat. Suspendisse sed quam vel est aliquet pretium. Nam viverra lacus eget enim elementum id commodo dolor tempus. Donec interdum ullamcorper tempor. Ut eu consectetur nulla. Aenean sed ante ac urna posuere facilisis. Phasellus sed lectus felis, vel venenatis lorem. Sed leo diam, aliquet consequat aliquam id, tincidunt varius mi. Maecenas pellentesque dolor eu tellus venenatis adipiscing. Donec viverra placerat magna sed vulputate. Etiam malesuada purus nec nisl scelerisque sit amet semper ipsum sodales. Vestibulum a magna urna, sit amet sagittis metus. Aenean magna ante, consequat sodales tristique non, elementum in mauris. Morbi luctus laoreet urna, non hendrerit diam tempor sit amet. Ut tempor, enim id tempor consequat, nisi turpis posuere elit, at aliquet mi elit nec massa. Phasellus cursus volutpat neque, quis facilisis diam adipiscing eget. Nunc velit augue, ornare non elementum in, lacinia quis urna. Aliquam erat volutpat. Donec eu enim quis ipsum consequat ultricies. Aliquam id pharetra quam.\n\nSed gravida dapibus augue non luctus. Cum sociis natoque penatibus et magnis dis parturient montes, nascetur ridiculus mus. Vestibulum odio orci, dictum id venenatis quis, laoreet id lacus. Morbi gravida tristique ante sed pharetra. Duis semper ligula non tortor ornare in luctus arcu malesuada. Aenean ornare nunc vel sem egestas ornare. Curabitur faucibus porta nibh, at tristique tortor convallis eget. Integer congue leo lacinia ante lacinia vitae fringilla arcu tempor. Nunc ullamcorper hendrerit magna ornare ultricies. Nam pulvinar metus commodo eros placerat a fringilla ipsum imperdiet. Praesent volutpat tempor ligula, sed venenatis felis sodales eu. Integer at orci dolor, vitae interdum metus. Duis aliquet lectus est. Maecenas in erat ante, sed hendrerit justo. Phasellus ac sapien id risus tincidunt tempor. Praesent blandit elementum purus, nec commodo magna tempor ut.",
  "title": "Document 4-2-1",
  "__meta": {
    "updateId": -1810177540,
    "cdate": 1501428308780,
    "cuser": "cn=Al Mass,o=DARWINO",
    "mdate": 1501428376060,
    "replicaId": "85257FB8005090FB",
    "changes": "m@rO",
    "muser": "cn=Al Mass,o=DARWINO",
    "seqId": 1
  }
}