{
  "form": "CompanyDocument",
  "_parentid": "107CD91859AE9D168525816D0054AE36",
  "document": "Integer congue massa id velit commodo sit amet posuere erat tristique. Ut lobortis congue arcu non dignissim. Duis libero justo, elementum quis lacinia id, tristique eu tortor. In ac leo congue ante consectetur mattis ut a arcu. Mauris vehicula nunc sit amet nibh placerat at consequat dui tristique. Vestibulum nec nibh eu lectus fermentum cursus. Vestibulum at lectus quis nisl tincidunt ornare vitae a libero. Praesent vel dolor eget nisi facilisis dictum imperdiet non libero. Pellentesque consectetur nunc non mi eleifend rutrum eu sit amet eros. Etiam ac tellus nec dui mollis tempus. Nam sit amet mauris id ligula eleifend pretium. Class aptent taciti sociosqu ad litora torquent per conubia nostra, per inceptos himenaeos. Aliquam libero leo, bibendum quis cursus ut, suscipit eget nisi. Sed ac velit velit, ac vestibulum arcu. Etiam fermentum libero vel diam lacinia ut porttitor nunc fermentum. Ut id dui nibh, sed sodales dui. Curabitur semper arcu et dui lobortis ut volutpat massa elementum. Sed nisi nibh, eleifend at mattis nec, pellentesque ac lacus. Integer vel odio tortor.\n\nCurabitur sit amet turpis at odio aliquam sollicitudin. Maecenas ac urna diam, sit amet sollicitudin orci. Maecenas quis porttitor nisi. Etiam sit amet ante diam, vel ullamcorper est. Nulla facilisi. Maecenas eu tellus magna, at blandit massa. Mauris interdum rutrum tellus id rutrum. Pellentesque vitae tortor at odio fringilla fermentum vel sit amet lorem. Cum sociis natoque penatibus et magnis dis parturient montes, nascetur ridiculus mus. Aliquam nec eleifend ligula. In tortor sapien, tincidunt et accumsan a, blandit a sem. Nullam pharetra consequat justo, sed faucibus libero dictum id. Praesent et nibh eget eros scelerisque sagittis quis ac sem. Vestibulum posuere vehicula augue. Ut id tempor risus. Praesent vestibulum, lacus sit amet facilisis tristique, odio nisi auctor ipsum, in facilisis sapien nisl ac dui.",
  "title": "Document 1-3-1",
  "__meta": {
    "updateId": -1810215130,
    "cdate": 1501428296230,
    "cuser": "cn=Al Mass,o=DARWINO",
    "mdate": 1501428338470,
    "replicaId": "85257FB8005090FB",
    "changes": "dJRN",
    "muser": "cn=Al Mass,o=DARWINO",
    "seqId": 1
  }
}