{
  "form": "CompanyDocument",
  "_parentid": "C3C3FC8AC6CAD79D8525816D0054AB0E",
  "document": "Nunc egestas rutrum nisi, at consectetur lectus aliquet eget. Duis ultricies ligula mauris, nec eleifend tortor. In tincidunt fringilla tortor, nec gravida urna dictum nec. Maecenas molestie feugiat sem at volutpat. Nulla nec urna a justo mollis laoreet. Morbi id volutpat urna. Pellentesque rutrum convallis quam, nec tincidunt felis cursus eu. Donec iaculis, eros ut gravida dapibus, elit ipsum eleifend elit, et tempus odio nunc at risus. Sed eget est augue, vel pharetra erat. Morbi accumsan ante eget eros scelerisque at tempus mi congue. Quisque vulputate faucibus urna sit amet feugiat. Nulla nibh urna, vulputate vel viverra sit amet, placerat id lacus. Pellentesque luctus pretium est, vitae aliquet urna varius id. Fusce bibendum pharetra tellus non dictum. Donec ornare justo et eros consectetur porttitor. Ut ac tellus ut diam pulvinar mollis. Nunc id odio id nibh pretium vehicula. Sed arcu libero, tincidunt id pulvinar a, accumsan non odio.\n\nSuspendisse consequat, ante sit amet eleifend ultrices, turpis ante convallis nulla, sed adipiscing dolor nisl ac est. Vestibulum molestie tincidunt convallis. Aenean nec ipsum eros. Vestibulum sed libero enim. Fusce enim orci, imperdiet ac volutpat nec, suscipit a nibh. Donec dapibus velit quis arcu vestibulum fermentum. Pellentesque tempus aliquet mi vel sollicitudin. Pellentesque habitant morbi tristique senectus et netus et malesuada fames ac turpis egestas. Nunc vel arcu eros. Proin nisi mi, egestas vitae vestibulum id, interdum non lacus. Vestibulum ut lorem erat, vel imperdiet risus. Pellentesque habitant morbi tristique senectus et netus et malesuada fames ac turpis egestas. Vestibulum tempor semper porttitor.\n\nDuis tristique accumsan turpis, id congue nisi viverra ac. Cras et lectus at lacus lobortis consequat. Proin rutrum nisl nisl, nec porta enim. Integer odio sapien, laoreet viverra pulvinar hendrerit, luctus a urna. Cum sociis natoque penatibus et magnis dis parturient montes, nascetur ridiculus mus. Pellentesque quis velit sem, non rutrum ligula. Duis tempus faucibus pretium. Suspendisse quam urna, molestie non dignissim id, pulvinar sed quam. Aliquam dui quam, lacinia sollicitudin feugiat fringilla, congue vel nulla. Morbi mollis, lacus ac vehicula feugiat, tellus est pulvinar eros, nec porta orci nunc et massa. Quisque metus sapien, gravida quis euismod non, sollicitudin et erat. Integer odio nibh, tincidunt elementum cursus sit amet, varius ut lacus. Donec fermentum dolor at leo lobortis a bibendum orci pellentesque. Maecenas ut nisl ligula. Praesent ut augue ut erat accumsan accumsan in ac nunc. Pellentesque habitant morbi tristique senectus et netus et malesuada fames ac turpis egestas. Suspendisse porttitor sollicitudin justo, sed volutpat augue faucibus pretium.",
  "title": "Document 1-2-3-2",
  "__meta": {
    "updateId": -1810239190,
    "cdate": 1501428288200,
    "cuser": "cn=Al Mass,o=DARWINO",
    "mdate": 1501428314410,
    "replicaId": "85257FB8005090FB",
    "changes": "p2wp",
    "muser": "cn=Al Mass,o=DARWINO",
    "seqId": 1
  }
}