{
  "form": "CompanyDocument",
  "_parentid": "784376B57FC97BBE8525816D0054AA21",
  "document": "Vestibulum ac nulla nulla, at elementum risus. Cras luctus tristique ligula nec placerat. In faucibus magna ut est tempus consectetur. Pellentesque tincidunt, sapien non malesuada feugiat, arcu est tincidunt mi, ac vehicula nunc nisl vel purus. Phasellus a tortor id massa dictum pharetra. Etiam blandit, dolor in accumsan suscipit, arcu lorem ultricies dui, at ultricies nulla nisi at dolor. Sed arcu arcu, hendrerit varius ornare non, tincidunt at arcu. Sed eu lectus dolor, eget lobortis nisi. Fusce a sapien purus. Vestibulum ante ipsum primis in faucibus orci luctus et ultrices posuere cubilia Curae; Praesent cursus, risus nec facilisis bibendum, sem metus euismod libero, ut varius nisl ipsum nec odio. Suspendisse malesuada bibendum ipsum. Phasellus id leo non turpis accumsan aliquet et vel enim. Quisque quam enim, consectetur pellentesque lacinia id, hendrerit id sapien. Nullam aliquam vehicula eleifend. Vestibulum sagittis, dolor in gravida cursus, augue sem malesuada nibh, ut elementum tellus tortor non mauris. Suspendisse interdum elementum turpis, id pellentesque dui vulputate quis. Duis in dui ligula, non porta quam. Integer eu dolor a nisi vestibulum tempus vitae ac urna.\n\nAliquam adipiscing, eros mattis laoreet dictum, augue leo consectetur arcu, at mollis lectus arcu ac mi. Vivamus mollis, purus et iaculis accumsan, elit sapien fringilla tortor, a adipiscing massa urna eget lectus. Nunc malesuada magna nec nibh ultrices ac tempus lorem euismod. Nullam eget enim felis. Donec felis tellus, egestas ac sagittis ut, faucibus et nulla. Mauris dignissim mauris ac elit scelerisque interdum. Ut sit amet velit sit amet tellus tristique lobortis at non diam. Sed rhoncus erat dignissim quam commodo facilisis vitae vitae mi. Nulla sollicitudin, erat id fermentum blandit, diam nulla aliquet purus, ut dictum mauris tortor sed mi. Mauris adipiscing blandit ligula vel gravida. Mauris volutpat suscipit purus sit amet ultricies. Praesent sapien diam, lacinia vel iaculis non, laoreet a quam. Nam mollis erat lacinia enim placerat mollis.\n\nEtiam sed sapien sapien, id varius tellus. Donec orci enim, porttitor ac tempor euismod, dictum ut sem. Donec at nisi lacus, in malesuada sapien. Duis egestas tempor laoreet. Donec consequat iaculis lectus quis eleifend. Morbi sagittis lacus non lectus volutpat sodales. Nunc lacinia varius tempor. Nunc diam diam, vulputate in feugiat vel, faucibus at lectus. Donec feugiat convallis est, in fermentum nunc iaculis in. Aliquam at leo enim, in semper mauris. Proin ultricies fermentum nunc eget lacinia. Integer condimentum fermentum mauris. Mauris vehicula, lacus eu gravida imperdiet, dui sapien dapibus tortor, eget feugiat mi arcu sit amet enim. Suspendisse potenti. Morbi urna quam, suscipit id adipiscing in, volutpat at turpis. In sagittis, sapien vitae sagittis scelerisque, nisl velit tincidunt urna, consequat tincidunt urna ligula at sem. In semper nisl nec massa gravida ac fringilla quam elementum.\n\nNunc dictum dui ac tellus laoreet ac rutrum neque malesuada. Phasellus ultricies odio nec quam auctor pulvinar. Aliquam tincidunt mauris at lectus posuere commodo. Phasellus sed neque sapien. Sed vel lorem sit amet dui ullamcorper volutpat. Nunc ultricies pharetra leo, in ultricies purus pretium sit amet. Morbi in nibh non metus lobortis volutpat vitae id eros. Phasellus nec sapien metus. Quisque sollicitudin nunc eu risus consectetur ac bibendum eros pharetra. Cras lacinia justo et lectus tempor suscipit. Donec nec nunc leo, id gravida nulla. Integer bibendum lectus sed purus auctor fermentum. Suspendisse potenti. Proin molestie, quam at fringilla vestibulum, ipsum velit placerat arcu, id malesuada neque tellus in nibh. Nunc sed ultricies odio.",
  "title": "Document 5-3-1-3",
  "__meta": {
    "updateId": -1810246310,
    "cdate": 1501428285820,
    "cuser": "cn=Al Mass,o=DARWINO",
    "mdate": 1501428307290,
    "replicaId": "85257FB8005090FB",
    "changes": "_tFG",
    "muser": "cn=Al Mass,o=DARWINO",
    "seqId": 1
  }
}