{
  "form": "CompanyDocument",
  "_parentid": "C78B9DB65D1515318525816D0054A95E",
  "document": "Suspendisse eget viverra massa. Morbi mollis, sem ut blandit tempus, elit lacus tristique arcu, volutpat ultricies nibh leo non enim. Vestibulum hendrerit placerat pellentesque. Duis mauris justo, tincidunt nec faucibus in, dignissim id sem. Aliquam et mauris vel nulla dapibus tristique vitae vitae ipsum. Proin luctus tortor in est elementum accumsan. Quisque id ligula sit amet est adipiscing venenatis. Lorem ipsum dolor sit amet, consectetur adipiscing elit. Pellentesque habitant morbi tristique senectus et netus et malesuada fames ac turpis egestas. Vivamus sodales, diam sed tristique cursus, lacus leo tempor nisl, in gravida dui felis eget turpis. Mauris ipsum erat, laoreet ac blandit eu, vulputate sed risus. Donec dignissim, nunc id tristique facilisis, velit augue tempus elit, at ultrices odio velit in enim. Nunc semper malesuada pretium. Fusce ut augue orci, quis mattis ligula.\n\nMorbi dui ligula, tincidunt eget feugiat ut, malesuada non mi. Pellentesque nisi lectus, fermentum in dignissim vitae, sodales vitae magna. Donec ut mauris turpis, in sollicitudin urna. Suspendisse vitae lobortis eros. Fusce varius arcu sed diam rutrum consectetur. Sed vitae urna quam, ac facilisis ligula. Ut sagittis vestibulum elementum. Sed quis ligula in urna bibendum elementum sed eu tellus. Phasellus hendrerit elit eget sem rhoncus adipiscing. Phasellus venenatis, mauris sit amet volutpat condimentum, leo tellus commodo est, sit amet lobortis arcu turpis non orci. Duis cursus dapibus est, sit amet porta augue fermentum ut. Vivamus mollis volutpat elit, nec tristique purus tristique sit amet. Nullam dignissim sodales tellus mattis commodo. Aliquam gravida eleifend porttitor. Fusce eu lacus euismod ipsum consectetur volutpat a at elit. Phasellus tellus odio, condimentum sit amet aliquet ac, ultricies a ipsum. Donec sodales nibh eu nibh sagittis in commodo tortor cursus. In hac habitasse platea dictumst. Sed neque sem, fringilla sit amet gravida sed, pretium id quam. Curabitur vitae nisl felis.",
  "title": "Document 4-1-3-3",
  "__meta": {
    "updateId": -1810251970,
    "cdate": 1501428283930,
    "cuser": "cn=Al Mass,o=DARWINO",
    "mdate": 1501428301630,
    "replicaId": "85257FB8005090FB",
    "changes": "9tL8",
    "muser": "cn=Al Mass,o=DARWINO",
    "seqId": 1
  }
}