{
  "form": "CompanyDocument",
  "_parentid": "47FE13B426C7A4168525816D0054B06D",
  "document": "Nam vehicula, nibh ac ultrices eleifend, odio lacus rhoncus justo, vitae consectetur eros ipsum non turpis. Vivamus placerat tristique sem. Cras malesuada odio non nibh rhoncus sed viverra dolor feugiat. Aliquam ligula purus, vehicula accumsan cursus non, scelerisque et enim. Nullam eget lorem augue. Praesent vel dui nulla. Fusce ac pulvinar enim. Aenean interdum, lorem et accumsan congue, mi mi sodales leo, ut eleifend metus nisi vitae purus. Etiam vel velit elit, ut pellentesque est. Ut eleifend quam eu elit suscipit dapibus. Duis in odio et nulla elementum mattis. Aliquam erat volutpat. Nullam sit amet eros lorem, ac pretium urna. Maecenas tempor venenatis nibh, eu fringilla orci posuere id. Vestibulum est est, sodales ut feugiat mattis, condimentum id nulla. Fusce sem erat, dapibus eu ultricies sit amet, tempor a tellus. Phasellus a consequat lectus.\n\nFusce sed sapien quam. Aenean in risus elit. Praesent condimentum pharetra ultricies. Vestibulum ante ipsum primis in faucibus orci luctus et ultrices posuere cubilia Curae; Aenean vitae lectus neque, ut sodales leo. Morbi eros nibh, varius eget tristique ac, consectetur sit amet purus. Nullam fringilla egestas purus, sit amet ultrices odio porttitor id. Praesent ac sem ipsum. Fusce sem quam, egestas consequat convallis in, condimentum sed lacus. Aliquam sodales mollis enim, ac consectetur nibh dictum sed. Fusce quis ligula enim. Aliquam tristique faucibus orci eu laoreet. Vestibulum dapibus massa eu nunc tempor a feugiat nisi luctus. Fusce et ullamcorper nunc. Maecenas vestibulum pretium sodales. Morbi gravida quam vitae ante aliquet pretium. Cras viverra nulla fringilla sapien tincidunt sed malesuada neque aliquet. Praesent semper fermentum venenatis.",
  "title": "Document 2-3-1-1-4",
  "__meta": {
    "updateId": -1810198050,
    "cdate": 1501428301930,
    "cuser": "cn=Al Mass,o=DARWINO",
    "mdate": 1501428355550,
    "replicaId": "85257FB8005090FB",
    "changes": "57Pj",
    "muser": "cn=Al Mass,o=DARWINO",
    "seqId": 1
  }
}