{
  "form": "CompanyDocument",
  "_parentid": "74EF44ED85DB94A58525816D0054A9CC",
  "document": "Mauris vel porta velit. In pulvinar metus libero, sit amet fringilla felis. Donec tellus velit, viverra sit amet tincidunt vitae, rhoncus sit amet ligula. Cum sociis natoque penatibus et magnis dis parturient montes, nascetur ridiculus mus. Duis vitae nulla nunc, vitae feugiat magna. Sed diam risus, pellentesque ac laoreet vitae, egestas ut nisi. Mauris ultricies est vitae velit egestas sed vestibulum quam pharetra. Vivamus hendrerit justo id tellus mattis lobortis. Nam dolor felis, tincidunt eu vehicula a, tristique ut neque. Donec egestas tempor risus ac feugiat. Quisque elit nisl, sodales id euismod eu, rutrum et metus. Sed commodo eleifend sodales. Suspendisse sagittis commodo malesuada. Curabitur fringilla nulla vel nulla aliquet auctor. Maecenas blandit sem enim, vitae viverra sem. Aenean nisl dui, tristique ut malesuada non, vehicula elementum ipsum.\n\nNam varius feugiat aliquam. Integer placerat ipsum eu metus imperdiet fringilla. Sed nibh lorem, dictum vel vestibulum viverra, consequat non nibh. Donec in sem quam, quis sollicitudin libero. Fusce tortor nisl, malesuada non vestibulum ac, suscipit vel lorem. Donec et nisl id tortor mattis pulvinar in at augue. Proin congue felis eu erat aliquet et fermentum nibh adipiscing. Aliquam sit amet cursus turpis. Donec aliquam risus a massa accumsan non egestas ligula pretium. Suspendisse sed tortor vel est gravida viverra. Fusce accumsan erat sit amet nunc condimentum varius. Aliquam eu augue pulvinar nibh interdum iaculis. Curabitur aliquet convallis ligula, et luctus erat semper vitae. Maecenas faucibus mi in diam volutpat auctor. Nam dignissim nisi vitae enim condimentum quis consectetur lacus faucibus. Quisque porttitor consectetur ligula, et tincidunt est pulvinar ac. Suspendisse vitae lorem sed diam pellentesque blandit. Donec vestibulum mattis varius. Class aptent taciti sociosqu ad litora torquent per conubia nostra, per inceptos himenaeos.",
  "title": "Document 2-1-2-2",
  "__meta": {
    "updateId": -1810248860,
    "cdate": 1501428284970,
    "cuser": "cn=Al Mass,o=DARWINO",
    "mdate": 1501428304740,
    "replicaId": "85257FB8005090FB",
    "changes": "0CyJ",
    "muser": "cn=Al Mass,o=DARWINO",
    "seqId": 1
  }
}