{
  "form": "CompanyDocument",
  "_parentid": "DD79F770F912C1788525816D0054B62D",
  "document": "Sed at odio id nunc venenatis mollis. Nunc nisi ipsum, ultrices ut bibendum vitae, tempus eu erat. Integer enim turpis, pulvinar ac vulputate at, tristique in lorem. Quisque bibendum suscipit neque. Nullam egestas facilisis placerat. Vivamus arcu arcu, euismod eget euismod malesuada, interdum eu elit. Curabitur lorem leo, sodales dapibus egestas nec, interdum eget odio. Aliquam erat volutpat. Quisque congue magna eu augue ornare cursus. Nulla ultricies, sem eget sodales porta, nunc eros tempus quam, ac rhoncus purus neque at nunc. Sed dolor lacus, vehicula sit amet venenatis at, sagittis quis nisi. Phasellus quam leo, rhoncus non facilisis ut, fringilla ac velit. Cum sociis natoque penatibus et magnis dis parturient montes, nascetur ridiculus mus. Sed semper, sem sed tempor vulputate, libero velit feugiat dolor, sodales bibendum sapien lacus non velit. Duis ante felis, gravida eu pellentesque in, semper quis mauris. Aliquam ullamcorper, ipsum vel convallis sagittis, dui arcu consequat est, in sodales velit leo sit amet mauris.\n\nDonec lobortis, mauris id imperdiet faucibus, diam metus suscipit eros, non ultrices neque leo non ante. Quisque tempus malesuada purus. Mauris vulputate fermentum pretium. Curabitur mattis eros a tortor pretium a varius purus aliquet. Integer erat neque, pharetra non ullamcorper sit amet, viverra at dolor. Vestibulum ante ipsum primis in faucibus orci luctus et ultrices posuere cubilia Curae; Cras eu nunc elit, sed rutrum dolor. Aenean euismod, metus ut malesuada congue, orci turpis vestibulum dolor, ac placerat diam purus nec mi. Nullam in enim nulla, et eleifend eros. Curabitur vulputate orci eget ipsum euismod ut laoreet ipsum mattis. Duis ut quam eget urna adipiscing porta. Etiam consectetur quam molestie est congue rutrum. Nunc ac risus eu arcu euismod luctus eu id nisi. Sed vel justo eu risus rhoncus malesuada.\n\nPhasellus massa risus, lobortis quis mollis a, hendrerit vel metus. Vestibulum malesuada, lacus ac facilisis viverra, augue tellus gravida ante, ut pretium sem augue in turpis. Pellentesque rhoncus luctus mauris, nec scelerisque mi convallis ut. Pellentesque convallis rutrum lacinia. Nulla venenatis elit quis lorem posuere fermentum sagittis elit ultrices. Aenean condimentum dapibus pretium. Morbi nec metus augue, ac mattis ligula. Morbi sed libero massa, eu condimentum arcu. Praesent nec felis sit amet lacus egestas dictum. Sed quis augue eros.\n\nQuisque libero est, auctor sed tincidunt quis, lobortis et orci. Praesent ultricies orci quis est aliquam eget molestie lectus volutpat. Quisque ac ultricies arcu. Nullam tempor semper mi eu aliquet. Mauris ligula felis, porttitor non ultricies at, iaculis hendrerit lacus. Fusce pharetra nisl sed risus interdum in bibendum nisl scelerisque. Quisque porttitor, turpis in pharetra faucibus, velit risus adipiscing nibh, bibendum fringilla nisl ipsum ac metus. Aenean varius risus et turpis rhoncus vitae rhoncus metus lacinia. Fusce tempus, tellus sed malesuada malesuada, dui neque congue sem, eget mollis nisi elit et diam. In aliquam metus non nibh venenatis placerat. Duis vitae erat vel augue pretium mattis sed sed ipsum. Nam lacus libero, iaculis at dignissim vitae, dapibus et diam. Proin tempus augue nec diam facilisis fringilla.",
  "title": "Document 3-3-3-1",
  "__meta": {
    "updateId": -1810154060,
    "cdate": 1501428316620,
    "cuser": "cn=Al Mass,o=DARWINO",
    "mdate": 1501428399540,
    "replicaId": "85257FB8005090FB",
    "changes": "LCYw",
    "muser": "cn=Al Mass,o=DARWINO",
    "seqId": 1
  }
}