{
  "firstname": "Willard",
  "comments": "<font size=\"2\" face=\"sans-serif\">The soup is investigating the yellow table</font><br />\r\n<font size=\"2\" face=\"sans-serif\">A sweet pen will work together with the monitor</font><br />\r\n<font size=\"2\" face=\"sans-serif\">The golden window advanced towards the pencil</font><br />\r\n<font size=\"2\" face=\"sans-serif\">A famous steak is expected to buy a fierce tangerine, said a golden llama</font><br />\r\n<font size=\"2\" face=\"sans-serif\">The fierce car is now investing on a paper</font>",
  "homephone": "(360) 941-1803",
  "city": "Wyoming",
  "sex": "M",
  "picture": "http://www.gravatar.com/avatar/6ab66ade7db50f5be0e2d4d495371ff9?d=retro",
  "lastname": "Dunlap",
  "__meta": {
    "updateId": -1810126170,
    "cdate": 1501428328030,
    "cuser": "cn=Al Mass,o=DARWINO",
    "mdate": 1501428427430,
    "replicaId": "85257FB8005090FB",
    "changes": "p5oj",
    "muser": "cn=Al Mass,o=DARWINO",
    "seqId": 2
  },
  "zipcode": "49509",
  "form": "Contact",
  "street": "461 Walnut Avenue",
  "firstcontact": "2016-01-31T23:45:03.000-05:00",
  "workphone": "(206) 571-1775",
  "mobilephone": "(780) 523-1748",
  "company": "Newex",
  "state": "MI",
  "card": "<img src=\"$document-attachment/Card%7C%7Cinline-0.84.gif\" width=\"80\" height=\"80\" /><br />\r\n<font size=\"2\" face=\"sans-serif\"><b>Name</b></font><font size=\"2\" face=\"sans-serif\">: Willard Dunlap</font><br />\r\n<font size=\"2\" face=\"sans-serif\"><b>EMail</b></font><font size=\"2\" face=\"sans-serif\">: wdunlap@darwino.com</font><br />\r\n<font size=\"2\" face=\"sans-serif\"><b>Company</b></font><font size=\"2\" face=\"sans-serif\">: Newex</font>",
  "email": "wdunlap@darwino.com"
}