{
  "form": "CompanyDocument",
  "_parentid": "8F7A9DA26E396E6A8525816D0054B68E",
  "document": "Nam eget nulla nec leo bibendum cursus. Suspendisse tellus libero, adipiscing non bibendum nec, fringilla scelerisque nisl. Etiam at venenatis nisi. Maecenas porta blandit ante, sit amet laoreet massa ornare ut. Praesent fermentum aliquam mi, sit amet vestibulum augue fringilla suscipit. Morbi ut diam lacus, quis vehicula nulla. Nullam viverra ultricies lacus, id sollicitudin leo ornare non. Donec ut nibh arcu. Duis luctus erat at eros ultricies sed consequat lorem sollicitudin. Nulla volutpat pretium erat eu sodales. Integer fermentum semper consequat. Mauris fringilla ante ultrices leo laoreet viverra. Vestibulum ante ipsum primis in faucibus orci luctus et ultrices posuere cubilia Curae; Donec sit amet est erat, ut rhoncus tellus. Nullam pretium, turpis ut sollicitudin vestibulum, neque turpis porttitor dui, eget ultricies dolor justo id mi.",
  "title": "Document 1-2-3-2-3",
  "__meta": {
    "updateId": -1810151100,
    "cdate": 1501428317610,
    "cuser": "cn=Al Mass,o=DARWINO",
    "mdate": 1501428402500,
    "replicaId": "85257FB8005090FB",
    "changes": "qdEJ",
    "muser": "cn=Al Mass,o=DARWINO",
    "seqId": 1
  }
}