{
  "form": "CompanyDocument",
  "_parentid": "A2CE4AD38D50AA008525816D0054A915",
  "document": "Nulla purus ipsum, euismod semper malesuada et, bibendum vitae sem. Nam at purus sem. Nullam vel ultrices diam. Mauris ut enim id nulla lacinia aliquam. Mauris aliquam ipsum dapibus leo sollicitudin viverra. Vivamus velit arcu, tempor vel eleifend nec, malesuada sed turpis. Integer hendrerit tortor et nulla ullamcorper semper. Fusce lectus leo, posuere molestie sodales ut, ullamcorper et arcu. Quisque bibendum gravida mauris sit amet fermentum. Maecenas id lacus sapien. Morbi accumsan sodales rhoncus. Nulla id ipsum sed massa vehicula congue vel et dolor. Donec sapien risus, aliquet ac viverra vel, convallis in quam.\n\nFusce a augue in erat auctor mollis. Praesent faucibus aliquet lectus et condimentum. Donec vitae mauris urna, non consectetur urna. Etiam et urna non odio volutpat viverra vitae ac mi. Etiam aliquet, odio in dictum condimentum, odio risus viverra orci, varius aliquet sem quam a tellus. Curabitur in elementum tortor. Lorem ipsum dolor sit amet, consectetur adipiscing elit. Maecenas id eros eget nisl ornare consequat. Fusce condimentum aliquam libero id ultricies. Nulla pharetra, magna eu malesuada imperdiet, lorem massa fermentum nulla, at adipiscing lorem ante a nibh. Donec vitae condimentum arcu. Pellentesque habitant morbi tristique senectus et netus et malesuada fames ac turpis egestas. Morbi venenatis orci sed dolor blandit vestibulum. Nam elit leo, eleifend ac dignissim id, adipiscing sit amet massa. Vivamus ligula dolor, pretium vel congue non, vestibulum quis turpis. Ut urna ante, rhoncus id vestibulum at, bibendum non ipsum. Integer blandit lorem sit amet quam mollis dictum. Class aptent taciti sociosqu ad litora torquent per conubia nostra, per inceptos himenaeos. Mauris non tempus justo.\n\nPhasellus nisi nunc, porttitor non faucibus ut, viverra varius lectus. Donec ultricies ultrices viverra. Nunc vitae diam eget libero consectetur volutpat a nec orci. Fusce sed metus tristique metus consectetur consectetur a eget dolor. Ut convallis urna sit amet orci iaculis scelerisque. Ut justo ante, venenatis quis vehicula id, accumsan adipiscing justo. Nunc adipiscing augue quis tellus mollis at mollis massa commodo. Praesent accumsan venenatis euismod. Ut lacus odio, molestie at cursus volutpat, consectetur sit amet ligula. Suspendisse eu mauris sed est aliquet lobortis. Pellentesque habitant morbi tristique senectus et netus et malesuada fames ac turpis egestas. Ut orci lacus, vulputate sit amet fringilla sit amet, tincidunt suscipit urna. Morbi at enim quis lacus tempus egestas.\n\nNam nec urna vel risus faucibus luctus. Nam euismod vulputate nisi, id sodales ipsum varius eu. In id mi id turpis mollis vulputate. Cras porta dui et velit adipiscing non feugiat est sodales. Sed ac quam lectus. Nullam quis magna nec turpis egestas auctor et sed augue. Fusce bibendum, dolor vitae porttitor cursus, diam sem ultricies tortor, at tincidunt arcu erat sit amet tortor. Morbi a augue tortor, vitae pulvinar diam. Aliquam erat volutpat. Cras dolor dui, laoreet a malesuada nec, porttitor quis leo. Phasellus a dui nec felis bibendum hendrerit eu ac risus. Ut tortor odio, ullamcorper in pretium ac, malesuada a turpis. Cras bibendum libero eu nisi pharetra aliquet eget sed diam. Etiam semper, felis quis luctus vehicula, urna dolor pretium enim, eu sollicitudin ante diam eget ligula. Donec interdum vehicula tellus ac porta. Proin lacinia aliquet risus, commodo consequat nunc sodales eget. Praesent enim nibh, lacinia sit amet euismod ut, imperdiet eget est. Aliquam id nisi metus.",
  "title": "Document 1-3-2-3-3",
  "__meta": {
    "updateId": -1810254400,
    "cdate": 1501428283120,
    "cuser": "cn=Al Mass,o=DARWINO",
    "mdate": 1501428299200,
    "replicaId": "85257FB8005090FB",
    "changes": "kpQd",
    "muser": "cn=Al Mass,o=DARWINO",
    "seqId": 1
  }
}