{
  "form": "CompanyDocument",
  "_parentid": "A622D792C4CBC4318525816D0054AB72",
  "document": "Aliquam nibh orci, accumsan ornare posuere quis, luctus pharetra tortor. Duis scelerisque neque quis ligula posuere tempus ac non urna. Nulla sed fringilla dui. In eget nisl urna, a ullamcorper magna. Class aptent taciti sociosqu ad litora torquent per conubia nostra, per inceptos himenaeos. Praesent porttitor scelerisque neque, non laoreet nisi adipiscing ut. Suspendisse potenti. Donec ultrices turpis nec sapien dapibus id porttitor turpis accumsan. Proin ultrices rhoncus lectus, at pretium nisl lobortis sit amet. Aliquam ut ligula iaculis risus pretium hendrerit vitae feugiat dolor. Duis eget nulla elit. Donec posuere tempus felis, ut vestibulum magna euismod at. Etiam nec nisl et turpis pellentesque posuere eu id orci. Integer neque felis, semper mollis vehicula at, ornare facilisis eros. Pellentesque habitant morbi tristique senectus et netus et malesuada fames ac turpis egestas. Aliquam mollis mollis purus sed viverra.\n\nPraesent dictum leo in arcu cursus ultrices. Mauris cursus vestibulum magna vitae eleifend. Phasellus tempus quam eget lacus posuere semper. Nullam volutpat venenatis nibh eget elementum. Etiam sapien erat, iaculis at semper id, tempor ac lorem. Phasellus at tellus id orci feugiat viverra in ac lacus. Cras sed sapien eros, at ultrices metus. Donec non ipsum erat. Aliquam eros nibh, interdum laoreet condimentum vitae, venenatis eget augue. Mauris varius, elit ac rutrum rhoncus, nisl massa porttitor lacus, ac ullamcorper mauris velit eu tortor. Proin vitae lacus sed arcu viverra consequat ut convallis sem. Sed sem lectus, lobortis eu vehicula eget, molestie vel lacus. Curabitur pulvinar fermentum commodo. Sed ornare bibendum dolor, a tincidunt enim convallis eget. Class aptent taciti sociosqu ad litora torquent per conubia nostra, per inceptos himenaeos. Maecenas tristique tincidunt adipiscing. Pellentesque tristique vulputate nisi id facilisis.\n\nProin rutrum malesuada sem vitae dictum. Aenean molestie elit massa, blandit volutpat purus. Nullam sit amet dictum eros. Curabitur dignissim magna convallis nulla scelerisque ac tempus dolor porta. Mauris at iaculis ipsum. Ut vulputate eros sed justo varius bibendum. Etiam non porta tortor. Praesent sapien elit, tempor nec dignissim non, interdum ac urna. Sed sit amet enim sem, non pellentesque elit. Praesent fermentum porttitor elementum.",
  "title": "Document 3-1-3-2-1",
  "__meta": {
    "updateId": -1810236340,
    "cdate": 1501428289150,
    "cuser": "cn=Al Mass,o=DARWINO",
    "mdate": 1501428317260,
    "replicaId": "85257FB8005090FB",
    "changes": "pqy9",
    "muser": "cn=Al Mass,o=DARWINO",
    "seqId": 1
  }
}