{
  "form": "CompanyDocument",
  "_parentid": "59839D05C4E09C198525816D0054AF1C",
  "document": "Nulla nec risus arcu. Praesent neque mauris, condimentum et pretium vitae, gravida at diam. Proin lacus nulla, adipiscing a eleifend eget, elementum sit amet lacus. Duis dictum cursus feugiat. Pellentesque accumsan congue aliquam. Fusce congue nisl non lacus elementum lobortis. Curabitur sollicitudin porttitor vulputate. In lacinia, nisl eget pretium tincidunt, urna risus sagittis erat, quis adipiscing mauris tortor sed diam. Morbi pellentesque aliquam luctus. Vestibulum blandit accumsan est, ac viverra magna blandit sit amet. Vivamus feugiat magna at dolor rhoncus porttitor.\n\nPellentesque habitant morbi tristique senectus et netus et malesuada fames ac turpis egestas. Aenean mauris ante, luctus sit amet aliquam eu, vehicula at felis. Maecenas vitae lacus sit amet nisl imperdiet venenatis. Nunc pharetra urna et purus interdum consequat fringilla enim porttitor. Ut ornare, ligula eu semper mollis, elit tellus euismod nulla, in condimentum risus erat vitae felis. Nam vitae risus dictum libero tristique sodales at ac lorem. Morbi gravida ultrices elit, quis eleifend erat fringilla eget. Sed vel hendrerit dolor. In sagittis cursus est, eget luctus metus facilisis at. Suspendisse mattis, lorem at volutpat molestie, arcu tellus molestie ante, at tincidunt mi erat quis metus. Nulla leo est, convallis volutpat viverra fermentum, imperdiet vitae sapien. Proin pellentesque turpis a felis egestas id eleifend odio tempus.\n\nPraesent aliquam mi leo, eu faucibus ligula. Donec ornare porttitor enim ut sollicitudin. Nullam laoreet, purus nec cursus accumsan, leo velit interdum arcu, vitae viverra mauris nisl vel ipsum. Nam pharetra gravida tempor. Cras ut tincidunt lacus. Duis porta malesuada tellus, quis semper odio feugiat vel. Nam sollicitudin fermentum libero sed bibendum. Vestibulum sed ornare mauris. Curabitur at massa velit. Sed eros purus, feugiat id imperdiet in, tincidunt vel dui. Morbi ornare nibh eu nunc bibendum rutrum. Suspendisse at nulla enim, et malesuada ipsum. Nulla id arcu pellentesque ante accumsan porttitor pretium et nulla.\n\nVestibulum vehicula molestie erat, non dictum orci consectetur aliquam. Vestibulum tincidunt accumsan molestie. Praesent vehicula scelerisque interdum. Sed tristique turpis eu leo ornare vitae feugiat turpis tempor. Duis varius pellentesque rhoncus. Proin ullamcorper aliquam dolor in volutpat. Proin tincidunt adipiscing orci, eu facilisis dui mollis vitae. Suspendisse nisl turpis, fermentum ut scelerisque eget, lacinia ut lectus. Aliquam erat volutpat. Maecenas porttitor rutrum dolor sit amet blandit. Pellentesque ultrices bibendum massa, id sodales velit tempus eget. Vestibulum ante ipsum primis in faucibus orci luctus et ultrices posuere cubilia Curae; Donec vel nibh sapien, id lobortis augue. Nam vel ante posuere dui rhoncus mattis in ac odio. Proin imperdiet erat at urna vestibulum id ornare nisi ornare. Nunc sapien magna, feugiat at elementum congue, ornare vel massa. Duis a rhoncus magna. Pellentesque ornare, libero non egestas faucibus, sem ligula commodo elit, id lobortis dolor quam ut sapien.",
  "title": "Document 2-2-1",
  "__meta": {
    "updateId": -1810208240,
    "cdate": 1501428298530,
    "cuser": "cn=Al Mass,o=DARWINO",
    "mdate": 1501428345360,
    "replicaId": "85257FB8005090FB",
    "changes": "Vj1F",
    "muser": "cn=Al Mass,o=DARWINO",
    "seqId": 1
  }
}