{
  "form": "CompanyDocument",
  "_parentid": "8A0C308B1C1681458525816D0054AB09",
  "document": "Nulla adipiscing justo quis metus mollis et dictum libero rutrum. Donec massa lorem, laoreet volutpat consectetur a, vestibulum non odio. Cum sociis natoque penatibus et magnis dis parturient montes, nascetur ridiculus mus. Morbi orci sem, luctus in blandit id, aliquam quis est. Nunc vel nunc at sapien sollicitudin interdum. Duis vehicula velit a lectus sodales sagittis. Ut a dui ut risus gravida elementum. Quisque nisi est, faucibus eget ullamcorper vel, faucibus a nisi. Vivamus sit amet lorem massa, vel mollis leo. Nullam sodales, augue eget facilisis ultrices, nunc dolor lobortis nibh, sed venenatis urna quam eget tortor. Sed aliquam lectus sed ipsum elementum non ornare est congue. Ut mauris justo, aliquet pretium egestas sed, porta vel augue. Curabitur sollicitudin eros in lectus commodo congue. Vivamus libero diam, dapibus vel posuere faucibus, euismod nec nibh. Donec sed lacus id ante accumsan adipiscing ut ac turpis. In hac habitasse platea dictumst. Mauris ullamcorper tincidunt tortor, nec volutpat diam tincidunt ac.\n\nNam sed mattis dolor. Nullam commodo ligula scelerisque sem auctor et pellentesque augue accumsan. Cras ut urna sit amet tellus lobortis molestie sed nec sem. Nulla risus nisl, vulputate ut mattis sed, viverra eu enim. Sed non tortor erat, vel adipiscing dolor. Morbi elementum aliquet orci, et mollis risus ornare ut. Nulla in ligula ipsum. Aenean nec pulvinar ipsum. Vestibulum ac fermentum justo. Etiam lacinia quam id mauris convallis pharetra. Etiam nec dolor sed sem dapibus pharetra. In vehicula scelerisque iaculis. Cum sociis natoque penatibus et magnis dis parturient montes, nascetur ridiculus mus. Vivamus dolor ipsum, volutpat at sollicitudin eu, sollicitudin eu erat. Pellentesque eget semper erat. Donec pellentesque accumsan elit, eu viverra erat auctor non. Fusce egestas enim vitae eros auctor egestas. Fusce at lacus in lacus egestas euismod id vel tortor. Sed venenatis fringilla mauris, sit amet feugiat enim eleifend sit amet.",
  "title": "Document 1-2-2-2-4",
  "__meta": {
    "updateId": -1810239400,
    "cdate": 1501428288130,
    "cuser": "cn=Al Mass,o=DARWINO",
    "mdate": 1501428314200,
    "replicaId": "85257FB8005090FB",
    "changes": "bDoP",
    "muser": "cn=Al Mass,o=DARWINO",
    "seqId": 1
  }
}