{
  "form": "CompanyDocument",
  "_parentid": "F52E75226583D0C18525816D0054B1BB",
  "document": "Etiam ultricies ligula vel velit pretium et convallis augue eleifend. Sed lobortis interdum sem, sed sollicitudin lectus pellentesque a. Duis orci ante, laoreet vel viverra non, varius vel nisi. Quisque adipiscing mattis turpis, eget cursus ante sollicitudin sed. Praesent cursus lobortis posuere. Curabitur sapien mauris, suscipit a scelerisque at, eleifend sit amet nunc. Nam consequat arcu sit amet elit elementum iaculis. Quisque id augue elit, convallis malesuada mauris. Fusce consectetur bibendum arcu sit amet fringilla. Praesent tempor libero ut lectus luctus sit amet sagittis ligula congue. Donec dapibus risus eget nunc pretium sollicitudin. Nulla vitae bibendum diam. Proin libero nibh, posuere id molestie vitae, pellentesque eget magna. Fusce interdum dignissim ipsum id viverra. Ut in diam vitae nisl iaculis adipiscing ut a massa. Maecenas accumsan dolor sit amet ipsum imperdiet pharetra. Donec in rutrum quam. In urna nisl, convallis sit amet tempus vel, pulvinar id magna. Proin neque dolor, mollis vitae pretium sollicitudin, rhoncus at leo. Cras bibendum fermentum tempus.\n\nSuspendisse metus purus, sagittis eu pharetra eget, sollicitudin eget erat. Suspendisse sed quam vel est aliquet pretium. Nam viverra lacus eget enim elementum id commodo dolor tempus. Donec interdum ullamcorper tempor. Ut eu consectetur nulla. Aenean sed ante ac urna posuere facilisis. Phasellus sed lectus felis, vel venenatis lorem. Sed leo diam, aliquet consequat aliquam id, tincidunt varius mi. Maecenas pellentesque dolor eu tellus venenatis adipiscing. Donec viverra placerat magna sed vulputate. Etiam malesuada purus nec nisl scelerisque sit amet semper ipsum sodales. Vestibulum a magna urna, sit amet sagittis metus. Aenean magna ante, consequat sodales tristique non, elementum in mauris. Morbi luctus laoreet urna, non hendrerit diam tempor sit amet. Ut tempor, enim id tempor consequat, nisi turpis posuere elit, at aliquet mi elit nec massa. Phasellus cursus volutpat neque, quis facilisis diam adipiscing eget. Nunc velit augue, ornare non elementum in, lacinia quis urna. Aliquam erat volutpat. Donec eu enim quis ipsum consequat ultricies. Aliquam id pharetra quam.",
  "title": "Document 3-3-2-4-2",
  "__meta": {
    "updateId": -1810188110,
    "cdate": 1501428305250,
    "cuser": "cn=Al Mass,o=DARWINO",
    "mdate": 1501428365490,
    "replicaId": "85257FB8005090FB",
    "changes": "4SlJ",
    "muser": "cn=Al Mass,o=DARWINO",
    "seqId": 1
  }
}