{
  "form": "CompanyDocument",
  "_parentid": "BC232A2B2CE44AD08525816D0054AB50",
  "document": "Etiam fringilla adipiscing enim, ut tempor ante posuere id. Quisque dolor purus, blandit nec tincidunt non, iaculis scelerisque purus. Morbi et purus dolor. Morbi vitae ante eu mi varius eleifend. Vivamus dictum leo ut nisi sagittis cursus. Sed ac tellus vitae massa vulputate mattis. Duis nibh lorem, eleifend et sollicitudin sed, dignissim at felis. Phasellus dignissim laoreet odio eu vulputate. Pellentesque sit amet mauris in turpis tincidunt fringilla ac quis dolor. Praesent enim enim, tincidunt id tincidunt eget, varius ut metus.\n\nInteger adipiscing eleifend sem at facilisis. Duis nunc augue, pellentesque ac commodo luctus, lacinia non tortor. Cras blandit porta adipiscing. Pellentesque habitant morbi tristique senectus et netus et malesuada fames ac turpis egestas. Maecenas semper mi vitae lorem semper consectetur nec sit amet eros. Proin lacinia aliquet purus, eget accumsan mi lobortis vitae. Proin imperdiet lacus in arcu rutrum et elementum nibh elementum. Maecenas ligula risus, vulputate sed pellentesque euismod, fermentum nec neque. Etiam accumsan ligula ante. Lorem ipsum dolor sit amet, consectetur adipiscing elit.",
  "title": "Document 2-1-4-2",
  "__meta": {
    "updateId": -1810237330,
    "cdate": 1501428288820,
    "cuser": "cn=Al Mass,o=DARWINO",
    "mdate": 1501428316270,
    "replicaId": "85257FB8005090FB",
    "changes": "iP55",
    "muser": "cn=Al Mass,o=DARWINO",
    "seqId": 1
  }
}