{
  "form": "CompanyDocument",
  "_parentid": "B4F4486122CE2A178525816D0054A8FF",
  "document": "Proin rutrum malesuada sem vitae dictum. Aenean molestie elit massa, blandit volutpat purus. Nullam sit amet dictum eros. Curabitur dignissim magna convallis nulla scelerisque ac tempus dolor porta. Mauris at iaculis ipsum. Ut vulputate eros sed justo varius bibendum. Etiam non porta tortor. Praesent sapien elit, tempor nec dignissim non, interdum ac urna. Sed sit amet enim sem, non pellentesque elit. Praesent fermentum porttitor elementum.\n\nNulla venenatis pulvinar urna, lobortis rutrum nisi mollis vitae. Curabitur ac elementum erat. Suspendisse potenti. Quisque quam augue, vulputate sed lobortis vel, sollicitudin ut lectus. Vestibulum tempus facilisis ultrices. Quisque adipiscing aliquet justo, quis consectetur lorem sollicitudin eu. Pellentesque pellentesque iaculis imperdiet. Etiam dui sapien, consequat eu adipiscing sed, gravida eget urna. Fusce condimentum pulvinar elementum. In in tincidunt eros. Aliquam a elementum turpis. Donec nec magna quis ipsum posuere lobortis. Aliquam non mauris vitae velit fringilla hendrerit eu et nisi. Donec venenatis adipiscing ultrices. Donec egestas dolor nec quam condimentum euismod. Duis porta ligula a felis porttitor elementum. Mauris consequat, est ac pharetra vehicula, nibh turpis sodales risus, sit amet aliquet nisi turpis in nisi.\n\nClass aptent taciti sociosqu ad litora torquent per conubia nostra, per inceptos himenaeos. Mauris pellentesque commodo dolor ac aliquet. Sed a libero ipsum, scelerisque luctus nisi. Aliquam viverra, urna sollicitudin fermentum porta, leo enim sodales mauris, ac iaculis lectus ligula eget lectus. Pellentesque leo nibh, imperdiet sit amet cursus at, semper vitae nibh. Pellentesque quam velit, volutpat lobortis dapibus malesuada, ultrices vel est. Etiam sit amet orci dui. Donec tristique consequat scelerisque. Donec vitae metus justo. Etiam quis libero eget sapien vestibulum ultricies sed at lorem.",
  "title": "Document 1-2-3-3",
  "__meta": {
    "updateId": -1810255000,
    "cdate": 1501428282920,
    "cuser": "cn=Al Mass,o=DARWINO",
    "mdate": 1501428298600,
    "replicaId": "85257FB8005090FB",
    "changes": "Boa4",
    "muser": "cn=Al Mass,o=DARWINO",
    "seqId": 1
  }
}