{
  "form": "CompanyDocument",
  "_parentid": "50B38D69C6C636AF8525816D0054AE47",
  "document": "Nulla venenatis pulvinar urna, lobortis rutrum nisi mollis vitae. Curabitur ac elementum erat. Suspendisse potenti. Quisque quam augue, vulputate sed lobortis vel, sollicitudin ut lectus. Vestibulum tempus facilisis ultrices. Quisque adipiscing aliquet justo, quis consectetur lorem sollicitudin eu. Pellentesque pellentesque iaculis imperdiet. Etiam dui sapien, consequat eu adipiscing sed, gravida eget urna. Fusce condimentum pulvinar elementum. In in tincidunt eros. Aliquam a elementum turpis. Donec nec magna quis ipsum posuere lobortis. Aliquam non mauris vitae velit fringilla hendrerit eu et nisi. Donec venenatis adipiscing ultrices. Donec egestas dolor nec quam condimentum euismod. Duis porta ligula a felis porttitor elementum. Mauris consequat, est ac pharetra vehicula, nibh turpis sodales risus, sit amet aliquet nisi turpis in nisi.\n\nIn hac habitasse platea dictumst. Suspendisse potenti. Quisque rutrum risus eget nisl porta vel rutrum lorem egestas. Etiam elit nunc, cursus a gravida fringilla, aliquam ut massa. Sed nulla lorem, ornare sed tempus sit amet, tempus non dolor. Cras eget ipsum risus. Integer massa lectus, placerat eu porta vitae, vulputate consequat odio. Praesent aliquet justo eget magna aliquet placerat semper diam gravida. Donec rutrum aliquam leo in ultricies. Fusce euismod eros pretium sem sodales tempus. Sed venenatis venenatis dui ut venenatis. Nullam tempor congue nisl cursus vestibulum. In in lorem sed purus elementum congue a non turpis. Quisque at eros ligula, a elementum nisl. Morbi non tempus odio. Maecenas sapien enim, rhoncus ultrices cursus ac, pellentesque a libero.\n\nDonec ut turpis in libero laoreet vestibulum vitae id tortor. Curabitur justo purus, egestas id mollis id, lacinia quis lorem. Vivamus nisl sapien, laoreet sed ornare quis, imperdiet volutpat enim. Nullam aliquet aliquam odio sit amet convallis. Nullam auctor leo vitae sapien sagittis sed eleifend velit fermentum. In felis eros, feugiat ac tincidunt id, consectetur quis enim. Quisque laoreet lacinia hendrerit. Phasellus fermentum volutpat erat, vitae porta turpis molestie laoreet. Suspendisse eu elit dolor, nec tempor sem. Donec tincidunt, orci sed ultricies sodales, enim velit elementum felis, eu auctor est lectus eget odio. Sed semper eros sit amet tellus pretium tincidunt.",
  "title": "Document 2-1-3",
  "__meta": {
    "updateId": -1810214110,
    "cdate": 1501428296570,
    "cuser": "cn=Al Mass,o=DARWINO",
    "mdate": 1501428339490,
    "replicaId": "85257FB8005090FB",
    "changes": "DyDG",
    "muser": "cn=Al Mass,o=DARWINO",
    "seqId": 1
  }
}