{
  "firstname": "Cynthia",
  "comments": "<font size=\"2\" face=\"sans-serif\">The yellow bowl rented the famous tangerine, said the competitive meat</font><br />\r\n<font size=\"2\" face=\"sans-serif\">A friendly bottle allegedly spoke to a gray llama</font><br />\r\n<font size=\"2\" face=\"sans-serif\">A fork bought a cowardly mouse, claimed a metallic dog</font>",
  "homephone": "(950) 874-1787",
  "city": "Lawndale",
  "sex": "F",
  "picture": "http://www.gravatar.com/avatar/0a92f753d750f5d17e3fdb7243221dc9?d=retro",
  "lastname": "Parks",
  "__meta": {
    "updateId": -1810138010,
    "cdate": 1501428322110,
    "cuser": "cn=Al Mass,o=DARWINO",
    "mdate": 1501428415590,
    "replicaId": "85257FB8005090FB",
    "changes": "wAIV",
    "muser": "cn=Al Mass,o=DARWINO",
    "seqId": 2
  },
  "zipcode": "90260",
  "form": "Contact",
  "street": "196 2nd Street East",
  "firstcontact": "2014-06-11T16:22:42.000-05:00",
  "workphone": "(522) 487-1425",
  "mobilephone": "(223) 970-1435",
  "company": "Dalttechnology",
  "state": "CA",
  "card": "<img src=\"$document-attachment/Card%7C%7Cinline-0.84.gif\" width=\"80\" height=\"80\" /><br />\r\n<font size=\"2\" face=\"sans-serif\"><b>Name</b></font><font size=\"2\" face=\"sans-serif\">: Cynthia Parks</font><br />\r\n<font size=\"2\" face=\"sans-serif\"><b>EMail</b></font><font size=\"2\" face=\"sans-serif\">: cparks@darwino.com</font><br />\r\n<font size=\"2\" face=\"sans-serif\"><b>Company</b></font><font size=\"2\" face=\"sans-serif\">: Dalttechnology</font>",
  "email": "cparks@darwino.com"
}