{
  "form": "CompanyDocument",
  "_parentid": "77A717B957A7F3628525816D0054A79D",
  "document": "Praesent eget velit nunc. Donec consequat facilisis ultrices. Donec euismod risus quis eros eleifend venenatis. Nunc in lacus dolor, sit amet placerat tortor. Phasellus porttitor egestas nibh ut malesuada. Maecenas enim augue, malesuada a bibendum et, euismod ut diam. Quisque nunc sem, laoreet vel tincidunt eu, bibendum in nisi. Maecenas rhoncus ipsum eu diam volutpat dignissim. Nulla viverra augue ac velit pellentesque in malesuada nisl hendrerit. Etiam in pharetra nisl. Vestibulum egestas volutpat ligula vel venenatis. Nullam mollis gravida quam eget bibendum. Nunc consequat suscipit tincidunt. Proin varius arcu eget ligula pharetra sed vehicula quam vulputate.\n\nPhasellus fermentum, erat id luctus commodo, nibh diam iaculis augue, eu pharetra ante velit facilisis arcu. Fusce posuere condimentum ligula, ac suscipit ante aliquet eget. Nam quis orci at erat cursus vulputate sed sit amet erat. Suspendisse ornare, est ac mattis sodales, nulla velit sollicitudin lacus, id porta erat nulla at enim. Maecenas fringilla justo in sapien ullamcorper imperdiet. Suspendisse nulla orci, elementum eu feugiat in, adipiscing eu nisi. Suspendisse venenatis molestie tortor at vehicula. Nunc sit amet est eget odio tincidunt sagittis. Aliquam eu arcu urna, vitae iaculis justo. Praesent ac mauris quis mi pretium consectetur. Aenean vitae mauris nulla, at vehicula leo. Aliquam semper, mi id euismod ornare, dui nulla luctus odio, vel hendrerit diam sapien in tellus.\n\nProin mi sapien, pellentesque vitae aliquet a, sodales vel nunc. Cras lobortis ullamcorper placerat. Donec quis ultrices orci. Proin dui lacus, laoreet sed ullamcorper et, pretium ac ligula. Cras hendrerit velit vitae dolor lobortis ut dignissim nisi vestibulum. Vivamus a mi lacinia massa dignissim lobortis. Aenean lobortis tortor iaculis nunc scelerisque porta. Duis sagittis est nunc, nec consectetur est. Aliquam nisi sem, consectetur et ullamcorper vel, ultricies non nulla. Nullam nec blandit risus. Cras ipsum metus, scelerisque nec laoreet at, commodo a arcu.",
  "title": "Document 1-2-3-2-2",
  "__meta": {
    "updateId": -1810265680,
    "cdate": 1501428279350,
    "cuser": "cn=Al Mass,o=DARWINO",
    "mdate": 1501428287920,
    "replicaId": "85257FB8005090FB",
    "changes": "Ul7N",
    "muser": "cn=Al Mass,o=DARWINO",
    "seqId": 1
  }
}