{
  "form": "CompanyDocument",
  "_parentid": "7C7A4BF1F1316E588525816D0054A8AB",
  "document": "Nam sed aliquam risus. Aliquam sagittis sagittis tortor, quis fermentum dolor mattis eget. Morbi tincidunt lobortis lectus, eu aliquet metus aliquet vitae. Nunc ultricies luctus odio sed posuere. Phasellus et velit vitae mi malesuada tristique. Curabitur elementum lacus id odio molestie malesuada. Ut in metus nunc. Maecenas eu orci tempor dolor dapibus laoreet. Fusce et sapien a quam consequat tempus egestas ac ipsum. Vestibulum molestie sagittis pretium. Nulla facilisi. Aliquam et diam nibh.\n\nNulla facilisi. Aliquam dui metus, tincidunt at dignissim sit amet, tincidunt euismod felis. Duis fringilla justo sed risus commodo fermentum. Ut eu nibh ut dui commodo dictum eu nec urna. Integer id justo eros. Phasellus tristique magna vel sem euismod sagittis. Duis pretium, odio id venenatis tempus, dolor purus vehicula quam, non feugiat erat turpis eu nunc. Curabitur tristique posuere enim, at imperdiet urna tincidunt eu. Maecenas sit amet neque vel nibh dignissim interdum eget a diam. Proin cursus vehicula ligula, in pulvinar erat egestas ac. Curabitur vehicula massa in velit vehicula sit amet facilisis mi pharetra. Suspendisse vitae dui et sapien volutpat pharetra et non velit. Cum sociis natoque penatibus et magnis dis parturient montes, nascetur ridiculus mus. Nulla at turpis sem. Nam egestas, enim eu facilisis elementum, dui lorem ultricies nibh, et porta dolor nisi eu turpis. Vivamus pellentesque leo eget risus hendrerit fermentum. In tincidunt hendrerit dui vitae lobortis.",
  "title": "Document 3-1-1-4-2",
  "__meta": {
    "updateId": -1810257600,
    "cdate": 1501428282050,
    "cuser": "cn=Al Mass,o=DARWINO",
    "mdate": 1501428296000,
    "replicaId": "85257FB8005090FB",
    "changes": "njin",
    "muser": "cn=Al Mass,o=DARWINO",
    "seqId": 1
  }
}