{
  "form": "CompanyDocument",
  "_parentid": "DF1C3F732CCF50A28525816D0054AD29",
  "document": "Ut dictum massa id ante viverra lacinia. Vestibulum id risus lectus, in congue urna. Quisque feugiat mi in mauris blandit eu euismod neque mollis. Integer sollicitudin aliquam nunc non malesuada. Aliquam erat volutpat. Cras aliquet, urna sed mattis congue, lorem nunc tincidunt elit, sed pharetra diam ipsum non risus. Etiam pretium tempor luctus. Fusce porttitor, nulla vitae convallis pellentesque, leo odio pharetra felis, vitae molestie dolor elit a arcu. Aenean augue risus, ultricies non porttitor non, accumsan nec metus. Donec sit amet velit nisl. Integer suscipit eros non nisl auctor ut accumsan augue pretium. Nullam rhoncus orci dictum leo pretium faucibus. Praesent condimentum accumsan leo, eget pulvinar nisl blandit eget. Pellentesque imperdiet posuere nulla ut porta. Nunc commodo condimentum nulla vulputate tempus. Donec vel magna diam, vel aliquet quam. Proin sollicitudin sodales massa non tincidunt.\n\nPhasellus fermentum, erat id luctus commodo, nibh diam iaculis augue, eu pharetra ante velit facilisis arcu. Fusce posuere condimentum ligula, ac suscipit ante aliquet eget. Nam quis orci at erat cursus vulputate sed sit amet erat. Suspendisse ornare, est ac mattis sodales, nulla velit sollicitudin lacus, id porta erat nulla at enim. Maecenas fringilla justo in sapien ullamcorper imperdiet. Suspendisse nulla orci, elementum eu feugiat in, adipiscing eu nisi. Suspendisse venenatis molestie tortor at vehicula. Nunc sit amet est eget odio tincidunt sagittis. Aliquam eu arcu urna, vitae iaculis justo. Praesent ac mauris quis mi pretium consectetur. Aenean vitae mauris nulla, at vehicula leo. Aliquam semper, mi id euismod ornare, dui nulla luctus odio, vel hendrerit diam sapien in tellus.\n\nCum sociis natoque penatibus et magnis dis parturient montes, nascetur ridiculus mus. Praesent mi sapien, varius sed convallis et, commodo in neque. Pellentesque vitae est ut odio faucibus dictum vitae ut velit. Duis sed dolor in nisl ultricies tempor a eget felis. Nam a magna sed orci gravida ultricies. Nullam quis nunc vel odio porta pretium. Morbi tellus dui, posuere eget lobortis a, ultricies sed erat. Vestibulum ante ipsum primis in faucibus orci luctus et ultrices posuere cubilia Curae; Phasellus tincidunt libero eu est posuere pharetra in molestie risus. Fusce blandit est sed felis auctor ac gravida lectus hendrerit.\n\nNulla purus ipsum, euismod semper malesuada et, bibendum vitae sem. Nam at purus sem. Nullam vel ultrices diam. Mauris ut enim id nulla lacinia aliquam. Mauris aliquam ipsum dapibus leo sollicitudin viverra. Vivamus velit arcu, tempor vel eleifend nec, malesuada sed turpis. Integer hendrerit tortor et nulla ullamcorper semper. Fusce lectus leo, posuere molestie sodales ut, ullamcorper et arcu. Quisque bibendum gravida mauris sit amet fermentum. Maecenas id lacus sapien. Morbi accumsan sodales rhoncus. Nulla id ipsum sed massa vehicula congue vel et dolor. Donec sapien risus, aliquet ac viverra vel, convallis in quam.",
  "title": "Document 3-1-2",
  "__meta": {
    "updateId": -1810223130,
    "cdate": 1501428293560,
    "cuser": "cn=Al Mass,o=DARWINO",
    "mdate": 1501428330470,
    "replicaId": "85257FB8005090FB",
    "changes": "PJbL",
    "muser": "cn=Al Mass,o=DARWINO",
    "seqId": 1
  }
}