{
  "form": "CompanyDocument",
  "_parentid": "02C49FD1D2F2083F8525816D0054B755",
  "document": "Vestibulum ac nulla nulla, at elementum risus. Cras luctus tristique ligula nec placerat. In faucibus magna ut est tempus consectetur. Pellentesque tincidunt, sapien non malesuada feugiat, arcu est tincidunt mi, ac vehicula nunc nisl vel purus. Phasellus a tortor id massa dictum pharetra. Etiam blandit, dolor in accumsan suscipit, arcu lorem ultricies dui, at ultricies nulla nisi at dolor. Sed arcu arcu, hendrerit varius ornare non, tincidunt at arcu. Sed eu lectus dolor, eget lobortis nisi. Fusce a sapien purus. Vestibulum ante ipsum primis in faucibus orci luctus et ultrices posuere cubilia Curae; Praesent cursus, risus nec facilisis bibendum, sem metus euismod libero, ut varius nisl ipsum nec odio. Suspendisse malesuada bibendum ipsum. Phasellus id leo non turpis accumsan aliquet et vel enim. Quisque quam enim, consectetur pellentesque lacinia id, hendrerit id sapien. Nullam aliquam vehicula eleifend. Vestibulum sagittis, dolor in gravida cursus, augue sem malesuada nibh, ut elementum tellus tortor non mauris. Suspendisse interdum elementum turpis, id pellentesque dui vulputate quis. Duis in dui ligula, non porta quam. Integer eu dolor a nisi vestibulum tempus vitae ac urna.\n\nIn non massa a libero dictum tempus. Praesent ac enim mauris, at fermentum lorem. Cras imperdiet diam non nisl mattis posuere. Nam in justo eros, eget elementum augue. Donec nec facilisis sem. Cras leo felis, posuere at tempus et, convallis at nisi. Vestibulum arcu neque, imperdiet eget elementum vel, euismod sit amet mi. Fusce elementum sem ac justo feugiat consequat. Curabitur ac vulputate libero. Nam scelerisque nulla et felis lacinia pretium. Morbi eu turpis orci, et fermentum turpis. Ut dignissim, mi id tincidunt adipiscing, nunc erat consectetur erat, a egestas massa nulla sed est. Nunc placerat, sapien et pellentesque ornare, turpis metus congue lectus, a scelerisque magna nulla sed erat.\n\nNam vehicula, nibh ac ultrices eleifend, odio lacus rhoncus justo, vitae consectetur eros ipsum non turpis. Vivamus placerat tristique sem. Cras malesuada odio non nibh rhoncus sed viverra dolor feugiat. Aliquam ligula purus, vehicula accumsan cursus non, scelerisque et enim. Nullam eget lorem augue. Praesent vel dui nulla. Fusce ac pulvinar enim. Aenean interdum, lorem et accumsan congue, mi mi sodales leo, ut eleifend metus nisi vitae purus. Etiam vel velit elit, ut pellentesque est. Ut eleifend quam eu elit suscipit dapibus. Duis in odio et nulla elementum mattis. Aliquam erat volutpat. Nullam sit amet eros lorem, ac pretium urna. Maecenas tempor venenatis nibh, eu fringilla orci posuere id. Vestibulum est est, sodales ut feugiat mattis, condimentum id nulla. Fusce sem erat, dapibus eu ultricies sit amet, tempor a tellus. Phasellus a consequat lectus.",
  "title": "Document 1-4-2",
  "__meta": {
    "updateId": -1810144870,
    "cdate": 1501428319690,
    "cuser": "cn=Al Mass,o=DARWINO",
    "mdate": 1501428408730,
    "replicaId": "85257FB8005090FB",
    "changes": "PZmd",
    "muser": "cn=Al Mass,o=DARWINO",
    "seqId": 1
  }
}