{
  "form": "CompanyDocument",
  "_parentid": "5FFA4B86C52418068525816D0054AA47",
  "document": "Duis tempus sem quis lacus euismod blandit id eget tellus. Vivamus congue ipsum eu erat congue tincidunt. Proin sit amet ante id leo luctus egestas. Praesent a augue at velit venenatis aliquet. Praesent molestie luctus metus, vel vulputate urna rhoncus vitae. Morbi tincidunt velit orci, ac malesuada massa. Cras sit amet elit ipsum. Morbi viverra massa cursus elit aliquam iaculis. Sed vel neque lobortis augue placerat dignissim in et diam. Nunc scelerisque quam ut mi vestibulum vitae ornare magna convallis.\n\nSuspendisse pulvinar iaculis nibh ut porttitor. Etiam vehicula cursus justo in convallis. Donec ornare erat euismod diam viverra ac ultricies dui iaculis. Ut id tellus quis mauris rhoncus auctor at vitae tortor. Morbi mauris nibh, aliquam eget eleifend in, dapibus in libero. Sed a rhoncus nulla. Cras vitae mollis odio. Aenean consectetur risus at orci lobortis id lobortis risus consequat. Aliquam ultrices adipiscing placerat. Nunc luctus elementum ultrices. Quisque sed orci ipsum. Cras bibendum congue egestas. Integer ut lorem eget urna vulputate sodales. Vestibulum quis nisi eu diam vulputate venenatis ut malesuada tellus. Sed pellentesque enim et nulla laoreet condimentum. Nunc ipsum nisl, fermentum vitae accumsan ac, pharetra vel augue.\n\nNulla facilisi. Integer luctus ante et tortor porttitor in tincidunt sapien dapibus. Donec lorem tellus, rhoncus eget interdum adipiscing, pulvinar ac odio. Donec in nisl vitae magna consequat euismod nec ut mauris. Vivamus eget neque magna. Duis nec arcu nec nibh feugiat ultricies scelerisque sit amet est. Pellentesque id laoreet ante. Proin vestibulum ultricies tellus, in sagittis arcu imperdiet quis. Phasellus at nisi justo, ut tristique metus. Vestibulum feugiat porttitor lectus et pretium. Nam molestie suscipit ante at condimentum. Nullam tincidunt viverra ipsum, eget malesuada felis vulputate eget. Morbi vel erat sapien, quis pretium risus. Phasellus sodales, elit ac faucibus bibendum, enim dolor porta risus, id laoreet enim massa a quam. Aliquam non eros et ligula laoreet tempus. Lorem ipsum dolor sit amet, consectetur adipiscing elit.",
  "title": "Document 3",
  "__meta": {
    "updateId": -1810243170,
    "cdate": 1501428286870,
    "cuser": "cn=Al Mass,o=DARWINO",
    "mdate": 1501428310430,
    "replicaId": "85257FB8005090FB",
    "changes": "6RqF",
    "muser": "cn=Al Mass,o=DARWINO",
    "seqId": 1
  }
}