{
  "form": "CompanyDocument",
  "_parentid": "C67B46BDB1D6EC728525816D0054AA58",
  "document": "In non massa a libero dictum tempus. Praesent ac enim mauris, at fermentum lorem. Cras imperdiet diam non nisl mattis posuere. Nam in justo eros, eget elementum augue. Donec nec facilisis sem. Cras leo felis, posuere at tempus et, convallis at nisi. Vestibulum arcu neque, imperdiet eget elementum vel, euismod sit amet mi. Fusce elementum sem ac justo feugiat consequat. Curabitur ac vulputate libero. Nam scelerisque nulla et felis lacinia pretium. Morbi eu turpis orci, et fermentum turpis. Ut dignissim, mi id tincidunt adipiscing, nunc erat consectetur erat, a egestas massa nulla sed est. Nunc placerat, sapien et pellentesque ornare, turpis metus congue lectus, a scelerisque magna nulla sed erat.",
  "title": "Document 1-2-1-3",
  "__meta": {
    "updateId": -1810244670,
    "cdate": 1501428286370,
    "cuser": "cn=Al Mass,o=DARWINO",
    "mdate": 1501428308930,
    "replicaId": "85257FB8005090FB",
    "changes": "WFlI",
    "muser": "cn=Al Mass,o=DARWINO",
    "seqId": 1
  }
}