{
  "form": "CompanyDocument",
  "_parentid": "4C51E9740B7E9A248525816D0054B77E",
  "document": "Cras semper volutpat odio, quis rutrum dolor mollis non. Nunc rhoncus metus eu libero dapibus porta. Class aptent taciti sociosqu ad litora torquent per conubia nostra, per inceptos himenaeos. Praesent venenatis diam pellentesque dui feugiat a venenatis dui sodales. Duis commodo erat sed mauris porta gravida. Vivamus sit amet erat a purus viverra dictum ac vel sem. Sed pulvinar ipsum a mauris luctus at malesuada urna iaculis. Aliquam pharetra eleifend enim, nec accumsan ligula feugiat sit amet. Nam sapien orci, iaculis ac tincidunt at, congue eu orci. Integer sed nulla vel odio ullamcorper fringilla. Integer eu sapien eu ligula ultrices euismod.",
  "title": "Document 1-4-4-3-1",
  "__meta": {
    "updateId": -1810143970,
    "cdate": 1501428319990,
    "cuser": "cn=Al Mass,o=DARWINO",
    "mdate": 1501428409630,
    "replicaId": "85257FB8005090FB",
    "changes": "V0IV",
    "muser": "cn=Al Mass,o=DARWINO",
    "seqId": 1
  }
}