{
  "form": "CompanyDocument",
  "_parentid": "2FB5D48ED65C05148525816D0054B4C5",
  "document": "In non massa a libero dictum tempus. Praesent ac enim mauris, at fermentum lorem. Cras imperdiet diam non nisl mattis posuere. Nam in justo eros, eget elementum augue. Donec nec facilisis sem. Cras leo felis, posuere at tempus et, convallis at nisi. Vestibulum arcu neque, imperdiet eget elementum vel, euismod sit amet mi. Fusce elementum sem ac justo feugiat consequat. Curabitur ac vulputate libero. Nam scelerisque nulla et felis lacinia pretium. Morbi eu turpis orci, et fermentum turpis. Ut dignissim, mi id tincidunt adipiscing, nunc erat consectetur erat, a egestas massa nulla sed est. Nunc placerat, sapien et pellentesque ornare, turpis metus congue lectus, a scelerisque magna nulla sed erat.\n\nAliquam ut lacus ut est commodo consequat. Curabitur elit diam, semper quis mollis ut, ultrices vitae risus. Etiam accumsan fringilla lacus, quis ultrices elit tincidunt a. Sed vulputate dui sed lorem pulvinar placerat. Sed consequat auctor velit lobortis posuere. Donec ut augue eget nulla blandit suscipit. Donec pharetra, tellus vitae auctor faucibus, arcu sem adipiscing nulla, congue ultrices ipsum tellus et enim. Lorem ipsum dolor sit amet, consectetur adipiscing elit. Donec eu dolor nisi. Cras commodo, diam eget gravida egestas, nisl lectus sollicitudin enim, aliquet mollis sapien risus et dolor. Maecenas laoreet, velit molestie iaculis porta, magna erat faucibus lectus, ut mollis augue nulla id erat.\n\nAenean suscipit ipsum orci, vitae ullamcorper risus. Pellentesque habitant morbi tristique senectus et netus et malesuada fames ac turpis egestas. Maecenas et orci ut purus placerat pretium. Nullam iaculis eros eu augue ultricies nec varius eros fermentum. Quisque justo quam, mollis blandit ultrices sit amet, tempus in tellus. In et egestas tellus. Ut velit dui, egestas ut feugiat eget, fermentum ut dolor. Cras ut elementum dui. Duis augue velit, vulputate ut facilisis id, viverra cursus urna. Cras sapien dolor, elementum id suscipit id, gravida sit amet dui. Mauris ut sapien nec dui iaculis congue. Sed elit nisl, tristique vitae blandit nec, luctus vitae dui. Vestibulum et ultrices purus. Sed vestibulum consequat laoreet. Maecenas rutrum sollicitudin nulla vel porta.\n\nFusce in est nisi. Maecenas viverra, turpis ut mattis consequat, sapien nulla pulvinar velit, sit amet imperdiet erat tellus a purus. Ut sagittis egestas ipsum, eget fringilla neque vulputate id. Donec sed massa tellus, et eleifend augue. Cras laoreet auctor neque at luctus. Nunc eget commodo sem. Proin ut neque velit. Donec quis nisi risus. Cras adipiscing, urna in aliquet tincidunt, leo erat aliquet nibh, eu tempor turpis leo ac enim. Phasellus rhoncus nisi quis metus ullamcorper a aliquet velit auctor. Mauris ornare tempus ipsum, et eleifend metus commodo quis. Praesent egestas velit id tellus venenatis pulvinar. Donec in arcu diam. Nullam tristique imperdiet sem, a condimentum turpis ullamcorper eget. Donec a mi elit. Curabitur quis lacus ipsum, eget gravida est. Sed id posuere eros. Pellentesque eu lectus vel nibh sollicitudin mattis sagittis vel metus. Aenean felis nisl, volutpat ac pulvinar eu, aliquam et velit.",
  "title": "Document 1-1-3-1",
  "__meta": {
    "updateId": -1810164840,
    "cdate": 1501428313020,
    "cuser": "cn=Al Mass,o=DARWINO",
    "mdate": 1501428388760,
    "replicaId": "85257FB8005090FB",
    "changes": "giDn",
    "muser": "cn=Al Mass,o=DARWINO",
    "seqId": 1
  }
}