{
  "form": "CompanyDocument",
  "_parentid": "F5E9C892C0F274FE8525816D0054B720",
  "document": "Morbi placerat pretium dolor, in porttitor erat laoreet eget. In hac habitasse platea dictumst. Sed lobortis faucibus ultrices. Suspendisse potenti. Quisque metus tortor, hendrerit a tincidunt vitae, tristique vel enim. Pellentesque ac ipsum dolor, ac tincidunt sem. Vestibulum laoreet orci vel tortor fermentum egestas. Cras placerat purus ac ante sollicitudin tristique pellentesque arcu luctus. Quisque eu scelerisque enim. Fusce vitae posuere nulla. Quisque eleifend nibh non leo posuere vel iaculis ante vestibulum. Nam commodo risus non purus porttitor a bibendum sem convallis. Vivamus in odio eget arcu rhoncus ultricies accumsan id urna. Etiam laoreet mauris et tellus lacinia fringilla. Nulla facilisi. Ut nec justo sem. Duis cursus ante sit amet massa fermentum egestas. Donec felis tortor, fringilla quis fringilla ut, consequat vitae urna.\n\nVestibulum ullamcorper faucibus tellus, vel pulvinar nisi hendrerit vitae. Praesent sit amet tellus feugiat augue molestie fringilla. Aliquam hendrerit libero lacinia massa gravida feugiat. Maecenas quis molestie felis. Nunc iaculis nibh a leo sagittis fringilla. Donec ultrices malesuada ligula, quis fermentum diam auctor lacinia. Morbi est odio, rutrum vitae ornare sit amet, porttitor eu velit. Nunc congue tristique accumsan. Nullam pellentesque leo sed sapien cursus sollicitudin. Pellentesque ante diam, facilisis a sodales sed, sodales et mauris. Aenean et tellus augue. Aliquam molestie, arcu ut egestas scelerisque, mauris ipsum convallis elit, luctus lacinia velit sem quis lorem. Ut vel vehicula enim. Ut congue sagittis odio, vitae sodales nulla pellentesque consequat. Phasellus rhoncus porta ligula ac gravida. Sed dapibus congue sodales.\n\nNulla rhoncus sollicitudin ligula, a auctor elit pharetra et. Cras euismod sapien eu sapien luctus eget consectetur nisi imperdiet. Integer vestibulum ultricies tellus, id rhoncus nibh congue ut. Nam rhoncus metus nunc. Vivamus diam felis, imperdiet vitae scelerisque sed, porttitor et urna. Maecenas placerat varius dolor vel congue. Aliquam eu quam vel elit tempor pulvinar. Praesent malesuada, ante ut aliquam venenatis, magna risus imperdiet velit, et tempor elit quam ultrices massa. Proin eget est non erat commodo tincidunt at nec felis. In vitae enim tortor. Etiam tincidunt, mauris sed suscipit sagittis, turpis enim tincidunt eros, ut mattis neque justo ut sem. In luctus nulla sed nunc consequat sagittis. Quisque dignissim elit at lectus lacinia ultricies. Nullam accumsan erat lectus. Mauris gravida sodales tellus ac fringilla. Phasellus semper vestibulum est, vel scelerisque elit ultrices ut. Donec est sem, tempus vel luctus at, pharetra quis justo. Quisque in tortor enim, vitae ullamcorper tortor. Integer accumsan odio a tellus dignissim euismod.\n\nLorem ipsum dolor sit amet, consectetur adipiscing elit. Nulla facilisi. Integer ullamcorper erat vel odio pharetra nec euismod augue congue. Ut eget mi risus, nec commodo lacus. Cras eu convallis ligula. Pellentesque habitant morbi tristique senectus et netus et malesuada fames ac turpis egestas. Pellentesque bibendum feugiat quam a tincidunt. Sed ac dolor nisi. Nullam sodales vestibulum neque, in ultricies magna pretium ac. Suspendisse porta elit a leo suscipit vel facilisis orci interdum. Donec viverra dignissim sodales. Curabitur sit amet justo massa. Curabitur non nisi tortor. Aliquam erat volutpat. Nullam rutrum dolor sed ipsum tempus lacinia rhoncus turpis sagittis. Mauris eu scelerisque augue. Duis fermentum nisl eget nulla porta vehicula. Mauris lacinia erat eu ipsum eleifend nec ornare lacus imperdiet. Quisque a ultrices libero.",
  "title": "Document 1-4",
  "__meta": {
    "updateId": -1810145230,
    "cdate": 1501428319570,
    "cuser": "cn=Al Mass,o=DARWINO",
    "mdate": 1501428408370,
    "replicaId": "85257FB8005090FB",
    "changes": "4h4q",
    "muser": "cn=Al Mass,o=DARWINO",
    "seqId": 1
  }
}