{
  "form": "CompanyDocument",
  "_parentid": "44E00D460DD5759D8525816D0054AE25",
  "document": "Aenean erat enim, aliquet vitae accumsan non, laoreet eu felis. Praesent dictum tellus id ipsum auctor eu cursus ante rhoncus. Nunc tellus arcu, porta vulputate ullamcorper in, posuere dictum massa. Cras placerat, tortor id pharetra ultrices, erat sem ornare dui, quis bibendum lacus ipsum non arcu. Aliquam gravida velit eu turpis molestie bibendum. Nunc vehicula lacinia nibh ut dapibus. Lorem ipsum dolor sit amet, consectetur adipiscing elit. Pellentesque nisl lorem, lacinia porta molestie vel, auctor at risus. Phasellus venenatis condimentum erat, eu ultricies ligula egestas sit amet. Etiam et blandit lorem. Sed aliquet posuere porta. Curabitur ultrices libero a quam commodo mattis. Aliquam erat volutpat. In scelerisque porta aliquet. In laoreet mauris at lectus malesuada sodales a sit amet quam.",
  "title": "Document 1-2-1-1-1",
  "__meta": {
    "updateId": -1810215640,
    "cdate": 1501428296060,
    "cuser": "cn=Al Mass,o=DARWINO",
    "mdate": 1501428337960,
    "replicaId": "85257FB8005090FB",
    "changes": "j6Gj",
    "muser": "cn=Al Mass,o=DARWINO",
    "seqId": 1
  }
}