{
  "form": "CompanyDocument",
  "_parentid": "E1FA2A447E0F6B7F8525816D0054AB67",
  "document": "Vivamus facilisis tincidunt euismod. Pellentesque vehicula pellentesque accumsan. Maecenas vitae metus elit, gravida tincidunt nibh. Suspendisse vel odio mollis quam posuere interdum. Nulla fringilla eros quis justo vulputate elementum mollis leo mollis. Nulla sapien urna, euismod id elementum vel, bibendum vitae diam. Ut in mauris massa. Sed pulvinar libero et elit lobortis ultricies. Donec venenatis tortor id dui vestibulum pharetra mollis id arcu. Aenean vulputate, ante id laoreet tristique, mauris orci tempus ante, eget luctus tortor erat eget justo. Quisque accumsan euismod laoreet. Aenean sed eros odio.\n\nMauris eu nisl orci, ut tincidunt massa. Vestibulum tincidunt, ante sed porttitor semper, leo lorem convallis sem, eu facilisis felis elit ut lectus. In pulvinar tellus vel velit bibendum rhoncus. Mauris non lorem augue. Vestibulum blandit libero quis velit hendrerit ornare. Phasellus a ante est, et vulputate tellus. Aenean vel facilisis elit. Donec tristique ipsum id lacus imperdiet tempor. Vestibulum facilisis lobortis tristique. Nulla ligula neque, rutrum at auctor quis, pretium blandit enim. Aliquam pellentesque ligula et mauris consectetur convallis. Phasellus imperdiet porttitor lacus, lacinia laoreet dui feugiat id. Mauris sed ligula nunc. Aliquam leo velit, semper quis consectetur vel, cursus vitae massa. Cras et erat non orci tempor ornare. Integer congue elementum euismod. Suspendisse ac neque nisl, vitae condimentum metus. Mauris pulvinar libero a lacus scelerisque sit amet hendrerit nunc tempus. Duis metus diam, vulputate eget ultrices vel, rhoncus id lacus. Vestibulum ultrices ipsum nec enim dapibus vel pellentesque ante venenatis.\n\nPraesent eget velit nunc. Donec consequat facilisis ultrices. Donec euismod risus quis eros eleifend venenatis. Nunc in lacus dolor, sit amet placerat tortor. Phasellus porttitor egestas nibh ut malesuada. Maecenas enim augue, malesuada a bibendum et, euismod ut diam. Quisque nunc sem, laoreet vel tincidunt eu, bibendum in nisi. Maecenas rhoncus ipsum eu diam volutpat dignissim. Nulla viverra augue ac velit pellentesque in malesuada nisl hendrerit. Etiam in pharetra nisl. Vestibulum egestas volutpat ligula vel venenatis. Nullam mollis gravida quam eget bibendum. Nunc consequat suscipit tincidunt. Proin varius arcu eget ligula pharetra sed vehicula quam vulputate.\n\nCras faucibus euismod quam, id feugiat dui adipiscing sit amet. Mauris vitae neque vitae augue tristique tempor eget eu turpis. Quisque bibendum sem in dui volutpat at luctus velit vestibulum. Nunc ut faucibus velit. Aliquam eget mi tortor. Mauris in enim sit amet massa tempor mollis a sit amet dolor. Integer ullamcorper elit eu ante faucibus hendrerit. Phasellus vitae nunc quis massa consequat pulvinar. Aenean sagittis auctor lacus non dapibus. Vestibulum at massa magna. Nulla tortor leo, tincidunt tempor lobortis at, viverra eget eros. Morbi a metus in quam auctor sodales eget et massa.",
  "title": "Document 3-1-2-1-2",
  "__meta": {
    "updateId": -1810236640,
    "cdate": 1501428289050,
    "cuser": "cn=Al Mass,o=DARWINO",
    "mdate": 1501428316960,
    "replicaId": "85257FB8005090FB",
    "changes": "zWGb",
    "muser": "cn=Al Mass,o=DARWINO",
    "seqId": 1
  }
}