{
  "form": "CompanyDocument",
  "_parentid": "1F034C2AE682E2E88525816D0054A9A5",
  "document": "In hac habitasse platea dictumst. Donec ornare rutrum augue, sed pretium felis sodales at. Etiam quam arcu, malesuada vitae auctor et, laoreet ac mauris. Cras lorem nulla, dignissim ac varius nec, mollis vel nunc. Cras hendrerit massa eget quam pharetra eget tincidunt ipsum pharetra. Donec sed pulvinar felis. Suspendisse eget nisi velit. Pellentesque ultrices, nisi ac consectetur dictum, ipsum tellus varius eros, ultricies fringilla ligula risus vel nulla. Lorem ipsum dolor sit amet, consectetur adipiscing elit. Etiam tempus gravida imperdiet. Vestibulum aliquet sem eget metus euismod sodales. Curabitur sit amet arcu eu mauris vulputate feugiat. Sed elit lorem, iaculis vel rhoncus sagittis, convallis sit amet turpis. Praesent tincidunt urna ut quam sodales interdum sed ac enim. Cras urna velit, ullamcorper vitae eleifend a, tempus non sapien. Praesent tempor luctus magna at vehicula.\n\nSed et arcu ut metus vulputate ultrices pulvinar ut diam. Aliquam pharetra congue elit, vitae ultricies tellus pharetra ac. Donec ut leo sed sem suscipit accumsan. Donec porta nibh risus. Donec aliquam, lorem vitae aliquet lobortis, ligula quam sodales dui, vel auctor lacus nisi et purus. Vestibulum sollicitudin, nisi a adipiscing consectetur, neque nunc tristique nisi, nec faucibus justo erat sed mauris. Curabitur elementum orci sit amet sem egestas dapibus. Suspendisse potenti. Sed feugiat viverra erat, et ullamcorper metus ullamcorper eu. Nunc ultrices commodo nisl.\n\nIn rhoncus sagittis dictum. Aenean eu est eu urna vestibulum vestibulum sit amet nec velit. Suspendisse tortor quam, volutpat quis vehicula pharetra, vestibulum a nunc. Nulla facilisis feugiat leo, ac dapibus sem lacinia quis. Donec at ligula risus. Suspendisse tincidunt cursus mi ac aliquet. Suspendisse mollis lobortis risus, nec pretium nisl tincidunt quis. Vestibulum ultricies, nibh ut consectetur semper, massa ipsum viverra metus, nec eleifend nisl tortor eu dui. Pellentesque quis felis at nulla accumsan gravida. Aliquam erat volutpat. Etiam nec ante sed felis tristique tempus. Aliquam in congue velit. Mauris volutpat dictum aliquet.",
  "title": "Document 5-4-1-2",
  "__meta": {
    "updateId": -1810250110,
    "cdate": 1501428284550,
    "cuser": "cn=Al Mass,o=DARWINO",
    "mdate": 1501428303490,
    "replicaId": "85257FB8005090FB",
    "changes": "GtHK",
    "muser": "cn=Al Mass,o=DARWINO",
    "seqId": 1
  }
}