{
  "form": "CompanyDocument",
  "_parentid": "A34143FBD74415D68525816D0054B3E6",
  "document": "Sed nec leo nec sem hendrerit dapibus vitae non dui. Nunc nec mattis nisi. Ut lobortis lobortis purus, eu interdum nibh pulvinar nec. Suspendisse volutpat nibh vitae orci tincidunt eget porttitor velit volutpat. Vivamus at massa libero, eget commodo purus. Nunc sed turpis purus. Pellentesque lobortis, massa aliquam semper imperdiet, mauris velit elementum nunc, ut dapibus tellus leo sed felis. Sed quis orci in diam rutrum venenatis ac et massa. Nulla facilisi. Mauris cursus pellentesque condimentum. Cras id odio quis ligula ornare rhoncus sed at leo. Fusce pellentesque egestas ligula, sed rutrum nulla mollis vitae. Suspendisse vel elit ut lorem venenatis facilisis ut vitae quam. Nunc at massa ligula, at ultrices quam. Vestibulum accumsan nulla in sem aliquet id suscipit augue dapibus.\n\nFusce sodales viverra volutpat. Nulla at interdum sapien. Aliquam eu ante eu tellus convallis lobortis. Vestibulum ante ipsum primis in faucibus orci luctus et ultrices posuere cubilia Curae; Donec vitae egestas sem. Nam porttitor placerat volutpat. Sed ut ante purus, sit amet tempor metus. Aliquam vel tortor orci. Mauris nulla justo, gravida quis mattis ut, imperdiet gravida nibh. Pellentesque habitant morbi tristique senectus et netus et malesuada fames ac turpis egestas. Integer eu eros turpis. Sed a est quis diam dignissim molestie et non orci. Mauris lobortis nunc ligula. Vivamus semper lorem quis nisl facilisis feugiat. Donec commodo, orci accumsan dapibus dapibus, odio justo semper lorem, nec semper risus felis vel mauris. Sed quam lorem, ullamcorper id tincidunt a, elementum non purus.",
  "title": "Document 3-2-1-1",
  "__meta": {
    "updateId": -1810171520,
    "cdate": 1501428310790,
    "cuser": "cn=Al Mass,o=DARWINO",
    "mdate": 1501428382080,
    "replicaId": "85257FB8005090FB",
    "changes": "p8M1",
    "muser": "cn=Al Mass,o=DARWINO",
    "seqId": 1
  }
}