{
  "form": "CompanyDocument",
  "_parentid": "8434437B7C86220F8525816D0054A9E7",
  "document": "Curabitur sed nibh nulla. Phasellus rutrum ultrices lectus, sed sagittis eros tempus nec. Nunc euismod ante et nisi venenatis iaculis. Vestibulum nec tortor elit. Sed commodo sapien non lorem condimentum congue. Vestibulum ante ipsum primis in faucibus orci luctus et ultrices posuere cubilia Curae; Mauris felis quam, ultrices sit amet tincidunt ac, mattis et sem. Aenean enim mi, gravida ac porttitor eget, fermentum quis quam. Nunc porta ultricies cursus. Nam sed velit erat. Nulla nisl augue, consequat ut pharetra vel, sagittis sit amet erat. Nullam tellus tellus, auctor id dapibus at, porta id dolor. Maecenas tempus lacinia nibh ac tempus. Proin eget elit quis ipsum interdum commodo. Nullam et lacus vel velit interdum luctus. Mauris at nibh et est cursus adipiscing eu et tellus. Etiam lacus mauris, volutpat at rutrum ut, congue non tortor. Quisque bibendum laoreet luctus. Duis at turpis arcu. Aliquam erat volutpat.\n\nAliquam imperdiet rutrum lorem nec pulvinar. Cras justo ligula, sodales nec adipiscing vel, malesuada ut purus. Aliquam vel arcu leo. Aliquam in eros elit. Pellentesque eget vehicula tortor. Praesent malesuada, nunc non malesuada fermentum, quam turpis porttitor orci, vel rhoncus eros risus auctor eros. Mauris placerat, nisi sed rutrum lobortis, leo felis molestie justo, non dictum erat diam eu orci. Aliquam justo sapien, porta quis fermentum vel, venenatis eget leo. Cras venenatis luctus ullamcorper. Aliquam erat volutpat. Nulla in tincidunt arcu.\n\nPellentesque tempor dapibus iaculis. Vestibulum ante ipsum primis in faucibus orci luctus et ultrices posuere cubilia Curae; Vestibulum ante ipsum primis in faucibus orci luctus et ultrices posuere cubilia Curae; Proin convallis diam ac erat ornare interdum. Nam quam mauris, auctor sed cursus fermentum, dictum nec elit. Ut est ante, pellentesque eget accumsan a, lobortis consequat tellus. Mauris aliquet, nibh in mattis accumsan, nulla augue adipiscing quam, vestibulum sodales sapien odio ac diam. Nullam urna metus, egestas at consectetur id, tempor at nisi. Suspendisse aliquet scelerisque aliquam. Cras varius ante eu enim malesuada tristique. In euismod aliquet varius. Sed ac libero erat.",
  "title": "Document 4-3",
  "__meta": {
    "updateId": -1810247720,
    "cdate": 1501428285350,
    "cuser": "cn=Al Mass,o=DARWINO",
    "mdate": 1501428305880,
    "replicaId": "85257FB8005090FB",
    "changes": "BIV5",
    "muser": "cn=Al Mass,o=DARWINO",
    "seqId": 1
  }
}