{
  "form": "CompanyDocument",
  "_parentid": "35BFA6A651E8813E8525816D0054A762",
  "document": "Suspendisse quis nulla id libero tempus blandit. Maecenas nec erat nec turpis fringilla tristique at id magna. Nulla egestas, turpis a malesuada mollis, tellus nibh accumsan tellus, quis fringilla dui quam mattis nisl. Cras nunc ipsum, malesuada sit amet venenatis ut, lacinia eget ligula. Mauris porta scelerisque mattis. Nunc eu sapien ac massa aliquam vestibulum. Nulla facilisi. Mauris congue sollicitudin tempor. Aliquam velit mi, tincidunt in bibendum vitae, vulputate id nisl. Curabitur porttitor sodales facilisis. Nulla facilisi. Integer et nulla non massa laoreet mollis non non lorem. Nunc dictum tincidunt pulvinar.\n\nEtiam ultricies ligula vel velit pretium et convallis augue eleifend. Sed lobortis interdum sem, sed sollicitudin lectus pellentesque a. Duis orci ante, laoreet vel viverra non, varius vel nisi. Quisque adipiscing mattis turpis, eget cursus ante sollicitudin sed. Praesent cursus lobortis posuere. Curabitur sapien mauris, suscipit a scelerisque at, eleifend sit amet nunc. Nam consequat arcu sit amet elit elementum iaculis. Quisque id augue elit, convallis malesuada mauris. Fusce consectetur bibendum arcu sit amet fringilla. Praesent tempor libero ut lectus luctus sit amet sagittis ligula congue. Donec dapibus risus eget nunc pretium sollicitudin. Nulla vitae bibendum diam. Proin libero nibh, posuere id molestie vitae, pellentesque eget magna. Fusce interdum dignissim ipsum id viverra. Ut in diam vitae nisl iaculis adipiscing ut a massa. Maecenas accumsan dolor sit amet ipsum imperdiet pharetra. Donec in rutrum quam. In urna nisl, convallis sit amet tempus vel, pulvinar id magna. Proin neque dolor, mollis vitae pretium sollicitudin, rhoncus at leo. Cras bibendum fermentum tempus.",
  "title": "Document 6-1-1-1",
  "__meta": {
    "updateId": -1810267470,
    "cdate": 1501428278750,
    "cuser": "cn=Al Mass,o=DARWINO",
    "mdate": 1501428286130,
    "replicaId": "85257FB8005090FB",
    "changes": "gUmu",
    "muser": "cn=Al Mass,o=DARWINO",
    "seqId": 1
  }
}