{
  "form": "CompanyDocument",
  "_parentid": "1BEA43B288A51E088525816D0054B045",
  "document": "Nam sed aliquam risus. Aliquam sagittis sagittis tortor, quis fermentum dolor mattis eget. Morbi tincidunt lobortis lectus, eu aliquet metus aliquet vitae. Nunc ultricies luctus odio sed posuere. Phasellus et velit vitae mi malesuada tristique. Curabitur elementum lacus id odio molestie malesuada. Ut in metus nunc. Maecenas eu orci tempor dolor dapibus laoreet. Fusce et sapien a quam consequat tempus egestas ac ipsum. Vestibulum molestie sagittis pretium. Nulla facilisi. Aliquam et diam nibh.\n\nNullam gravida lacinia posuere. Proin at velit quis enim egestas lobortis. Quisque at massa nulla. Etiam non dui quis eros feugiat dignissim eu vel magna. Maecenas ut magna sed nisl fermentum vulputate. Maecenas dapibus quam eu eros adipiscing ac tincidunt mauris dignissim. Suspendisse ornare aliquet iaculis. Sed imperdiet urna sit amet turpis pellentesque ornare. Nulla eu sapien sem, ac pharetra velit. Aliquam pulvinar, massa vitae vehicula dictum, dui nulla facilisis est, vel consequat massa diam a felis. Sed vehicula vehicula sem, vel ullamcorper libero tincidunt ac. Maecenas vehicula quam non tortor egestas aliquam. Sed tristique urna et nisi cursus venenatis. Class aptent taciti sociosqu ad litora torquent per conubia nostra, per inceptos himenaeos.",
  "title": "Document 1-3-2-1-3",
  "__meta": {
    "updateId": -1810199280,
    "cdate": 1501428301520,
    "cuser": "cn=Al Mass,o=DARWINO",
    "mdate": 1501428354320,
    "replicaId": "85257FB8005090FB",
    "changes": "S1ms",
    "muser": "cn=Al Mass,o=DARWINO",
    "seqId": 1
  }
}