{
  "form": "CompanyDocument",
  "_parentid": "98983EE175B21D538525816D0054B23E",
  "document": "Donec nisl nibh, ullamcorper id iaculis a, venenatis sed nisl. Curabitur vel laoreet nulla. Cras mattis, ipsum in molestie pharetra, tortor lacus mattis ligula, non scelerisque erat tortor sit amet lectus. Nulla facilisi. Pellentesque sit amet magna nec augue lacinia molestie. Suspendisse nec mauris vel lorem sollicitudin scelerisque. Quisque nisl risus, tincidunt ac feugiat at, ultricies ut arcu. In in massa quis enim luctus tempus. In hac habitasse platea dictumst. Aenean dignissim nisi laoreet lorem auctor eget aliquet eros imperdiet. Quisque eleifend sollicitudin urna, sed elementum sem feugiat non. Integer ullamcorper adipiscing ultricies. Cras sollicitudin commodo neque. Sed pharetra fermentum purus, id pharetra mi consequat nec. Cras fermentum adipiscing blandit. Maecenas ligula libero, pulvinar sed lobortis at, tempor eu nisl. Proin vel tortor a nibh malesuada suscipit. Curabitur consequat convallis risus eu viverra.\n\nQuisque ut mi nibh. Donec tempor, tellus et auctor porttitor, ante nulla varius nibh, eu dapibus quam mi eu purus. Sed felis risus, ullamcorper ut sollicitudin feugiat, fringilla sit amet odio. Cras ornare, risus eu interdum porta, est odio mattis enim, non ultricies odio lectus quis urna. Aliquam dui felis, consequat id tristique in, suscipit id tellus. Maecenas ipsum nulla, ornare in viverra et, imperdiet at urna. Proin et sem nibh. Donec id nisi est, non ultricies quam. Donec in erat mi, quis viverra ante. Cras tellus nulla, condimentum id malesuada vel, sagittis et turpis. Etiam feugiat felis arcu, ut vehicula leo. Pellentesque habitant morbi tristique senectus et netus et malesuada fames ac turpis egestas. Donec neque massa, dictum quis lobortis in, rhoncus et tellus. Duis quis odio ut sem dapibus condimentum. Aliquam dictum volutpat ipsum, nec congue augue blandit aliquam.\n\nSed euismod est in nisi commodo consectetur. Integer dui eros, suscipit quis tristique non, rhoncus sit amet arcu. Class aptent taciti sociosqu ad litora torquent per conubia nostra, per inceptos himenaeos. Fusce accumsan sollicitudin augue ut porttitor. Aenean fermentum dapibus nunc, ut scelerisque lorem egestas ut. Pellentesque bibendum ornare tortor, sit amet auctor magna facilisis quis. Aliquam sit amet lorem justo. Pellentesque risus magna, blandit vel euismod id, interdum non nibh. Pellentesque non libero nibh, sagittis eleifend diam. Integer sed dui est, non eleifend purus. Etiam id sapien eu leo tristique rutrum quis in purus. Nunc ante ipsum, ultrices quis congue non, convallis eget sem. Vivamus est lectus, aliquet eget eleifend quis, laoreet fringilla magna. Vestibulum ante ipsum primis in faucibus orci luctus et ultrices posuere cubilia Curae; Ut tortor elit, tincidunt ut feugiat ac, molestie ac augue. Nam metus tortor, congue id malesuada vitae, convallis id justo. Integer odio nisl, hendrerit et imperdiet ultricies, sodales eu lacus. Vivamus tincidunt fermentum libero non imperdiet.\n\nVivamus pulvinar neque quis nibh volutpat vehicula. Suspendisse quam lectus, rutrum a suscipit vel, molestie at nisi. Quisque tempus elementum dui sed aliquet. Phasellus sagittis, lectus eget imperdiet tristique, turpis eros sagittis urna, ac volutpat massa nisl sit amet arcu. Ut leo elit, scelerisque sed venenatis in, tincidunt id lorem. In ultrices imperdiet diam sit amet tincidunt. Integer lorem metus, vulputate et tristique gravida, malesuada eget lorem. Donec fringilla adipiscing posuere. Etiam sit amet risus sed purus pretium volutpat vitae vel orci. Nunc commodo faucibus venenatis. Pellentesque dictum faucibus nisi, a venenatis lectus mattis at. Maecenas hendrerit commodo convallis. Fusce ac feugiat mi. Mauris euismod, lectus vel lobortis elementum, orci nibh sodales purus, eget laoreet augue neque ac arcu.",
  "title": "Document 2-4-3-2-2",
  "__meta": {
    "updateId": -1810184190,
    "cdate": 1501428306560,
    "cuser": "cn=Al Mass,o=DARWINO",
    "mdate": 1501428369410,
    "replicaId": "85257FB8005090FB",
    "changes": "Ze46",
    "muser": "cn=Al Mass,o=DARWINO",
    "seqId": 1
  }
}