{
  "form": "CompanyDocument",
  "_parentid": "844BF64EEB5DE62F8525816D0054B270",
  "document": "Suspendisse eu urna massa. Nunc semper, sem nec vehicula faucibus, orci felis gravida erat, eget tempus purus nibh vitae justo. Duis eu rutrum quam. Morbi gravida, metus a condimentum tincidunt, est libero accumsan nunc, nec rhoncus enim felis quis diam. Sed ut nisl nunc. Aliquam in pretium nunc. Sed sit amet mauris ac risus vulputate vulputate in non neque. Aenean vitae mauris quis orci viverra tristique et sed est. Nulla libero neque, sodales elementum facilisis ut, ullamcorper a nunc. Ut velit augue, blandit ac commodo eu, ultricies a dui.\n\nProin nec erat at diam condimentum luctus sit amet et massa. Vestibulum laoreet sodales justo a cursus. Praesent porta mauris ultricies lectus lacinia varius. Nulla facilisis mauris quis tortor tincidunt bibendum eget eu dui. In sed neque dignissim neque eleifend lobortis. Integer non dolor tortor, ac aliquam mi. Vivamus vitae nibh leo. Aenean scelerisque orci in velit sodales sed tempor ligula mollis. Aenean sollicitudin semper nunc id tempus. Curabitur in sodales velit. Mauris fermentum metus eget sapien dapibus sed posuere mauris egestas. Ut erat sapien, tincidunt ac aliquet condimentum, pulvinar malesuada neque. Aliquam at mauris justo. Aenean eu dolor lacus, venenatis lacinia nisi. Etiam laoreet mi nec arcu ullamcorper luctus. Aenean vulputate urna a tortor sollicitudin malesuada. Vestibulum sit amet elit sed justo pulvinar laoreet. Aliquam erat volutpat.\n\nIn non felis elit. Integer eleifend velit ac lacus vestibulum imperdiet. Cras lacus orci, posuere a euismod nec, convallis et nibh. Proin pretium risus sit amet leo pulvinar fermentum. Mauris sapien diam, interdum et egestas et, hendrerit non tellus. Pellentesque auctor feugiat lacus, id aliquam lacus faucibus in. Vivamus tempor ornare varius. Suspendisse in ultrices nisi. Aenean fermentum dictum mauris at consectetur. Cras porta ultricies libero sit amet volutpat. Suspendisse dapibus convallis nulla, non ultrices purus egestas pulvinar. Suspendisse tellus augue, dignissim non mollis a, tristique id nunc. Sed tempor rhoncus lacus, id feugiat metus convallis eget. Praesent sed nisi tellus, in dapibus justo.\n\nUt nulla justo, facilisis sed fermentum tempor, tristique quis purus. Nunc erat elit, congue quis viverra a, aliquet eu nibh. Phasellus semper tempor tincidunt. Nam in purus quis tortor bibendum auctor ac a ipsum. Praesent porta, elit sit amet porta tincidunt, sem enim tincidunt elit, sed tincidunt justo magna at purus. Fusce libero odio, venenatis non consequat non, placerat vulputate quam. Pellentesque blandit nibh eget erat congue ornare. Maecenas malesuada, dui id egestas bibendum, ipsum purus dapibus turpis, ut tincidunt neque sem nec mi. Vivamus sit amet sodales tortor. Nulla libero odio, accumsan et interdum at, posuere vitae arcu.",
  "title": "Document 4-3-2-2-1",
  "__meta": {
    "updateId": -1810182720,
    "cdate": 1501428307050,
    "cuser": "cn=Al Mass,o=DARWINO",
    "mdate": 1501428370880,
    "replicaId": "85257FB8005090FB",
    "changes": "M5hu",
    "muser": "cn=Al Mass,o=DARWINO",
    "seqId": 1
  }
}