{
  "form": "CompanyDocument",
  "_parentid": "C11C90A965DC587F8525816D0054A926",
  "document": "Morbi pharetra aliquam commodo. Integer cursus convallis fermentum. Maecenas pharetra ipsum sollicitudin metus pretium gravida. Nullam facilisis, magna vel sollicitudin facilisis, sem arcu mattis velit, at pretium purus elit at purus. Sed congue, felis ac aliquet vehicula, nisl sem varius odio, at volutpat nisl massa in velit. Sed condimentum magna sed velit ultricies placerat. Maecenas ac urna vel leo viverra pharetra. Nunc mattis, nisl non pretium consectetur, leo nisl molestie nunc, in rhoncus dui massa sed velit. Ut congue sodales faucibus. Praesent turpis sem, porta vel accumsan et, vulputate eu neque. Curabitur a erat sit amet felis volutpat fermentum non vitae velit. Suspendisse non nunc sed nisl porttitor pretium. Nulla luctus massa a lorem posuere hendrerit accumsan lacus auctor. Pellentesque habitant morbi tristique senectus et netus et malesuada fames ac turpis egestas.",
  "title": "Document 1-4-3",
  "__meta": {
    "updateId": -1810253830,
    "cdate": 1501428283310,
    "cuser": "cn=Al Mass,o=DARWINO",
    "mdate": 1501428299770,
    "replicaId": "85257FB8005090FB",
    "changes": "3GwQ",
    "muser": "cn=Al Mass,o=DARWINO",
    "seqId": 1
  }
}