{
  "zipcode": "49022",
  "form": "Company",
  "size": "0",
  "city": "Benton Harbor",
  "documents": "<i class=\"domino-attachment-ref\">(See attached file: description.txt)</i>",
  "street": "496 Summer Street",
  "name": "Codehow",
  "logo": "<i class=\"domino-attachment-ref\">(See attached file: logo.png)</i>",
  "industry": "Computer Software",
  "state": "MI",
  "__meta": {
    "updateId": -1810264000,
    "cdate": 1501428279910,
    "cuser": "cn=Al Mass,o=DARWINO",
    "mdate": 1501428289600,
    "replicaId": "85257FB8005090FB",
    "changes": "TPzT",
    "muser": "cn=Al Mass,o=DARWINO",
    "seqId": 1
  }
}