{
  "firstname": "Nadia",
  "comments": "<font size=\"2\" face=\"sans-serif\">The fierce bottle is now managing a metallic salad</font><br />\r\n<font size=\"2\" face=\"sans-serif\">A car rented a terminal</font>",
  "homephone": "(200) 480-1125",
  "city": "Upland",
  "sex": "F",
  "picture": "http://www.gravatar.com/avatar/21d2e604d23f742f2ad7aab1840198af?d=retro",
  "lastname": "Mccall",
  "__meta": {
    "updateId": -1810126930,
    "cdate": 1501428327650,
    "cuser": "cn=Al Mass,o=DARWINO",
    "mdate": 1501428426670,
    "replicaId": "85257FB8005090FB",
    "changes": "SwDx",
    "muser": "cn=Al Mass,o=DARWINO",
    "seqId": 2
  },
  "zipcode": "91784",
  "form": "Contact",
  "street": "86 East Street",
  "firstcontact": "2014-11-04T16:57:40.000-05:00",
  "workphone": "(230) 437-1576",
  "mobilephone": "(877) 737-1277",
  "company": "Ron-tech-energy",
  "state": "CA",
  "card": "<img src=\"$document-attachment/Card%7C%7Cinline-0.84.gif\" width=\"80\" height=\"80\" /><br />\r\n<font size=\"2\" face=\"sans-serif\"><b>Name</b></font><font size=\"2\" face=\"sans-serif\">: Nadia Mccall</font><br />\r\n<font size=\"2\" face=\"sans-serif\"><b>EMail</b></font><font size=\"2\" face=\"sans-serif\">: nmccall@darwino.com</font><br />\r\n<font size=\"2\" face=\"sans-serif\"><b>Company</b></font><font size=\"2\" face=\"sans-serif\">: Ron-tech-energy</font>",
  "email": "nmccall@darwino.com"
}