{
  "firstname": "Salvador",
  "comments": "<font size=\"2\" face=\"sans-serif\">This afternoon the lawyer is expected to buy a pear, said the famous pear</font><br />\r\n<font size=\"2\" face=\"sans-serif\">Last Monday evening the convenient meat will work together with the stable road, said the star</font><br />\r\n<font size=\"2\" face=\"sans-serif\">A window accused the metallic slipper, said a window</font>",
  "homephone": "(546) 810-1660",
  "city": "Oak Ridge",
  "sex": "M",
  "picture": "http://www.gravatar.com/avatar/77a3be954c7f097afb3afeddfc225f4e?d=retro",
  "lastname": "Calhoun",
  "__meta": {
    "updateId": -1810134010,
    "cdate": 1501428324110,
    "cuser": "cn=Al Mass,o=DARWINO",
    "mdate": 1501428419590,
    "replicaId": "85257FB8005090FB",
    "changes": "sBoM",
    "muser": "cn=Al Mass,o=DARWINO",
    "seqId": 2
  },
  "zipcode": "37830",
  "form": "Contact",
  "street": "5 Augusta Drive",
  "firstcontact": "2013-02-17T08:21:29.000-05:00",
  "workphone": "(149) 892-1009",
  "mobilephone": "(165) 978-1029",
  "company": "Dalttechnology",
  "state": "TN",
  "card": "<img src=\"$document-attachment/Card%7C%7Cinline-0.84.gif\" width=\"80\" height=\"80\" /><br />\r\n<font size=\"2\" face=\"sans-serif\"><b>Name</b></font><font size=\"2\" face=\"sans-serif\">: Salvador Calhoun</font><br />\r\n<font size=\"2\" face=\"sans-serif\"><b>EMail</b></font><font size=\"2\" face=\"sans-serif\">: scalhoun@darwino.com</font><br />\r\n<font size=\"2\" face=\"sans-serif\"><b>Company</b></font><font size=\"2\" face=\"sans-serif\">: Dalttechnology</font>",
  "email": "scalhoun@darwino.com"
}