{
  "form": "CompanyDocument",
  "_parentid": "C1755C915497916B8525816D0054A6A6",
  "document": "Donec scelerisque sagittis elit sit amet dapibus. Proin nulla lorem, ullamcorper ac elementum nec, pretium eu sapien. Aliquam justo enim, blandit ut rhoncus eu, sollicitudin in mi. Sed sit amet nunc sed dolor tempus consequat non non augue. Sed bibendum sodales nulla et rutrum. Quisque ut risus eget metus dictum pulvinar vel et ante. Nam commodo pellentesque nunc, sit amet condimentum dolor venenatis ultrices. Suspendisse erat sapien, congue nec consequat a, consectetur accumsan est. Mauris elementum lorem eu elit eleifend molestie. Donec sed lectus non leo semper porta et eu urna. Morbi ultrices rhoncus urna, et suscipit nunc laoreet nec.\n\nSed sapien est, semper vitae fermentum eget, euismod vel eros. Quisque dignissim nibh nec enim porttitor id tempus eros tincidunt. Sed bibendum lectus id dui accumsan luctus. Aliquam ac adipiscing turpis. Cras sit amet augue leo, vel sagittis enim. Class aptent taciti sociosqu ad litora torquent per conubia nostra, per inceptos himenaeos. Aenean commodo, nisi eu posuere tristique, quam sem lobortis turpis, varius ultricies purus urna et erat. Morbi pharetra velit ac ligula elementum faucibus eget a dolor. Maecenas elementum nunc ut risus mollis et consectetur arcu aliquam. Praesent mollis risus a nulla feugiat commodo. Aliquam eget metus nunc, at imperdiet velit. Fusce eget lacus eros.\n\nEtiam ultricies ligula vel velit pretium et convallis augue eleifend. Sed lobortis interdum sem, sed sollicitudin lectus pellentesque a. Duis orci ante, laoreet vel viverra non, varius vel nisi. Quisque adipiscing mattis turpis, eget cursus ante sollicitudin sed. Praesent cursus lobortis posuere. Curabitur sapien mauris, suscipit a scelerisque at, eleifend sit amet nunc. Nam consequat arcu sit amet elit elementum iaculis. Quisque id augue elit, convallis malesuada mauris. Fusce consectetur bibendum arcu sit amet fringilla. Praesent tempor libero ut lectus luctus sit amet sagittis ligula congue. Donec dapibus risus eget nunc pretium sollicitudin. Nulla vitae bibendum diam. Proin libero nibh, posuere id molestie vitae, pellentesque eget magna. Fusce interdum dignissim ipsum id viverra. Ut in diam vitae nisl iaculis adipiscing ut a massa. Maecenas accumsan dolor sit amet ipsum imperdiet pharetra. Donec in rutrum quam. In urna nisl, convallis sit amet tempus vel, pulvinar id magna. Proin neque dolor, mollis vitae pretium sollicitudin, rhoncus at leo. Cras bibendum fermentum tempus.",
  "title": "Document 5-1-4-4-3",
  "__meta": {
    "updateId": -1810273040,
    "cdate": 1501428276890,
    "cuser": "cn=Al Mass,o=DARWINO",
    "mdate": 1501428280560,
    "replicaId": "85257FB8005090FB",
    "changes": "3ASk",
    "muser": "cn=Al Mass,o=DARWINO",
    "seqId": 1
  }
}