{
  "form": "CompanyDocument",
  "_parentid": "9B896244E90C27AA8525816D0054B394",
  "document": "Ut venenatis vulputate dui vel blandit. Aenean convallis tempor turpis ut sodales. Suspendisse a ligula et sem iaculis vulputate congue convallis erat. Duis ultrices pellentesque arcu et lobortis. Vivamus metus est, accumsan aliquet cursus sed, volutpat a mauris. Duis ut tellus metus, pulvinar varius felis. Vestibulum ante ipsum primis in faucibus orci luctus et ultrices posuere cubilia Curae; Quisque ac orci a est congue aliquam. Nam turpis libero, porttitor in suscipit sit amet, rhoncus non sapien. Nulla a turpis id mauris venenatis tincidunt. Donec consectetur, nunc eget venenatis tempus, massa nulla elementum nisi, at feugiat nibh nisl quis orci. Nulla sollicitudin volutpat odio, id lacinia ante cursus quis. Nam nisl orci, commodo et tempor nec, aliquet vitae turpis. Vestibulum ante ipsum primis in faucibus orci luctus et ultrices posuere cubilia Curae; Vivamus ipsum nibh, placerat sit amet pretium id, suscipit dapibus diam. Vestibulum faucibus accumsan scelerisque. Curabitur in neque massa. Duis porttitor consequat est. Nullam sagittis dictum tortor quis sagittis. Cras ut sem nec quam aliquam viverra id pellentesque tortor.\n\nCras semper volutpat odio, quis rutrum dolor mollis non. Nunc rhoncus metus eu libero dapibus porta. Class aptent taciti sociosqu ad litora torquent per conubia nostra, per inceptos himenaeos. Praesent venenatis diam pellentesque dui feugiat a venenatis dui sodales. Duis commodo erat sed mauris porta gravida. Vivamus sit amet erat a purus viverra dictum ac vel sem. Sed pulvinar ipsum a mauris luctus at malesuada urna iaculis. Aliquam pharetra eleifend enim, nec accumsan ligula feugiat sit amet. Nam sapien orci, iaculis ac tincidunt at, congue eu orci. Integer sed nulla vel odio ullamcorper fringilla. Integer eu sapien eu ligula ultrices euismod.\n\nFusce quis neque eget purus vulputate consectetur. Curabitur sit amet felis id est lobortis pellentesque. Vivamus et purus nibh, eget rutrum libero. In ultrices suscipit diam quis accumsan. Mauris tincidunt dui in risus pharetra id dictum ipsum hendrerit. Sed a ligula purus, eget placerat orci. Fusce at consequat tellus. Vivamus convallis venenatis est vel blandit. Nam eget tortor et metus bibendum bibendum. Nullam sapien sapien, gravida ac faucibus vitae, iaculis a tortor. Suspendisse potenti. Duis bibendum posuere hendrerit. Aenean aliquam enim eget metus lacinia vitae tempus velit pretium. Sed vulputate, lectus sed bibendum auctor, quam est accumsan lorem, quis consectetur dolor enim eget lectus. Fusce ut justo sed velit suscipit tincidunt a sit amet nibh.",
  "title": "Document 1-2-1-1-4",
  "__meta": {
    "updateId": -1810173890,
    "cdate": 1501428310000,
    "cuser": "cn=Al Mass,o=DARWINO",
    "mdate": 1501428379710,
    "replicaId": "85257FB8005090FB",
    "changes": "Yon_",
    "muser": "cn=Al Mass,o=DARWINO",
    "seqId": 1
  }
}