{
  "form": "CompanyDocument",
  "_parentid": "DB0025052B0C97688525816D0054AD1F",
  "document": "Praesent dictum leo in arcu cursus ultrices. Mauris cursus vestibulum magna vitae eleifend. Phasellus tempus quam eget lacus posuere semper. Nullam volutpat venenatis nibh eget elementum. Etiam sapien erat, iaculis at semper id, tempor ac lorem. Phasellus at tellus id orci feugiat viverra in ac lacus. Cras sed sapien eros, at ultrices metus. Donec non ipsum erat. Aliquam eros nibh, interdum laoreet condimentum vitae, venenatis eget augue. Mauris varius, elit ac rutrum rhoncus, nisl massa porttitor lacus, ac ullamcorper mauris velit eu tortor. Proin vitae lacus sed arcu viverra consequat ut convallis sem. Sed sem lectus, lobortis eu vehicula eget, molestie vel lacus. Curabitur pulvinar fermentum commodo. Sed ornare bibendum dolor, a tincidunt enim convallis eget. Class aptent taciti sociosqu ad litora torquent per conubia nostra, per inceptos himenaeos. Maecenas tristique tincidunt adipiscing. Pellentesque tristique vulputate nisi id facilisis.\n\nPellentesque habitant morbi tristique senectus et netus et malesuada fames ac turpis egestas. Integer felis nulla, auctor nec gravida eget, euismod in lacus. In sodales metus eget odio vehicula non sagittis ligula varius. Donec eros lacus, bibendum at mattis ut, elementum in quam. In hac habitasse platea dictumst. Nam non rutrum lacus. Fusce eget blandit nisi. Cras ultricies tellus vel orci accumsan interdum. In nec diam et mi posuere ultricies. Mauris at pellentesque urna. Vestibulum ut arcu mauris. Nam imperdiet erat eu arcu condimentum in molestie nisl faucibus. Donec iaculis, lacus condimentum gravida ornare, nisl lacus sollicitudin massa, et elementum tellus tellus at turpis. Nulla facilisi. Sed eget purus et nisi pellentesque rutrum. Nullam ornare facilisis velit et consequat. Sed nulla quam, vehicula id venenatis feugiat, feugiat quis urna. Nunc fermentum, arcu at fermentum pulvinar, magna ipsum feugiat velit, id bibendum turpis felis id neque. Sed ut leo augue, eget iaculis massa. Nam id scelerisque nisl.\n\nAliquam viverra tempus lectus, non dictum velit semper eu. Vestibulum vel nisi velit. Nunc et metus libero. Quisque dignissim venenatis dictum. Morbi luctus porttitor adipiscing. Nam quam urna, commodo ut molestie quis, sodales vitae sem. Pellentesque libero arcu, scelerisque at sodales a, elementum vel lectus. Proin ac nulla vitae eros scelerisque suscipit sed nec felis. In ornare dui in dolor hendrerit eget laoreet diam sagittis. Praesent viverra tempor nisi, a pharetra nibh posuere vel. Nunc non nunc vel arcu vulputate porta. Vestibulum consectetur tincidunt arcu, commodo commodo nibh euismod vitae. Cras at congue ligula. Donec quis arcu et massa facilisis vehicula. Nullam consequat orci quis massa cursus tincidunt. Curabitur nunc urna, placerat ultricies convallis id, eleifend eget odio. Curabitur volutpat bibendum nunc, vitae facilisis ipsum malesuada vitae. Suspendisse aliquam dapibus volutpat. Praesent eu ipsum purus. Aenean sit amet nulla ac justo vestibulum feugiat.",
  "title": "Document 2-3-2-1-1",
  "__meta": {
    "updateId": -1810223490,
    "cdate": 1501428293440,
    "cuser": "cn=Al Mass,o=DARWINO",
    "mdate": 1501428330110,
    "replicaId": "85257FB8005090FB",
    "changes": "a49M",
    "muser": "cn=Al Mass,o=DARWINO",
    "seqId": 1
  }
}