{
  "form": "CompanyDocument",
  "_parentid": "7D417F8E84269D748525816D0054B50C",
  "document": "Vestibulum quis mattis felis. Mauris nec magna eu metus gravida aliquet. Quisque a viverra lorem. Nulla facilisi. Cras nibh purus, luctus sit amet tempus in, condimentum vitae nibh. Curabitur a arcu at lectus convallis laoreet. Cras vel tortor massa. Mauris a molestie tellus. Proin mollis cursus arcu venenatis adipiscing. Sed adipiscing magna a ligula iaculis mattis. Nullam tempus molestie tortor, eu tempus ipsum ornare vel. Morbi sed augue eu massa pulvinar porttitor vitae id velit.\n\nCras convallis molestie elit, euismod pharetra nulla aliquet non. Vestibulum rutrum ornare nulla, ac tempor magna euismod at. Pellentesque vel felis ac lorem pharetra laoreet. Nulla lacus lectus, lobortis sit amet dictum ut, sollicitudin sit amet enim. In hac habitasse platea dictumst. Aenean dignissim, tellus at mattis hendrerit, tortor risus commodo dui, ac dapibus libero ipsum eget mi. Mauris semper cursus lectus ut egestas. Donec nec sapien eget quam consectetur commodo eget at est. Aliquam sit amet nulla metus. In hac habitasse platea dictumst. Proin risus purus, fermentum vel dictum vitae, suscipit ac quam.",
  "title": "Document 1-2-1-3-3",
  "__meta": {
    "updateId": -1810162660,
    "cdate": 1501428313750,
    "cuser": "cn=Al Mass,o=DARWINO",
    "mdate": 1501428390940,
    "replicaId": "85257FB8005090FB",
    "changes": "xuRS",
    "muser": "cn=Al Mass,o=DARWINO",
    "seqId": 1
  }
}