{
  "form": "CompanyDocument",
  "_parentid": "B4F81044A9D62AF68525816D0054B052",
  "document": "Nam sed mattis dolor. Nullam commodo ligula scelerisque sem auctor et pellentesque augue accumsan. Cras ut urna sit amet tellus lobortis molestie sed nec sem. Nulla risus nisl, vulputate ut mattis sed, viverra eu enim. Sed non tortor erat, vel adipiscing dolor. Morbi elementum aliquet orci, et mollis risus ornare ut. Nulla in ligula ipsum. Aenean nec pulvinar ipsum. Vestibulum ac fermentum justo. Etiam lacinia quam id mauris convallis pharetra. Etiam nec dolor sed sem dapibus pharetra. In vehicula scelerisque iaculis. Cum sociis natoque penatibus et magnis dis parturient montes, nascetur ridiculus mus. Vivamus dolor ipsum, volutpat at sollicitudin eu, sollicitudin eu erat. Pellentesque eget semper erat. Donec pellentesque accumsan elit, eu viverra erat auctor non. Fusce egestas enim vitae eros auctor egestas. Fusce at lacus in lacus egestas euismod id vel tortor. Sed venenatis fringilla mauris, sit amet feugiat enim eleifend sit amet.\n\nMorbi placerat pretium dolor, in porttitor erat laoreet eget. In hac habitasse platea dictumst. Sed lobortis faucibus ultrices. Suspendisse potenti. Quisque metus tortor, hendrerit a tincidunt vitae, tristique vel enim. Pellentesque ac ipsum dolor, ac tincidunt sem. Vestibulum laoreet orci vel tortor fermentum egestas. Cras placerat purus ac ante sollicitudin tristique pellentesque arcu luctus. Quisque eu scelerisque enim. Fusce vitae posuere nulla. Quisque eleifend nibh non leo posuere vel iaculis ante vestibulum. Nam commodo risus non purus porttitor a bibendum sem convallis. Vivamus in odio eget arcu rhoncus ultricies accumsan id urna. Etiam laoreet mauris et tellus lacinia fringilla. Nulla facilisi. Ut nec justo sem. Duis cursus ante sit amet massa fermentum egestas. Donec felis tortor, fringilla quis fringilla ut, consequat vitae urna.\n\nNullam venenatis arcu in nunc mattis interdum. Vivamus ut facilisis velit. Sed vitae rutrum elit. Praesent vel urna vel nisl faucibus euismod nec ac nulla. Mauris mattis, tortor vel placerat facilisis, erat dolor luctus turpis, nec facilisis sapien enim at sapien. Suspendisse potenti. Pellentesque vestibulum nunc a tortor interdum quis congue nisl tincidunt. Maecenas vel nibh nec ligula vulputate scelerisque a eu arcu. In et bibendum nisi. Nulla laoreet imperdiet magna, ut ornare orci dapibus sed. Sed et urna lacus. Praesent id nulla commodo diam rhoncus consequat. Pellentesque rutrum lacinia libero, ut cursus nisl faucibus non. Pellentesque nibh risus, ultricies sit amet hendrerit et, viverra sed nulla.",
  "title": "Document 1-4-2-4",
  "__meta": {
    "updateId": -1810198770,
    "cdate": 1501428301690,
    "cuser": "cn=Al Mass,o=DARWINO",
    "mdate": 1501428354830,
    "replicaId": "85257FB8005090FB",
    "changes": "EqGF",
    "muser": "cn=Al Mass,o=DARWINO",
    "seqId": 1
  }
}