{
  "form": "CompanyDocument",
  "_parentid": "EA848B1F8252C8568525816D0054AAC7",
  "document": "Nam vel nulla nec neque luctus facilisis. Ut adipiscing lacus id mi dignissim et gravida dui tempor. Proin faucibus faucibus diam sed sodales. Vivamus congue, dui in sagittis dignissim, ante risus ultricies erat, vitae gravida eros nulla vel urna. Maecenas pretium tincidunt mauris. Sed aliquet eros sit amet turpis ultricies vestibulum. Phasellus tristique blandit mi, sed dignissim libero scelerisque at. Praesent ultricies convallis orci, ac fermentum mi bibendum at. Vestibulum suscipit vehicula tempor. Morbi velit metus, dapibus et aliquam ac, tempor a risus. Etiam eu turpis ante. Proin et erat augue. Integer justo velit, pellentesque id condimentum ac, pulvinar in ligula. Donec lobortis erat vitae libero facilisis non rutrum elit placerat. Phasellus accumsan arcu sit amet eros dictum scelerisque. Suspendisse potenti. Proin placerat laoreet accumsan. Aliquam eu velit libero. Vivamus nec enim sed odio viverra dictum ut et urna.\n\nNunc dolor massa, egestas ut tristique a, tincidunt eu nisl. Curabitur sodales rhoncus urna vitae gravida. Praesent feugiat suscipit sapien ut adipiscing. Nulla commodo convallis eros, id ultricies nulla volutpat sit amet. Vestibulum vitae lectus nec dolor vestibulum aliquam. Suspendisse luctus tellus non mi euismod tempus molestie purus euismod. Cras et bibendum lorem. Pellentesque at nibh at neque scelerisque porta vitae a mi. Nunc porttitor ipsum sed nisl cursus malesuada. Mauris aliquet odio non mi volutpat bibendum eget nec elit. Fusce nec neque nec justo dapibus blandit sed at diam. Proin vestibulum tristique est quis scelerisque. Donec pretium pulvinar dolor, nec dignissim massa dictum fringilla. Vivamus laoreet convallis dolor, non rhoncus leo pellentesque quis. Suspendisse mollis cursus dui, a congue est consequat eu. Pellentesque in risus ipsum, vel sodales nisi. Duis vitae quam tortor, ut interdum leo. Morbi vitae pulvinar est.",
  "title": "Document 4-2-3-2",
  "__meta": {
    "updateId": -1810241400,
    "cdate": 1501428287460,
    "cuser": "cn=Al Mass,o=DARWINO",
    "mdate": 1501428312200,
    "replicaId": "85257FB8005090FB",
    "changes": "S15O",
    "muser": "cn=Al Mass,o=DARWINO",
    "seqId": 1
  }
}