{
  "form": "CompanyDocument",
  "_parentid": "0D3808AD26348C268525816D0054B276",
  "document": "Pellentesque tempor dapibus iaculis. Vestibulum ante ipsum primis in faucibus orci luctus et ultrices posuere cubilia Curae; Vestibulum ante ipsum primis in faucibus orci luctus et ultrices posuere cubilia Curae; Proin convallis diam ac erat ornare interdum. Nam quam mauris, auctor sed cursus fermentum, dictum nec elit. Ut est ante, pellentesque eget accumsan a, lobortis consequat tellus. Mauris aliquet, nibh in mattis accumsan, nulla augue adipiscing quam, vestibulum sodales sapien odio ac diam. Nullam urna metus, egestas at consectetur id, tempor at nisi. Suspendisse aliquet scelerisque aliquam. Cras varius ante eu enim malesuada tristique. In euismod aliquet varius. Sed ac libero erat.\n\nVestibulum ornare mi odio, quis cursus ligula. Duis id urna ipsum. Pellentesque nisi metus, sagittis sit amet aliquet vitae, scelerisque eget tellus. Vestibulum molestie nisi commodo diam sollicitudin eget vehicula odio viverra. Phasellus et arcu ante. Sed sapien nisl, facilisis sit amet fringilla id, pulvinar sed lorem. Nulla facilisi. Aliquam viverra, ante sed vestibulum facilisis, nisl mi imperdiet odio, ac dictum metus diam rhoncus magna. Sed blandit, turpis sit amet ornare viverra, nunc eros hendrerit magna, nec accumsan ligula mi in augue. Etiam dictum, purus et venenatis pharetra, nulla purus venenatis est, sed hendrerit magna nisi vel est. Suspendisse fermentum vestibulum pretium. Lorem ipsum dolor sit amet, consectetur adipiscing elit. Proin lobortis, risus nec eleifend tincidunt, purus ligula pulvinar dui, non rutrum nibh metus ut tortor. Maecenas scelerisque tellus sit amet tellus eleifend nec tristique ipsum sollicitudin. Cras odio tellus, viverra non interdum non, dignissim ac nibh. Proin viverra dapibus urna, non blandit lorem adipiscing eget. Vestibulum ante ipsum primis in faucibus orci luctus et ultrices posuere cubilia Curae; Phasellus tristique est vitae odio molestie non pretium eros laoreet. Maecenas rhoncus felis sed lectus ornare elementum. Vestibulum aliquam vulputate eleifend.\n\nPellentesque habitant morbi tristique senectus et netus et malesuada fames ac turpis egestas. Duis mattis mattis felis, sit amet aliquam elit vulputate quis. Vestibulum odio lacus, viverra tempor gravida ac, tincidunt porttitor urna. Etiam laoreet, urna eu aliquet volutpat, odio tellus rhoncus diam, at fringilla quam dolor sit amet lorem. Donec dapibus est ut metus pretium sollicitudin. Morbi ut tellus ac diam posuere malesuada. Curabitur vitae nisl orci. Vestibulum lectus enim, feugiat nec blandit sit amet, dictum sed sapien. Duis placerat dictum est eget volutpat. Morbi in mauris at mauris fermentum varius non ac lacus. Nullam facilisis lacinia nulla, ut lacinia magna sodales quis. Suspendisse potenti. Suspendisse potenti. In ut diam tortor. Integer ac risus quis tortor molestie congue. In hac habitasse platea dictumst. Praesent bibendum tristique ligula, tincidunt accumsan leo cursus ut.",
  "title": "Document 4-3-2-4-4",
  "__meta": {
    "updateId": -1810182450,
    "cdate": 1501428307140,
    "cuser": "cn=Al Mass,o=DARWINO",
    "mdate": 1501428371150,
    "replicaId": "85257FB8005090FB",
    "changes": "aV4v",
    "muser": "cn=Al Mass,o=DARWINO",
    "seqId": 1
  }
}