{
  "firstname": "Byron",
  "comments": "<font size=\"2\" face=\"sans-serif\">The famous phone is expected to buy the green glass, claimed a cake</font><br />\r\n<font size=\"2\" face=\"sans-serif\">Last Monday evening the desk bought the municipal physicist, claimed a famous hat</font>",
  "homephone": "(161) 645-1406",
  "city": "Blacksburg",
  "sex": "M",
  "picture": "http://www.gravatar.com/avatar/b076fbbf398e4bed537acad68ec9d351?d=retro",
  "lastname": "Chapman",
  "__meta": {
    "updateId": -1810121450,
    "cdate": 1501428330390,
    "cuser": "cn=Al Mass,o=DARWINO",
    "mdate": 1501428432150,
    "replicaId": "85257FB8005090FB",
    "changes": "DgtM",
    "muser": "cn=Al Mass,o=DARWINO",
    "seqId": 2
  },
  "zipcode": "24060",
  "form": "Contact",
  "street": "453 Chapel Street",
  "firstcontact": "2012-05-25T22:18:51.000-05:00",
  "workphone": "(715) 123-1255",
  "mobilephone": "(478) 458-1109",
  "company": "Treequote",
  "state": "VA",
  "card": "<img src=\"$document-attachment/Card%7C%7Cinline-0.84.gif\" width=\"80\" height=\"80\" /><br />\r\n<font size=\"2\" face=\"sans-serif\"><b>Name</b></font><font size=\"2\" face=\"sans-serif\">: Byron Chapman</font><br />\r\n<font size=\"2\" face=\"sans-serif\"><b>EMail</b></font><font size=\"2\" face=\"sans-serif\">: bchapman@darwino.com</font><br />\r\n<font size=\"2\" face=\"sans-serif\"><b>Company</b></font><font size=\"2\" face=\"sans-serif\">: Treequote</font>",
  "email": "bchapman@darwino.com"
}