{
  "form": "CompanyDocument",
  "_parentid": "8B372198A19C04D78525816D0054B007",
  "document": "Aliquam consequat commodo augue. Nullam consectetur ultrices odio, eget malesuada lorem pretium vel. Morbi scelerisque felis non sem pellentesque sodales. Ut rutrum urna vel turpis dignissim aliquam. Nam accumsan, enim nec accumsan elementum, ipsum tellus porta felis, vel egestas tellus mi sodales lectus. Proin quis sem sem. Aenean laoreet enim non arcu pulvinar vel scelerisque lorem dapibus. Lorem ipsum dolor sit amet, consectetur adipiscing elit. Fusce eu luctus velit. Nulla in fringilla risus. Praesent sed dapibus ligula. Cras vulputate sagittis enim, vitae elementum sem consequat eget.",
  "title": "Document 5-3-1-1-2",
  "__meta": {
    "updateId": -1810201160,
    "cdate": 1501428300890,
    "cuser": "cn=Al Mass,o=DARWINO",
    "mdate": 1501428352440,
    "replicaId": "85257FB8005090FB",
    "changes": "zldT",
    "muser": "cn=Al Mass,o=DARWINO",
    "seqId": 1
  }
}