{
  "firstname": "Benjamin",
  "comments": "<font size=\"2\" face=\"sans-serif\">The fierce pear threatened the planet</font>",
  "homephone": "(875) 512-1657",
  "city": "Whitehall",
  "sex": "M",
  "picture": "http://www.gravatar.com/avatar/71a7ff2efd478657ba319dcf687213cd?d=retro",
  "lastname": "Conley",
  "__meta": {
    "updateId": -1810135730,
    "cdate": 1501428323250,
    "cuser": "cn=Al Mass,o=DARWINO",
    "mdate": 1501428417870,
    "replicaId": "85257FB8005090FB",
    "changes": "yohK",
    "muser": "cn=Al Mass,o=DARWINO",
    "seqId": 2
  },
  "zipcode": "18052",
  "form": "Contact",
  "street": "231 4th Street South",
  "firstcontact": "2013-06-14T19:30:19.000-05:00",
  "workphone": "(312) 203-1442",
  "mobilephone": "(578) 453-1709",
  "company": "Warephase",
  "state": "PA",
  "card": "<img src=\"$document-attachment/Card%7C%7Cinline-0.84.gif\" width=\"80\" height=\"80\" /><br />\r\n<font size=\"2\" face=\"sans-serif\"><b>Name</b></font><font size=\"2\" face=\"sans-serif\">: Benjamin Conley</font><br />\r\n<font size=\"2\" face=\"sans-serif\"><b>EMail</b></font><font size=\"2\" face=\"sans-serif\">: bconley@darwino.com</font><br />\r\n<font size=\"2\" face=\"sans-serif\"><b>Company</b></font><font size=\"2\" face=\"sans-serif\">: Warephase</font>",
  "email": "bconley@darwino.com"
}