{
  "form": "CompanyDocument",
  "_parentid": "789B6C772977154E8525816D0054B044",
  "document": "Etiam fringilla adipiscing enim, ut tempor ante posuere id. Quisque dolor purus, blandit nec tincidunt non, iaculis scelerisque purus. Morbi et purus dolor. Morbi vitae ante eu mi varius eleifend. Vivamus dictum leo ut nisi sagittis cursus. Sed ac tellus vitae massa vulputate mattis. Duis nibh lorem, eleifend et sollicitudin sed, dignissim at felis. Phasellus dignissim laoreet odio eu vulputate. Pellentesque sit amet mauris in turpis tincidunt fringilla ac quis dolor. Praesent enim enim, tincidunt id tincidunt eget, varius ut metus.\n\nCras semper volutpat odio, quis rutrum dolor mollis non. Nunc rhoncus metus eu libero dapibus porta. Class aptent taciti sociosqu ad litora torquent per conubia nostra, per inceptos himenaeos. Praesent venenatis diam pellentesque dui feugiat a venenatis dui sodales. Duis commodo erat sed mauris porta gravida. Vivamus sit amet erat a purus viverra dictum ac vel sem. Sed pulvinar ipsum a mauris luctus at malesuada urna iaculis. Aliquam pharetra eleifend enim, nec accumsan ligula feugiat sit amet. Nam sapien orci, iaculis ac tincidunt at, congue eu orci. Integer sed nulla vel odio ullamcorper fringilla. Integer eu sapien eu ligula ultrices euismod.",
  "title": "Document 1-3-2-2",
  "__meta": {
    "updateId": -1810199220,
    "cdate": 1501428301540,
    "cuser": "cn=Al Mass,o=DARWINO",
    "mdate": 1501428354380,
    "replicaId": "85257FB8005090FB",
    "changes": "QXSE",
    "muser": "cn=Al Mass,o=DARWINO",
    "seqId": 1
  }
}