{
  "form": "CompanyDocument",
  "_parentid": "35A2DB80827A42B08525816D0054AFFE",
  "document": "Vivamus pulvinar neque quis nibh volutpat vehicula. Suspendisse quam lectus, rutrum a suscipit vel, molestie at nisi. Quisque tempus elementum dui sed aliquet. Phasellus sagittis, lectus eget imperdiet tristique, turpis eros sagittis urna, ac volutpat massa nisl sit amet arcu. Ut leo elit, scelerisque sed venenatis in, tincidunt id lorem. In ultrices imperdiet diam sit amet tincidunt. Integer lorem metus, vulputate et tristique gravida, malesuada eget lorem. Donec fringilla adipiscing posuere. Etiam sit amet risus sed purus pretium volutpat vitae vel orci. Nunc commodo faucibus venenatis. Pellentesque dictum faucibus nisi, a venenatis lectus mattis at. Maecenas hendrerit commodo convallis. Fusce ac feugiat mi. Mauris euismod, lectus vel lobortis elementum, orci nibh sodales purus, eget laoreet augue neque ac arcu.",
  "title": "Document 5-1-3-4-3",
  "__meta": {
    "updateId": -1810201400,
    "cdate": 1501428300810,
    "cuser": "cn=Al Mass,o=DARWINO",
    "mdate": 1501428352200,
    "replicaId": "85257FB8005090FB",
    "changes": "LhmV",
    "muser": "cn=Al Mass,o=DARWINO",
    "seqId": 1
  }
}