{
  "form": "CompanyDocument",
  "_parentid": "E88210DEF9051F648525816D0054B718",
  "document": "Sed nec leo nec sem hendrerit dapibus vitae non dui. Nunc nec mattis nisi. Ut lobortis lobortis purus, eu interdum nibh pulvinar nec. Suspendisse volutpat nibh vitae orci tincidunt eget porttitor velit volutpat. Vivamus at massa libero, eget commodo purus. Nunc sed turpis purus. Pellentesque lobortis, massa aliquam semper imperdiet, mauris velit elementum nunc, ut dapibus tellus leo sed felis. Sed quis orci in diam rutrum venenatis ac et massa. Nulla facilisi. Mauris cursus pellentesque condimentum. Cras id odio quis ligula ornare rhoncus sed at leo. Fusce pellentesque egestas ligula, sed rutrum nulla mollis vitae. Suspendisse vel elit ut lorem venenatis facilisis ut vitae quam. Nunc at massa ligula, at ultrices quam. Vestibulum accumsan nulla in sem aliquet id suscipit augue dapibus.",
  "title": "Document 4-1-4-4-2",
  "__meta": {
    "updateId": -1810146990,
    "cdate": 1501428318980,
    "cuser": "cn=Al Mass,o=DARWINO",
    "mdate": 1501428406610,
    "replicaId": "85257FB8005090FB",
    "changes": "AFVx",
    "muser": "cn=Al Mass,o=DARWINO",
    "seqId": 1
  }
}