{
  "form": "CompanyDocument",
  "_parentid": "4B6A074EC75E11288525816D0054B0E0",
  "document": "Etiam sed sapien sapien, id varius tellus. Donec orci enim, porttitor ac tempor euismod, dictum ut sem. Donec at nisi lacus, in malesuada sapien. Duis egestas tempor laoreet. Donec consequat iaculis lectus quis eleifend. Morbi sagittis lacus non lectus volutpat sodales. Nunc lacinia varius tempor. Nunc diam diam, vulputate in feugiat vel, faucibus at lectus. Donec feugiat convallis est, in fermentum nunc iaculis in. Aliquam at leo enim, in semper mauris. Proin ultricies fermentum nunc eget lacinia. Integer condimentum fermentum mauris. Mauris vehicula, lacus eu gravida imperdiet, dui sapien dapibus tortor, eget feugiat mi arcu sit amet enim. Suspendisse potenti. Morbi urna quam, suscipit id adipiscing in, volutpat at turpis. In sagittis, sapien vitae sagittis scelerisque, nisl velit tincidunt urna, consequat tincidunt urna ligula at sem. In semper nisl nec massa gravida ac fringilla quam elementum.\n\nUt nec libero nec sem luctus ultricies. Donec quis nibh eget sapien aliquet fringilla sed porta libero. Donec varius mollis dui eu eleifend. Quisque mattis, eros venenatis aliquam sodales, nibh orci volutpat nunc, id laoreet purus risus ac risus. Vestibulum feugiat nunc nec diam dignissim ullamcorper. Pellentesque at tortor augue. Suspendisse consectetur massa id est vestibulum ultrices. Vivamus porttitor nibh non nibh tincidunt vitae placerat risus posuere. Donec commodo ante leo. Praesent convallis urna et sem fringilla dapibus. Morbi velit leo, facilisis eget adipiscing vel, pretium id enim. Aliquam hendrerit risus eget eros aliquam vitae laoreet magna aliquam. Nulla facilisi. Sed euismod risus at orci dictum tincidunt.",
  "title": "Document 3-3-1-3-3",
  "__meta": {
    "updateId": -1810194640,
    "cdate": 1501428303070,
    "cuser": "cn=Al Mass,o=DARWINO",
    "mdate": 1501428358960,
    "replicaId": "85257FB8005090FB",
    "changes": "wrkp",
    "muser": "cn=Al Mass,o=DARWINO",
    "seqId": 1
  }
}