{
  "form": "CompanyDocument",
  "_parentid": "0029019D77593FDE8525816D0054AB0F",
  "document": "Quisque sed nisl nibh. Maecenas condimentum est lacinia arcu sagittis mollis. Aliquam elementum volutpat turpis in varius. Praesent porttitor lectus ac metus ornare sollicitudin. Integer tellus eros, aliquam et consectetur at, varius vel elit. Curabitur tellus mi, fringilla et malesuada quis, dictum ac lorem. Praesent ultricies convallis fermentum. Aenean nulla est, mollis eu mattis a, ullamcorper venenatis risus. Nam accumsan gravida dui, quis aliquet purus dignissim eget. Aliquam vel erat sapien. Aliquam tincidunt sem tristique quam euismod fringilla scelerisque lacus gravida. Morbi dolor diam, tristique vel eleifend id, sodales at nisi. Proin vitae justo vitae orci venenatis vulputate. Pellentesque fermentum mollis libero non ornare. Cum sociis natoque penatibus et magnis dis parturient montes, nascetur ridiculus mus. Maecenas lacinia mauris vitae magna rutrum ac accumsan arcu condimentum.\n\nNulla purus ipsum, euismod semper malesuada et, bibendum vitae sem. Nam at purus sem. Nullam vel ultrices diam. Mauris ut enim id nulla lacinia aliquam. Mauris aliquam ipsum dapibus leo sollicitudin viverra. Vivamus velit arcu, tempor vel eleifend nec, malesuada sed turpis. Integer hendrerit tortor et nulla ullamcorper semper. Fusce lectus leo, posuere molestie sodales ut, ullamcorper et arcu. Quisque bibendum gravida mauris sit amet fermentum. Maecenas id lacus sapien. Morbi accumsan sodales rhoncus. Nulla id ipsum sed massa vehicula congue vel et dolor. Donec sapien risus, aliquet ac viverra vel, convallis in quam.\n\nAenean suscipit ipsum orci, vitae ullamcorper risus. Pellentesque habitant morbi tristique senectus et netus et malesuada fames ac turpis egestas. Maecenas et orci ut purus placerat pretium. Nullam iaculis eros eu augue ultricies nec varius eros fermentum. Quisque justo quam, mollis blandit ultrices sit amet, tempus in tellus. In et egestas tellus. Ut velit dui, egestas ut feugiat eget, fermentum ut dolor. Cras ut elementum dui. Duis augue velit, vulputate ut facilisis id, viverra cursus urna. Cras sapien dolor, elementum id suscipit id, gravida sit amet dui. Mauris ut sapien nec dui iaculis congue. Sed elit nisl, tristique vitae blandit nec, luctus vitae dui. Vestibulum et ultrices purus. Sed vestibulum consequat laoreet. Maecenas rutrum sollicitudin nulla vel porta.\n\nInteger orci turpis, ullamcorper non faucibus eu, cursus in sem. Sed volutpat est a libero tincidunt ut laoreet dolor rhoncus. Cras sed eleifend velit. Ut semper urna ac mauris ultricies sed luctus dolor varius. Maecenas tincidunt nibh felis, at pulvinar orci. Duis ac scelerisque leo. Nam luctus augue non massa accumsan bibendum. Suspendisse posuere tincidunt imperdiet. Mauris aliquam ullamcorper tincidunt. Cras ultrices placerat nibh, id pulvinar lorem molestie et. Pellentesque aliquam posuere leo, at rutrum lorem vulputate eget. Aliquam luctus tortor eu risus malesuada ac rutrum justo tempus. Cras nec dignissim dolor.",
  "title": "Document 1-2-3-1-2",
  "__meta": {
    "updateId": -1810239280,
    "cdate": 1501428288170,
    "cuser": "cn=Al Mass,o=DARWINO",
    "mdate": 1501428314320,
    "replicaId": "85257FB8005090FB",
    "changes": "irN9",
    "muser": "cn=Al Mass,o=DARWINO",
    "seqId": 1
  }
}