{
  "form": "CompanyDocument",
  "_parentid": "3CBBDFC060EB66B68525816D0054A900",
  "document": "Sed at odio id nunc venenatis mollis. Nunc nisi ipsum, ultrices ut bibendum vitae, tempus eu erat. Integer enim turpis, pulvinar ac vulputate at, tristique in lorem. Quisque bibendum suscipit neque. Nullam egestas facilisis placerat. Vivamus arcu arcu, euismod eget euismod malesuada, interdum eu elit. Curabitur lorem leo, sodales dapibus egestas nec, interdum eget odio. Aliquam erat volutpat. Quisque congue magna eu augue ornare cursus. Nulla ultricies, sem eget sodales porta, nunc eros tempus quam, ac rhoncus purus neque at nunc. Sed dolor lacus, vehicula sit amet venenatis at, sagittis quis nisi. Phasellus quam leo, rhoncus non facilisis ut, fringilla ac velit. Cum sociis natoque penatibus et magnis dis parturient montes, nascetur ridiculus mus. Sed semper, sem sed tempor vulputate, libero velit feugiat dolor, sodales bibendum sapien lacus non velit. Duis ante felis, gravida eu pellentesque in, semper quis mauris. Aliquam ullamcorper, ipsum vel convallis sagittis, dui arcu consequat est, in sodales velit leo sit amet mauris.\n\nCras id eros malesuada nunc vehicula dapibus. Mauris lobortis dolor sed tortor venenatis dapibus. Nulla at turpis non dui sodales bibendum. Fusce volutpat ligula eget diam tempus consequat. Praesent vehicula leo sit amet tellus feugiat vehicula. Nulla facilisi. Vivamus vulputate pellentesque velit et laoreet. Praesent velit est, suscipit in fringilla non, ultrices et sapien. Aenean id lorem dui, in malesuada dui. Etiam ullamcorper auctor egestas. Suspendisse ultrices urna nec dui blandit ultricies ullamcorper tortor sagittis. Etiam imperdiet velit nec lacus aliquam interdum. Cras sagittis arcu et risus blandit tristique varius ante auctor. Nunc auctor eros vitae nulla imperdiet vulputate. Suspendisse pretium erat augue.\n\nDonec hendrerit, est a hendrerit cursus, lacus felis placerat est, consequat tempor odio dolor vel risus. Curabitur erat orci, tincidunt et pretium eu, sagittis eu dui. Fusce sit amet libero in justo tincidunt fringilla quis non nulla. Mauris accumsan erat ut velit gravida consequat. Praesent mauris leo, iaculis non cursus vel, eleifend vestibulum diam. Nunc eget leo ut erat varius porttitor id ac risus. Praesent pharetra consectetur libero a porta. Duis semper vestibulum lectus. Donec vestibulum vestibulum dictum. Quisque eget diam nibh. Praesent orci sapien, dapibus sed scelerisque at, accumsan eget ipsum. Suspendisse non fringilla enim. Duis sed urna quis velit tristique hendrerit. Maecenas volutpat tristique bibendum. Vestibulum condimentum erat tristique ante interdum vehicula. Nullam id odio nisi, vitae mollis urna. Donec molestie vulputate odio, eget imperdiet augue euismod vel. Suspendisse potenti. Integer auctor, lacus id pulvinar tristique, justo nibh convallis risus, et adipiscing odio erat eget eros. Proin blandit feugiat tempus.",
  "title": "Document 1-2-3-1-1",
  "__meta": {
    "updateId": -1810255090,
    "cdate": 1501428282890,
    "cuser": "cn=Al Mass,o=DARWINO",
    "mdate": 1501428298510,
    "replicaId": "85257FB8005090FB",
    "changes": "eMAo",
    "muser": "cn=Al Mass,o=DARWINO",
    "seqId": 1
  }
}