{
  "form": "CompanyDocument",
  "_parentid": "D380739ADEB9AC1C8525816D0054B2D0",
  "document": "Etiam cursus egestas tortor, sed pharetra ligula fringilla id. Praesent varius adipiscing placerat. Donec leo orci, porta in ornare sit amet, fermentum id nulla. Nam magna sapien, bibendum a ultrices sed, vestibulum in augue. Pellentesque ut lorem vitae ante malesuada consequat et eu nisl. Aliquam aliquam hendrerit erat ac interdum. Maecenas dui nisi, eleifend eu pellentesque eget, ullamcorper at ipsum. Donec vel volutpat nisl. Nulla aliquet est vel eros iaculis ut rhoncus ante accumsan. Etiam tellus orci, placerat ac auctor sit amet, mattis eu elit.\n\nCurabitur sit amet turpis at odio aliquam sollicitudin. Maecenas ac urna diam, sit amet sollicitudin orci. Maecenas quis porttitor nisi. Etiam sit amet ante diam, vel ullamcorper est. Nulla facilisi. Maecenas eu tellus magna, at blandit massa. Mauris interdum rutrum tellus id rutrum. Pellentesque vitae tortor at odio fringilla fermentum vel sit amet lorem. Cum sociis natoque penatibus et magnis dis parturient montes, nascetur ridiculus mus. Aliquam nec eleifend ligula. In tortor sapien, tincidunt et accumsan a, blandit a sem. Nullam pharetra consequat justo, sed faucibus libero dictum id. Praesent et nibh eget eros scelerisque sagittis quis ac sem. Vestibulum posuere vehicula augue. Ut id tempor risus. Praesent vestibulum, lacus sit amet facilisis tristique, odio nisi auctor ipsum, in facilisis sapien nisl ac dui.",
  "title": "Document 2-2-1-2-1",
  "__meta": {
    "updateId": -1810179850,
    "cdate": 1501428308010,
    "cuser": "cn=Al Mass,o=DARWINO",
    "mdate": 1501428373750,
    "replicaId": "85257FB8005090FB",
    "changes": "tPbg",
    "muser": "cn=Al Mass,o=DARWINO",
    "seqId": 1
  }
}