{
  "form": "CompanyDocument",
  "_parentid": "8B75950A5109393B8525816D0054A9F0",
  "document": "In hac habitasse platea dictumst. Donec ornare rutrum augue, sed pretium felis sodales at. Etiam quam arcu, malesuada vitae auctor et, laoreet ac mauris. Cras lorem nulla, dignissim ac varius nec, mollis vel nunc. Cras hendrerit massa eget quam pharetra eget tincidunt ipsum pharetra. Donec sed pulvinar felis. Suspendisse eget nisi velit. Pellentesque ultrices, nisi ac consectetur dictum, ipsum tellus varius eros, ultricies fringilla ligula risus vel nulla. Lorem ipsum dolor sit amet, consectetur adipiscing elit. Etiam tempus gravida imperdiet. Vestibulum aliquet sem eget metus euismod sodales. Curabitur sit amet arcu eu mauris vulputate feugiat. Sed elit lorem, iaculis vel rhoncus sagittis, convallis sit amet turpis. Praesent tincidunt urna ut quam sodales interdum sed ac enim. Cras urna velit, ullamcorper vitae eleifend a, tempus non sapien. Praesent tempor luctus magna at vehicula.\n\nSuspendisse egestas est sodales lectus facilisis eget egestas felis sollicitudin. Maecenas lorem dolor, dictum et placerat mattis, ultricies in urna. Morbi vulputate metus non nunc congue iaculis. Proin dictum facilisis tellus, vel sagittis nisl interdum et. Morbi sit amet mauris leo, sit amet imperdiet dui. Donec lacinia interdum arcu et faucibus. Quisque congue mollis velit, vel sollicitudin purus lacinia ac. Vestibulum vehicula lorem nec urna gravida ac eleifend mi placerat. Nullam ac ligula eu ligula lobortis tempor non at elit. Aliquam scelerisque, ipsum quis sollicitudin facilisis, odio quam fermentum ipsum, sit amet cursus dui enim vitae neque. Vivamus turpis diam, interdum id ornare ut, mollis quis velit. Vivamus eros eros, accumsan at consequat eu, auctor tristique diam. Mauris vitae turpis eget ipsum pulvinar sagittis. Nunc suscipit commodo purus, eget consectetur odio dapibus non. Fusce nec viverra nunc. In fermentum magna in augue gravida nec tempus arcu convallis.",
  "title": "Document 4-2-1-2-2",
  "__meta": {
    "updateId": -1810247870,
    "cdate": 1501428285300,
    "cuser": "cn=Al Mass,o=DARWINO",
    "mdate": 1501428305730,
    "replicaId": "85257FB8005090FB",
    "changes": "1El4",
    "muser": "cn=Al Mass,o=DARWINO",
    "seqId": 1
  }
}