{
  "form": "CompanyDocument",
  "_parentid": "1259A155DA29DE2D8525816D0054A9D1",
  "document": "Aliquam erat volutpat. Morbi faucibus pulvinar ullamcorper. Mauris a arcu elit. Vivamus et tincidunt nunc. Vestibulum sagittis, eros sit amet facilisis rhoncus, lacus risus tincidunt lectus, nec molestie dui augue non lacus. Maecenas commodo tincidunt ornare. Pellentesque quis justo diam, vel ultricies tortor. Fusce lobortis eleifend diam, nec porta eros elementum in. Suspendisse mollis suscipit mattis. Fusce aliquam, nisi et egestas fermentum, elit ligula hendrerit libero, eu tincidunt est elit a lorem. Fusce volutpat urna vitae mauris fermentum aliquam. Donec eu ipsum sem. Cras neque ante, porta quis euismod quis, viverra id augue.\n\nNunc egestas rutrum nisi, at consectetur lectus aliquet eget. Duis ultricies ligula mauris, nec eleifend tortor. In tincidunt fringilla tortor, nec gravida urna dictum nec. Maecenas molestie feugiat sem at volutpat. Nulla nec urna a justo mollis laoreet. Morbi id volutpat urna. Pellentesque rutrum convallis quam, nec tincidunt felis cursus eu. Donec iaculis, eros ut gravida dapibus, elit ipsum eleifend elit, et tempus odio nunc at risus. Sed eget est augue, vel pharetra erat. Morbi accumsan ante eget eros scelerisque at tempus mi congue. Quisque vulputate faucibus urna sit amet feugiat. Nulla nibh urna, vulputate vel viverra sit amet, placerat id lacus. Pellentesque luctus pretium est, vitae aliquet urna varius id. Fusce bibendum pharetra tellus non dictum. Donec ornare justo et eros consectetur porttitor. Ut ac tellus ut diam pulvinar mollis. Nunc id odio id nibh pretium vehicula. Sed arcu libero, tincidunt id pulvinar a, accumsan non odio.\n\nVivamus facilisis tincidunt euismod. Pellentesque vehicula pellentesque accumsan. Maecenas vitae metus elit, gravida tincidunt nibh. Suspendisse vel odio mollis quam posuere interdum. Nulla fringilla eros quis justo vulputate elementum mollis leo mollis. Nulla sapien urna, euismod id elementum vel, bibendum vitae diam. Ut in mauris massa. Sed pulvinar libero et elit lobortis ultricies. Donec venenatis tortor id dui vestibulum pharetra mollis id arcu. Aenean vulputate, ante id laoreet tristique, mauris orci tempus ante, eget luctus tortor erat eget justo. Quisque accumsan euismod laoreet. Aenean sed eros odio.\n\nSed et tellus ut velit tristique malesuada. Aliquam quis leo ligula. Morbi mattis dolor eu ipsum vestibulum hendrerit hendrerit risus consectetur. Sed in metus felis, non faucibus turpis. Class aptent taciti sociosqu ad litora torquent per conubia nostra, per inceptos himenaeos. Integer a justo id enim ullamcorper cursus in sed purus. Integer porta blandit consectetur. Aliquam et lorem quis nisl gravida ultrices. Ut cursus mattis est at tincidunt. Aenean ut tincidunt leo. Morbi pretium eleifend massa vel convallis. Nullam tortor lacus, sollicitudin vitae sagittis vel, interdum vitae erat. Praesent auctor erat ut neque fermentum ac dictum purus vulputate. Praesent accumsan neque est. Maecenas viverra turpis et justo volutpat sodales.",
  "title": "Document 2-1-2-2-2",
  "__meta": {
    "updateId": -1810248800,
    "cdate": 1501428284990,
    "cuser": "cn=Al Mass,o=DARWINO",
    "mdate": 1501428304800,
    "replicaId": "85257FB8005090FB",
    "changes": "Uxs8",
    "muser": "cn=Al Mass,o=DARWINO",
    "seqId": 1
  }
}