{
  "form": "CompanyDocument",
  "_parentid": "C59BED0136B327AF8525816D0054B327",
  "document": "Duis pulvinar mi at metus venenatis ac sodales nibh sollicitudin. Fusce varius dictum velit, porttitor posuere dui facilisis ut. Suspendisse fringilla lacinia purus non bibendum. Sed hendrerit eleifend ipsum sit amet scelerisque. Phasellus pellentesque leo vitae ante mattis fermentum. Morbi in elit a risus accumsan tempus. Mauris sagittis metus a ligula porta placerat. Etiam vulputate venenatis lacus, vitae mollis ipsum sollicitudin eget. Maecenas sit amet magna nunc. Sed fringilla ornare ullamcorper. Donec id lectus nulla. Quisque dolor dui, tincidunt at auctor a, tempor sit amet dolor. Nulla risus diam, feugiat eget porta vel, blandit eu nibh.\n\nSed suscipit ipsum eu nibh vehicula placerat sed nec massa. Aenean tortor mi, tristique non fringilla nec, sodales nec mauris. Nulla ac tempor est. Curabitur non orci a purus tempus rhoncus. Sed laoreet placerat turpis et scelerisque. Mauris posuere imperdiet metus, et tempus ipsum pharetra ac. Sed faucibus mi quis ante cursus a malesuada augue pulvinar. Pellentesque bibendum lacus eu turpis lacinia faucibus. Mauris porttitor commodo congue. Sed elit massa, vestibulum sit amet feugiat a, dictum at lectus. Vestibulum sem turpis, interdum quis consectetur ullamcorper, euismod sed odio. Suspendisse congue justo in dui mollis fringilla. Suspendisse lacinia nunc a sapien elementum congue. Class aptent taciti sociosqu ad litora torquent per conubia nostra, per inceptos himenaeos. Pellentesque orci dolor, accumsan sed vehicula commodo, lacinia ac turpis. Proin luctus lorem vel sapien iaculis luctus.\n\nMaecenas consectetur iaculis faucibus. Etiam ipsum nisl, aliquet et vestibulum in, aliquet et quam. Cras fringilla tortor vel lectus convallis ornare. Etiam nisi ante, elementum in hendrerit ac, tristique eget purus. Suspendisse aliquam, nibh non venenatis pulvinar, odio lectus dapibus ipsum, a porta velit ante ac tortor. Sed cursus dapibus lacus ac posuere. Sed nisl enim, mattis ac tincidunt sodales, faucibus egestas dui. Donec placerat venenatis nisi nec semper. Fusce vel leo mauris, in rutrum enim. Cras eget adipiscing dui. Ut malesuada lacinia dictum. Sed porttitor massa eu metus ullamcorper vitae imperdiet sapien volutpat. Aliquam ut elit odio, a hendrerit nunc. Mauris aliquet volutpat mattis. Sed ante quam, venenatis vitae placerat ut, sodales ac eros. Suspendisse leo nulla, feugiat tincidunt faucibus a, porttitor in nulla. Donec erat sem, egestas feugiat consectetur vel, fermentum eget justo.",
  "title": "Document 5-1-1-2-2",
  "__meta": {
    "updateId": -1810177210,
    "cdate": 1501428308890,
    "cuser": "cn=Al Mass,o=DARWINO",
    "mdate": 1501428376390,
    "replicaId": "85257FB8005090FB",
    "changes": "5z_T",
    "muser": "cn=Al Mass,o=DARWINO",
    "seqId": 1
  }
}