{
  "firstname": "Jon",
  "comments": "<font size=\"2\" face=\"sans-serif\">The solid soup accused the hat, said the golden car</font><br />\r\n<font size=\"2\" face=\"sans-serif\">A terminal is expected to sell the famous pencil</font><br />\r\n<font size=\"2\" face=\"sans-serif\">The municipal slipper warned the red cup</font><br />\r\n<font size=\"2\" face=\"sans-serif\">Last Monday evening a cowardly spoon was seen in the company of the convenient mouse</font><br />\r\n<font size=\"2\" face=\"sans-serif\">A tangerine is now investing on the famous star</font>",
  "homephone": "(955) 515-1266",
  "city": "Plainview",
  "sex": "M",
  "picture": "http://www.gravatar.com/avatar/874541bb93ed3bc8bc91bf81eed3f861?d=retro",
  "lastname": "Patton",
  "__meta": {
    "updateId": -1810129170,
    "cdate": 1501428326530,
    "cuser": "cn=Al Mass,o=DARWINO",
    "mdate": 1501428424430,
    "replicaId": "85257FB8005090FB",
    "changes": "GXFv",
    "muser": "cn=Al Mass,o=DARWINO",
    "seqId": 2
  },
  "zipcode": "11803",
  "form": "Contact",
  "street": "261 Oxford Court",
  "firstcontact": "2013-05-11T16:34:38.000-05:00",
  "workphone": "(327) 694-1834",
  "mobilephone": "(775) 234-1329",
  "company": "Newex",
  "state": "NY",
  "card": "<img src=\"$document-attachment/Card%7C%7Cinline-0.84.gif\" width=\"80\" height=\"80\" /><br />\r\n<font size=\"2\" face=\"sans-serif\"><b>Name</b></font><font size=\"2\" face=\"sans-serif\">: Jon Patton</font><br />\r\n<font size=\"2\" face=\"sans-serif\"><b>EMail</b></font><font size=\"2\" face=\"sans-serif\">: jpatton@darwino.com</font><br />\r\n<font size=\"2\" face=\"sans-serif\"><b>Company</b></font><font size=\"2\" face=\"sans-serif\">: Newex</font>",
  "email": "jpatton@darwino.com"
}