{
  "firstname": "Lester",
  "comments": "<font size=\"2\" face=\"sans-serif\">A fierce bottle was seen in the company of the shoe</font><br />\r\n<font size=\"2\" face=\"sans-serif\">A yellow treehouse will work together with a star</font>",
  "homephone": "(249) 433-1129",
  "city": "Westport",
  "sex": "M",
  "picture": "http://www.gravatar.com/avatar/5a1e8177fc7adda162b11c29d230197e?d=retro",
  "lastname": "Randolph",
  "__meta": {
    "updateId": -1810133010,
    "cdate": 1501428324610,
    "cuser": "cn=Al Mass,o=DARWINO",
    "mdate": 1501428420590,
    "replicaId": "85257FB8005090FB",
    "changes": "lfpV",
    "muser": "cn=Al Mass,o=DARWINO",
    "seqId": 2
  },
  "zipcode": "06880",
  "form": "Contact",
  "street": "355 Glenwood Drive",
  "firstcontact": "2012-01-07T03:52:46.000-05:00",
  "workphone": "(494) 186-1049",
  "mobilephone": "(111) 846-1712",
  "company": "Dalttechnology",
  "state": "CT",
  "card": "<img src=\"$document-attachment/Card%7C%7Cinline-0.84.gif\" width=\"80\" height=\"80\" /><br />\r\n<font size=\"2\" face=\"sans-serif\"><b>Name</b></font><font size=\"2\" face=\"sans-serif\">: Lester Randolph</font><br />\r\n<font size=\"2\" face=\"sans-serif\"><b>EMail</b></font><font size=\"2\" face=\"sans-serif\">: lrandolph@darwino.com</font><br />\r\n<font size=\"2\" face=\"sans-serif\"><b>Company</b></font><font size=\"2\" face=\"sans-serif\">: Dalttechnology</font>",
  "email": "lrandolph@darwino.com"
}