{
  "form": "CompanyDocument",
  "_parentid": "01368861E3AC54658525816D0054B134",
  "document": "Mauris et ipsum magna. Proin fermentum elementum neque, a pretium leo sollicitudin et. Etiam id velit odio. Aenean tincidunt, neque in feugiat ornare, metus arcu lobortis est, scelerisque lacinia mi erat eget est. Suspendisse aliquet mollis scelerisque. Duis pretium pellentesque molestie. Vivamus vel massa ut lacus consequat vehicula sit amet at lacus. Aenean eleifend metus lectus. Sed venenatis placerat elit, eget molestie nisl vulputate nec. Nullam suscipit, felis id ornare gravida, arcu velit aliquam ante, auctor vestibulum neque lorem eu mi. Nulla gravida elementum lacus, sit amet ullamcorper mauris tincidunt a. Morbi nec ultrices velit. Curabitur nec odio nisl, eget pretium turpis.\n\nProin vel lorem et eros auctor congue. Etiam et nisi bibendum nibh rhoncus blandit ullamcorper ac turpis. In hac habitasse platea dictumst. In ultrices rutrum accumsan. Suspendisse rutrum laoreet est, quis gravida eros dignissim vitae. Pellentesque tempus metus eget felis venenatis viverra. Curabitur egestas, tellus in lobortis scelerisque, nibh nisl congue tortor, eget pretium eros turpis at neque. Phasellus facilisis velit id libero mollis congue et eget orci. Aliquam odio nisl, tincidunt sed suscipit quis, pretium condimentum dui. Morbi non mattis elit. Nunc rhoncus dolor et urna scelerisque aliquam. Aenean sit amet malesuada ante. Donec scelerisque, est porttitor ullamcorper pellentesque, ligula augue imperdiet nisl, ut convallis nunc libero placerat felis. Etiam non sem ac enim consectetur congue sit amet sed leo. Donec laoreet odio id ante ultrices eu pretium odio aliquet. Donec in nisl interdum turpis mattis rhoncus in tincidunt arcu. Vivamus sit amet metus justo, vitae ornare nunc. Vivamus nulla nulla, sagittis quis porttitor cursus, convallis nec dui.",
  "title": "Document 1-3-3-1-3",
  "__meta": {
    "updateId": -1810192130,
    "cdate": 1501428303910,
    "cuser": "cn=Al Mass,o=DARWINO",
    "mdate": 1501428361470,
    "replicaId": "85257FB8005090FB",
    "changes": "yWxp",
    "muser": "cn=Al Mass,o=DARWINO",
    "seqId": 1
  }
}