{
  "form": "CompanyDocument",
  "_parentid": "F7EAB57981C968138525816D0054ADCC",
  "document": "Praesent vel nunc libero, ac porta enim. Donec laoreet felis vitae metus feugiat quis iaculis mauris molestie. Cras sit amet risus leo. Sed vel volutpat nisi. Nullam fermentum feugiat tortor eget ornare. Nam consequat condimentum eros, et ullamcorper augue porttitor ullamcorper. Mauris eleifend sollicitudin diam non vestibulum. Cras consectetur auctor suscipit. Integer ullamcorper ligula quis est luctus eget tincidunt ante vulputate. Vestibulum eget dui sed ipsum mattis viverra. Vestibulum volutpat sapien sit amet purus iaculis id varius ante fermentum. Donec at nulla sit amet ipsum porttitor dignissim ut pretium sem. Suspendisse potenti. Cras id erat est, id malesuada arcu. Nullam lacinia, augue ac varius pellentesque, neque mauris elementum nisl, ut rutrum dui felis vitae sapien. Maecenas tincidunt lorem vitae mi eleifend sollicitudin. Fusce eu ornare sapien.\n\nSed eu mauris et lorem rutrum convallis. Fusce imperdiet felis vitae quam tempus sollicitudin. Sed vestibulum dolor ut massa luctus luctus. Integer sit amet ullamcorper nunc. Cum sociis natoque penatibus et magnis dis parturient montes, nascetur ridiculus mus. Proin rutrum sodales sapien, nec placerat libero imperdiet nec. Curabitur commodo nisl at turpis iaculis rutrum. Praesent non odio justo, nec accumsan felis. Donec nisl mi, luctus tristique viverra eu, rhoncus in eros. Vivamus ut tincidunt odio. Aenean a egestas lectus. Pellentesque volutpat placerat nunc, in aliquam quam fringilla nec. Nullam accumsan dictum ipsum, ut adipiscing massa elementum volutpat. Aliquam vel purus ligula, vel faucibus tellus. Donec id tortor nibh. Cras faucibus suscipit mauris. Integer a lacus et nunc euismod consectetur nec a lectus. Sed ornare semper ornare.\n\nCurabitur sit amet turpis at odio aliquam sollicitudin. Maecenas ac urna diam, sit amet sollicitudin orci. Maecenas quis porttitor nisi. Etiam sit amet ante diam, vel ullamcorper est. Nulla facilisi. Maecenas eu tellus magna, at blandit massa. Mauris interdum rutrum tellus id rutrum. Pellentesque vitae tortor at odio fringilla fermentum vel sit amet lorem. Cum sociis natoque penatibus et magnis dis parturient montes, nascetur ridiculus mus. Aliquam nec eleifend ligula. In tortor sapien, tincidunt et accumsan a, blandit a sem. Nullam pharetra consequat justo, sed faucibus libero dictum id. Praesent et nibh eget eros scelerisque sagittis quis ac sem. Vestibulum posuere vehicula augue. Ut id tempor risus. Praesent vestibulum, lacus sit amet facilisis tristique, odio nisi auctor ipsum, in facilisis sapien nisl ac dui.",
  "title": "Document 5-2-1",
  "__meta": {
    "updateId": -1810218300,
    "cdate": 1501428295170,
    "cuser": "cn=Al Mass,o=DARWINO",
    "mdate": 1501428335300,
    "replicaId": "85257FB8005090FB",
    "changes": "wItF",
    "muser": "cn=Al Mass,o=DARWINO",
    "seqId": 1
  }
}