{
  "form": "CompanyDocument",
  "_parentid": "DC070355BCE6DA148525816D0054B67F",
  "document": "Aliquam nunc augue, blandit vel volutpat sit amet, auctor sit amet nibh. Sed nec neque ac odio mattis ultrices sit amet sit amet ante. Nam id rutrum turpis. Pellentesque habitant morbi tristique senectus et netus et malesuada fames ac turpis egestas. Integer non nunc sit amet est sollicitudin sagittis lobortis id nulla. Praesent lacus ligula, hendrerit sit amet fringilla id, placerat vitae sapien. Duis vulputate eleifend lacus at accumsan. Aliquam et felis sodales tortor bibendum faucibus. Phasellus varius neque sit amet est fringilla commodo. Suspendisse eget pharetra sem. Nam eu leo quis tortor tincidunt mollis.\n\nSed et nibh elit, in vestibulum mi. Etiam viverra, ipsum nec rhoncus convallis, massa nisl fermentum felis, id bibendum neque augue in arcu. Vivamus vel enim sem. Ut pharetra felis sed eros venenatis eu facilisis nisi mattis. Cras sed arcu risus, quis dictum libero. Quisque imperdiet luctus est nec vestibulum. Vestibulum interdum, tortor et sodales pretium, augue nunc vehicula nibh, ac dictum sem neque quis sem. Duis arcu metus, pellentesque et molestie vel, viverra in orci. Nulla libero ante, pulvinar a pretium id, pharetra a enim. Nullam id libero gravida nibh gravida faucibus eget et nulla. Phasellus quis dolor risus.",
  "title": "Document 1-2-2-1-3",
  "__meta": {
    "updateId": -1810151550,
    "cdate": 1501428317460,
    "cuser": "cn=Al Mass,o=DARWINO",
    "mdate": 1501428402050,
    "replicaId": "85257FB8005090FB",
    "changes": "eiNI",
    "muser": "cn=Al Mass,o=DARWINO",
    "seqId": 1
  }
}