{
  "form": "CompanyDocument",
  "_parentid": "46098EA2177B8D4C8525816D0054B1F6",
  "document": "Nulla eget felis ac sapien ornare tincidunt in at metus. Maecenas fringilla aliquet est, a volutpat tellus interdum ac. Etiam vel commodo dui. Phasellus ultricies tellus quis libero condimentum quis pulvinar nunc facilisis. Praesent purus magna, ultrices nec eleifend porta, dignissim non ligula. Nullam posuere metus vitae nunc sollicitudin imperdiet. Pellentesque consectetur ligula vitae metus bibendum quis rutrum mauris eleifend. Mauris quam dolor, imperdiet id porta quis, porttitor id nulla. Nulla tempor, mi sit amet ullamcorper vestibulum, orci tellus tincidunt nunc, ac tincidunt risus augue rhoncus justo. Lorem ipsum dolor sit amet, consectetur adipiscing elit.",
  "title": "Document 5-2-1",
  "__meta": {
    "updateId": -1810186370,
    "cdate": 1501428305830,
    "cuser": "cn=Al Mass,o=DARWINO",
    "mdate": 1501428367230,
    "replicaId": "85257FB8005090FB",
    "changes": "IJze",
    "muser": "cn=Al Mass,o=DARWINO",
    "seqId": 1
  }
}