{
  "form": "CompanyDocument",
  "_parentid": "0ACD64F48C4A1FA18525816D0054B6F3",
  "document": "Nulla purus ipsum, euismod semper malesuada et, bibendum vitae sem. Nam at purus sem. Nullam vel ultrices diam. Mauris ut enim id nulla lacinia aliquam. Mauris aliquam ipsum dapibus leo sollicitudin viverra. Vivamus velit arcu, tempor vel eleifend nec, malesuada sed turpis. Integer hendrerit tortor et nulla ullamcorper semper. Fusce lectus leo, posuere molestie sodales ut, ullamcorper et arcu. Quisque bibendum gravida mauris sit amet fermentum. Maecenas id lacus sapien. Morbi accumsan sodales rhoncus. Nulla id ipsum sed massa vehicula congue vel et dolor. Donec sapien risus, aliquet ac viverra vel, convallis in quam.\n\nAliquam erat volutpat. Vivamus et massa a orci dictum placerat. Integer turpis purus, elementum non pulvinar non, pellentesque vitae est. Sed nisi orci, fermentum in pellentesque non, pellentesque vitae orci. Sed turpis ipsum, rhoncus bibendum pulvinar iaculis, lacinia ac orci. Integer aliquam lacinia justo vulputate sollicitudin. Etiam accumsan, nunc a tempor imperdiet, mi urna congue magna, lobortis lobortis odio ligula eu dui. Nullam in justo et purus pellentesque congue. Nam id tortor eget tortor fringilla dapibus. Aenean quis ornare mi. Cras lorem ante, feugiat sit amet venenatis sed, consequat in enim. Integer tempor tellus quis neque tristique eget convallis nisl sollicitudin. Mauris justo urna, scelerisque in lacinia non, bibendum non enim.\n\nInteger orci turpis, ullamcorper non faucibus eu, cursus in sem. Sed volutpat est a libero tincidunt ut laoreet dolor rhoncus. Cras sed eleifend velit. Ut semper urna ac mauris ultricies sed luctus dolor varius. Maecenas tincidunt nibh felis, at pulvinar orci. Duis ac scelerisque leo. Nam luctus augue non massa accumsan bibendum. Suspendisse posuere tincidunt imperdiet. Mauris aliquam ullamcorper tincidunt. Cras ultrices placerat nibh, id pulvinar lorem molestie et. Pellentesque aliquam posuere leo, at rutrum lorem vulputate eget. Aliquam luctus tortor eu risus malesuada ac rutrum justo tempus. Cras nec dignissim dolor.",
  "title": "Document 3-4-2-2-1",
  "__meta": {
    "updateId": -1810148130,
    "cdate": 1501428318600,
    "cuser": "cn=Al Mass,o=DARWINO",
    "mdate": 1501428405470,
    "replicaId": "85257FB8005090FB",
    "changes": "Vzpp",
    "muser": "cn=Al Mass,o=DARWINO",
    "seqId": 1
  }
}