{
  "form": "CompanyDocument",
  "_parentid": "881F1A49ED1FB7C98525816D0054B37D",
  "document": "Maecenas ac mi nulla, ac condimentum tellus. Vivamus turpis turpis, lacinia eu dictum nec, iaculis et purus. Quisque eu vestibulum mi. Morbi sed nisi sapien, vel tempus odio. Ut vitae lacinia velit. Pellentesque eros ante, imperdiet nec mollis vel, aliquam quis velit. Pellentesque quam nibh, feugiat non sollicitudin a, tristique ut nunc. Ut semper aliquam dolor, vel venenatis lectus cursus et. Proin malesuada laoreet tellus, vitae congue lorem suscipit et. In pharetra dignissim aliquet. Fusce pharetra placerat enim, sit amet bibendum quam mollis at. Aliquam nec adipiscing odio. Aenean eget purus lorem, a pulvinar lorem. Cras at tempor tortor. Morbi augue nunc, egestas in semper vel, fermentum tincidunt eros.\n\nDonec nibh urna, sollicitudin vel dapibus non, tincidunt vitae justo. Praesent scelerisque viverra aliquet. Nam vel nunc elit. Etiam pharetra blandit dapibus. Fusce dictum cursus congue. In eget massa mauris. Morbi eget porta lacus. Maecenas ac commodo nulla. Vestibulum massa est, faucibus nec accumsan ac, posuere quis nisi. Cum sociis natoque penatibus et magnis dis parturient montes, nascetur ridiculus mus. Mauris feugiat convallis arcu. Duis lectus velit, ullamcorper at commodo eu, lobortis a leo. Praesent quis augue arcu, ut cursus urna. Vestibulum suscipit, nisl vel tempor fringilla, dui tellus aliquet lorem, in ultrices neque orci mattis tellus. Pellentesque gravida scelerisque tincidunt. Maecenas nec ligula eu tortor auctor tincidunt quis non nibh. Phasellus ut arcu vitae felis accumsan facilisis.\n\nLorem ipsum dolor sit amet, consectetur adipiscing elit. Aenean iaculis adipiscing nunc, sit amet aliquam massa lobortis placerat. Aenean rhoncus, enim nec cursus sollicitudin, nibh nisi molestie mi, non dignissim magna est eu metus. Duis eget mauris sit amet felis semper semper eu at nisi. Aliquam eget nunc ut purus gravida iaculis sit amet sit amet ante. Proin iaculis nunc quis leo scelerisque eget mattis quam pharetra. Fusce turpis metus, ultricies in iaculis eu, viverra eu urna. Nullam suscipit, lacus vitae volutpat porta, felis turpis tincidunt diam, a elementum erat dui vitae eros. Morbi aliquam vestibulum erat, aliquet semper nulla venenatis at. Curabitur dapibus pharetra turpis quis congue. Cras sit amet mi lacus. Morbi consequat iaculis ipsum, et elementum ipsum posuere vel. Curabitur neque velit, pellentesque eget fringilla a, dictum nec purus. Vestibulum mollis velit at ipsum pulvinar vel ultrices velit commodo. Duis quis lacus sit amet risus porta posuere. Phasellus commodo aliquam auctor.",
  "title": "Document 1-1-2-3-1",
  "__meta": {
    "updateId": -1810174670,
    "cdate": 1501428309740,
    "cuser": "cn=Al Mass,o=DARWINO",
    "mdate": 1501428378930,
    "replicaId": "85257FB8005090FB",
    "changes": "qlAB",
    "muser": "cn=Al Mass,o=DARWINO",
    "seqId": 1
  }
}