{
  "form": "CompanyDocument",
  "_parentid": "BB9E6A8173CC52658525816D0054B03A",
  "document": "Nunc id eros sit amet nibh interdum commodo. In hac habitasse platea dictumst. Aliquam eget dapibus nisl. Quisque nec nisl eu ante rutrum malesuada. In in justo ac ipsum congue condimentum. Duis dignissim mi lectus, vel pharetra purus. Donec quis nunc sapien. Integer in orci sapien, non porta nisi. Vestibulum consectetur aliquet dolor et suscipit. Curabitur blandit felis sit amet lorem malesuada non luctus diam iaculis. In eu dolor velit, non iaculis tortor. Donec gravida turpis id enim tempor eleifend.\n\nVestibulum vehicula molestie erat, non dictum orci consectetur aliquam. Vestibulum tincidunt accumsan molestie. Praesent vehicula scelerisque interdum. Sed tristique turpis eu leo ornare vitae feugiat turpis tempor. Duis varius pellentesque rhoncus. Proin ullamcorper aliquam dolor in volutpat. Proin tincidunt adipiscing orci, eu facilisis dui mollis vitae. Suspendisse nisl turpis, fermentum ut scelerisque eget, lacinia ut lectus. Aliquam erat volutpat. Maecenas porttitor rutrum dolor sit amet blandit. Pellentesque ultrices bibendum massa, id sodales velit tempus eget. Vestibulum ante ipsum primis in faucibus orci luctus et ultrices posuere cubilia Curae; Donec vel nibh sapien, id lobortis augue. Nam vel ante posuere dui rhoncus mattis in ac odio. Proin imperdiet erat at urna vestibulum id ornare nisi ornare. Nunc sapien magna, feugiat at elementum congue, ornare vel massa. Duis a rhoncus magna. Pellentesque ornare, libero non egestas faucibus, sem ligula commodo elit, id lobortis dolor quam ut sapien.\n\nPellentesque habitant morbi tristique senectus et netus et malesuada fames ac turpis egestas. Aenean mauris ante, luctus sit amet aliquam eu, vehicula at felis. Maecenas vitae lacus sit amet nisl imperdiet venenatis. Nunc pharetra urna et purus interdum consequat fringilla enim porttitor. Ut ornare, ligula eu semper mollis, elit tellus euismod nulla, in condimentum risus erat vitae felis. Nam vitae risus dictum libero tristique sodales at ac lorem. Morbi gravida ultrices elit, quis eleifend erat fringilla eget. Sed vel hendrerit dolor. In sagittis cursus est, eget luctus metus facilisis at. Suspendisse mattis, lorem at volutpat molestie, arcu tellus molestie ante, at tincidunt mi erat quis metus. Nulla leo est, convallis volutpat viverra fermentum, imperdiet vitae sapien. Proin pellentesque turpis a felis egestas id eleifend odio tempus.\n\nMauris vel porta velit. In pulvinar metus libero, sit amet fringilla felis. Donec tellus velit, viverra sit amet tincidunt vitae, rhoncus sit amet ligula. Cum sociis natoque penatibus et magnis dis parturient montes, nascetur ridiculus mus. Duis vitae nulla nunc, vitae feugiat magna. Sed diam risus, pellentesque ac laoreet vitae, egestas ut nisi. Mauris ultricies est vitae velit egestas sed vestibulum quam pharetra. Vivamus hendrerit justo id tellus mattis lobortis. Nam dolor felis, tincidunt eu vehicula a, tristique ut neque. Donec egestas tempor risus ac feugiat. Quisque elit nisl, sodales id euismod eu, rutrum et metus. Sed commodo eleifend sodales. Suspendisse sagittis commodo malesuada. Curabitur fringilla nulla vel nulla aliquet auctor. Maecenas blandit sem enim, vitae viverra sem. Aenean nisl dui, tristique ut malesuada non, vehicula elementum ipsum.",
  "title": "Document 1-3-1",
  "__meta": {
    "updateId": -1810199670,
    "cdate": 1501428301390,
    "cuser": "cn=Al Mass,o=DARWINO",
    "mdate": 1501428353930,
    "replicaId": "85257FB8005090FB",
    "changes": "D4PO",
    "muser": "cn=Al Mass,o=DARWINO",
    "seqId": 1
  }
}