{
  "form": "CompanyDocument",
  "_parentid": "8DCDA2C9D7A289428525816D0054AB5B",
  "document": "Fusce sodales viverra volutpat. Nulla at interdum sapien. Aliquam eu ante eu tellus convallis lobortis. Vestibulum ante ipsum primis in faucibus orci luctus et ultrices posuere cubilia Curae; Donec vitae egestas sem. Nam porttitor placerat volutpat. Sed ut ante purus, sit amet tempor metus. Aliquam vel tortor orci. Mauris nulla justo, gravida quis mattis ut, imperdiet gravida nibh. Pellentesque habitant morbi tristique senectus et netus et malesuada fames ac turpis egestas. Integer eu eros turpis. Sed a est quis diam dignissim molestie et non orci. Mauris lobortis nunc ligula. Vivamus semper lorem quis nisl facilisis feugiat. Donec commodo, orci accumsan dapibus dapibus, odio justo semper lorem, nec semper risus felis vel mauris. Sed quam lorem, ullamcorper id tincidunt a, elementum non purus.\n\nMorbi sapien leo, semper a volutpat in, faucibus sed tortor. Fusce ornare neque eu leo semper egestas. Aliquam sollicitudin interdum iaculis. Nam pulvinar malesuada lorem, vel volutpat dui fermentum varius. Pellentesque at enim nec odio ultrices tristique. Proin at iaculis est. Pellentesque tempor, diam eu feugiat pellentesque, ante libero bibendum ligula, non mollis lacus massa quis mi. Ut laoreet adipiscing nunc. Mauris elementum nulla at nisi pharetra a molestie turpis scelerisque. In a nisi non augue pretium varius ultrices quis arcu. Suspendisse felis mauris, lacinia at pellentesque et, molestie sit amet neque. Maecenas quis erat tellus. Vivamus id mi dolor, eu luctus sapien. Integer fringilla, nibh nec bibendum adipiscing, mauris nibh egestas urna, nec pulvinar ligula justo ut dui. Mauris vel ipsum mauris. Nam quis arcu vel risus ultricies dignissim et vel mauris. Pellentesque a neque quis augue posuere sodales vitae sed odio.\n\nUt eget ante at massa faucibus sollicitudin. Phasellus et consectetur leo. Suspendisse imperdiet libero sit amet mi accumsan rutrum. Nullam egestas est a purus euismod pretium. Phasellus mi ante, consequat nec fermentum eget, vehicula ac orci. Praesent tincidunt, lectus ac facilisis condimentum, nisl elit dapibus quam, sit amet rutrum orci mi sed diam. Mauris ipsum elit, fringilla et tempus a, auctor nec mi. Aliquam sagittis malesuada mi vitae placerat. Aenean dui magna, vehicula vestibulum rhoncus vel, sollicitudin ut est. Cras varius felis eget nisl venenatis eu facilisis dolor pellentesque. Nulla in nulla leo, non imperdiet sapien. Lorem ipsum dolor sit amet, consectetur adipiscing elit. Maecenas in dolor orci. Aenean condimentum magna in ligula dignissim vestibulum. Integer mauris erat, luctus id malesuada in, adipiscing et metus.",
  "title": "Document 3-1-1-2-4",
  "__meta": {
    "updateId": -1810236940,
    "cdate": 1501428288950,
    "cuser": "cn=Al Mass,o=DARWINO",
    "mdate": 1501428316660,
    "replicaId": "85257FB8005090FB",
    "changes": "31YS",
    "muser": "cn=Al Mass,o=DARWINO",
    "seqId": 1
  }
}