{
  "firstname": "Charles",
  "comments": "<font size=\"2\" face=\"sans-serif\">Last Tuesday afternoon a friendly cat allegedly spoke to the brick</font><br />\r\n<font size=\"2\" face=\"sans-serif\">Last Tuesday morning the fierce soup is expected to sell a green soup</font><br />\r\n<font size=\"2\" face=\"sans-serif\">A tangerine is expected to buy a convenient building</font><br />\r\n<font size=\"2\" face=\"sans-serif\">Last Thursday evening a municipal physicist started a war with the national desk, claimed a convenient manual</font>",
  "homephone": "(948) 665-1510",
  "city": "Fairhope",
  "sex": "M",
  "picture": "http://www.gravatar.com/avatar/e7a79a19de824dc7cded8ce9e46f1d97?d=retro",
  "lastname": "Allen",
  "__meta": {
    "updateId": -1810125770,
    "cdate": 1501428328230,
    "cuser": "cn=Al Mass,o=DARWINO",
    "mdate": 1501428427830,
    "replicaId": "85257FB8005090FB",
    "changes": "9yLv",
    "muser": "cn=Al Mass,o=DARWINO",
    "seqId": 2
  },
  "zipcode": "36532",
  "form": "Contact",
  "street": "276 Redwood Drive",
  "firstcontact": "2012-12-17T19:45:21.000-05:00",
  "workphone": "(556) 118-1287",
  "mobilephone": "(404) 813-1257",
  "company": "Opentech",
  "state": "AL",
  "card": "<img src=\"$document-attachment/Card%7C%7Cinline-0.84.gif\" width=\"80\" height=\"80\" /><br />\r\n<font size=\"2\" face=\"sans-serif\"><b>Name</b></font><font size=\"2\" face=\"sans-serif\">: Charles Allen</font><br />\r\n<font size=\"2\" face=\"sans-serif\"><b>EMail</b></font><font size=\"2\" face=\"sans-serif\">: callen@darwino.com</font><br />\r\n<font size=\"2\" face=\"sans-serif\"><b>Company</b></font><font size=\"2\" face=\"sans-serif\">: Opentech</font>",
  "email": "callen@darwino.com"
}