{
  "form": "CompanyDocument",
  "_parentid": "DA771D005C20A6968525816D0054B7A4",
  "document": "Donec at tempus quam. Sed est est, pellentesque quis pellentesque quis, porttitor sed risus. Sed quis nulla erat. Nullam tincidunt eros vel quam bibendum mollis. Class aptent taciti sociosqu ad litora torquent per conubia nostra, per inceptos himenaeos. Proin nec eros eget magna scelerisque euismod at vitae risus. Aliquam erat volutpat. Sed lacinia, turpis id cursus volutpat, nulla mi sollicitudin dolor, sit amet aliquam turpis metus at urna. Cras porta, justo vel bibendum sodales, magna erat pellentesque est, at aliquet diam libero eu dolor. Ut a sollicitudin nisl. Fusce diam arcu, luctus ac ultrices vel, accumsan eu quam.\n\nNulla facilisi. Aliquam dui metus, tincidunt at dignissim sit amet, tincidunt euismod felis. Duis fringilla justo sed risus commodo fermentum. Ut eu nibh ut dui commodo dictum eu nec urna. Integer id justo eros. Phasellus tristique magna vel sem euismod sagittis. Duis pretium, odio id venenatis tempus, dolor purus vehicula quam, non feugiat erat turpis eu nunc. Curabitur tristique posuere enim, at imperdiet urna tincidunt eu. Maecenas sit amet neque vel nibh dignissim interdum eget a diam. Proin cursus vehicula ligula, in pulvinar erat egestas ac. Curabitur vehicula massa in velit vehicula sit amet facilisis mi pharetra. Suspendisse vitae dui et sapien volutpat pharetra et non velit. Cum sociis natoque penatibus et magnis dis parturient montes, nascetur ridiculus mus. Nulla at turpis sem. Nam egestas, enim eu facilisis elementum, dui lorem ultricies nibh, et porta dolor nisi eu turpis. Vivamus pellentesque leo eget risus hendrerit fermentum. In tincidunt hendrerit dui vitae lobortis.",
  "title": "Document 3-2-1-2-1",
  "__meta": {
    "updateId": -1810142830,
    "cdate": 1501428320370,
    "cuser": "cn=Al Mass,o=DARWINO",
    "mdate": 1501428410770,
    "replicaId": "85257FB8005090FB",
    "changes": "LFf9",
    "muser": "cn=Al Mass,o=DARWINO",
    "seqId": 1
  }
}