{
  "form": "CompanyDocument",
  "_parentid": "DC0A032373E571A28525816D0054AC9D",
  "document": "Nunc eu erat eu nisi consectetur tincidunt at et elit. Fusce non nulla ut turpis rhoncus accumsan. Nunc eleifend lacinia elit vitae faucibus. Aenean iaculis imperdiet ligula, ut consequat orci interdum nec. Vestibulum pretium felis sit amet enim aliquam euismod. Suspendisse eget nisl erat. Etiam tempus malesuada eros, eu consectetur tortor venenatis et. Sed in dolor et massa condimentum dictum. Phasellus at dolor nec nulla pharetra tempus. Morbi fringilla, urna et aliquam commodo, erat ligula aliquam diam, nec congue ligula sapien ut mauris. Curabitur suscipit auctor lectus vel interdum. Maecenas in dui ipsum. Nulla sollicitudin mauris in lorem feugiat tempor. Nam tincidunt neque ut arcu egestas volutpat. Integer eleifend mi id turpis accumsan aliquet tempor nisi commodo. Aliquam sed ligula eget erat pellentesque sollicitudin ac eu ante. Nulla at ligula libero, sit amet placerat erat. In scelerisque iaculis ligula vitae mattis.\n\nPhasellus massa risus, lobortis quis mollis a, hendrerit vel metus. Vestibulum malesuada, lacus ac facilisis viverra, augue tellus gravida ante, ut pretium sem augue in turpis. Pellentesque rhoncus luctus mauris, nec scelerisque mi convallis ut. Pellentesque convallis rutrum lacinia. Nulla venenatis elit quis lorem posuere fermentum sagittis elit ultrices. Aenean condimentum dapibus pretium. Morbi nec metus augue, ac mattis ligula. Morbi sed libero massa, eu condimentum arcu. Praesent nec felis sit amet lacus egestas dictum. Sed quis augue eros.\n\nUt et tristique diam. Cum sociis natoque penatibus et magnis dis parturient montes, nascetur ridiculus mus. Curabitur auctor lobortis urna, viverra dictum magna convallis eget. In non erat nibh. Morbi velit leo, auctor nec interdum vel, varius porttitor metus. Morbi interdum blandit est eget ornare. Morbi pharetra blandit dignissim. Suspendisse fermentum consequat elementum. In sollicitudin dolor in massa interdum a dapibus lacus condimentum. Sed in risus justo. Sed non purus a neque malesuada placerat at pulvinar est. Donec tellus ligula, iaculis vitae scelerisque et, dictum et libero. Vestibulum sollicitudin, nulla id placerat porttitor, lorem est elementum leo, quis iaculis dolor dui adipiscing velit. Phasellus sit amet tortor orci, fringilla bibendum quam. Ut porta faucibus egestas. Duis rhoncus iaculis adipiscing. Aenean sed adipiscing neque. Sed congue, neque eget ornare pharetra, dolor mi accumsan neque, sed porta nisi ligula non dolor. Mauris luctus varius pharetra.\n\nMaecenas mollis dui vitae justo accumsan luctus. Proin facilisis congue quam in pulvinar. Fusce quis erat augue. Aenean ac diam in turpis euismod venenatis. Aliquam pulvinar auctor urna sit amet dapibus. Vestibulum ante ipsum primis in faucibus orci luctus et ultrices posuere cubilia Curae; Cum sociis natoque penatibus et magnis dis parturient montes, nascetur ridiculus mus. Fusce tortor mi, pellentesque eu auctor tincidunt, malesuada a sem. Quisque lobortis aliquet lorem vitae tempus. In vehicula ornare mollis. Nullam sollicitudin, diam vel condimentum euismod, ligula quam volutpat mi, non pulvinar ligula erat et nisi. Curabitur laoreet nisi a lectus varius ac ultricies velit consectetur. Vestibulum a magna ut nisl aliquet elementum in sed urna. Fusce non elit id ligula placerat sodales vel in massa.",
  "title": "Document 4-4-1-2",
  "__meta": {
    "updateId": -1810227290,
    "cdate": 1501428292170,
    "cuser": "cn=Al Mass,o=DARWINO",
    "mdate": 1501428326310,
    "replicaId": "85257FB8005090FB",
    "changes": "RGQ5",
    "muser": "cn=Al Mass,o=DARWINO",
    "seqId": 1
  }
}