{
  "form": "CompanyDocument",
  "_parentid": "278F43073A9E9DE18525816D0054AEF5",
  "document": "Mauris vel diam vel velit consequat imperdiet. In tincidunt faucibus bibendum. Curabitur tellus enim, mollis ut dapibus laoreet, posuere in metus. Nam vel est mauris, vel cursus sem. Nullam imperdiet pulvinar nulla in commodo. Pellentesque ac ligula in ipsum tempor sollicitudin. Donec eget justo neque. Nulla facilisi. Fusce commodo lacinia tellus dictum pulvinar. In dui justo, placerat eget eleifend vehicula, viverra vitae augue. Fusce sollicitudin mi vel est facilisis pulvinar. Praesent urna lorem, varius a posuere eget, sagittis at mauris. Donec et erat turpis, non bibendum magna. Vestibulum ac eros lacus. Nam tristique leo ac orci placerat porttitor. Vestibulum a erat nec est tempus consequat et id sem. Ut vitae massa nisi. Phasellus feugiat blandit lacus, eget imperdiet lorem vestibulum a.\n\nMorbi vehicula enim sit amet felis semper imperdiet. Cum sociis natoque penatibus et magnis dis parturient montes, nascetur ridiculus mus. Cras vel eros magna. Fusce a risus vel turpis tempor venenatis. Praesent a nibh libero, fermentum elementum turpis. Donec metus justo, imperdiet in dapibus vitae, sollicitudin nec arcu. Aliquam erat volutpat. Phasellus tristique auctor ligula, sed vehicula lorem molestie eu. Ut risus magna, viverra a placerat sed, vulputate eu libero. Aenean augue ante, pretium eu ornare at, pulvinar sed turpis. Vestibulum et orci at mauris tempus dapibus. Pellentesque cursus, lacus vitae ullamcorper congue, est lectus fermentum erat, sit amet mollis velit purus et quam. Ut congue nunc quis velit egestas non fringilla ante egestas. Fusce dictum urna id nunc sodales tincidunt. Nullam congue fringilla est eu congue. In tempor blandit nulla, sed blandit dui rutrum a. Curabitur ut quam sapien, vel fringilla tellus. Aliquam posuere tempor dui, a faucibus justo fringilla id.",
  "title": "Document 1-2-2-4-1",
  "__meta": {
    "updateId": -1810209410,
    "cdate": 1501428298140,
    "cuser": "cn=Al Mass,o=DARWINO",
    "mdate": 1501428344190,
    "replicaId": "85257FB8005090FB",
    "changes": "iZ9X",
    "muser": "cn=Al Mass,o=DARWINO",
    "seqId": 1
  }
}