{
  "form": "CompanyDocument",
  "_parentid": "1F2386632D5981F48525816D0054AD56",
  "document": "Praesent dictum leo in arcu cursus ultrices. Mauris cursus vestibulum magna vitae eleifend. Phasellus tempus quam eget lacus posuere semper. Nullam volutpat venenatis nibh eget elementum. Etiam sapien erat, iaculis at semper id, tempor ac lorem. Phasellus at tellus id orci feugiat viverra in ac lacus. Cras sed sapien eros, at ultrices metus. Donec non ipsum erat. Aliquam eros nibh, interdum laoreet condimentum vitae, venenatis eget augue. Mauris varius, elit ac rutrum rhoncus, nisl massa porttitor lacus, ac ullamcorper mauris velit eu tortor. Proin vitae lacus sed arcu viverra consequat ut convallis sem. Sed sem lectus, lobortis eu vehicula eget, molestie vel lacus. Curabitur pulvinar fermentum commodo. Sed ornare bibendum dolor, a tincidunt enim convallis eget. Class aptent taciti sociosqu ad litora torquent per conubia nostra, per inceptos himenaeos. Maecenas tristique tincidunt adipiscing. Pellentesque tristique vulputate nisi id facilisis.",
  "title": "Document 4-1-2-1",
  "__meta": {
    "updateId": -1810221840,
    "cdate": 1501428293990,
    "cuser": "cn=Al Mass,o=DARWINO",
    "mdate": 1501428331760,
    "replicaId": "85257FB8005090FB",
    "changes": "@9sa",
    "muser": "cn=Al Mass,o=DARWINO",
    "seqId": 1
  }
}