{
  "form": "CompanyDocument",
  "_parentid": "F7AB3A9700D7626E8525816D0054A8BD",
  "document": "Cum sociis natoque penatibus et magnis dis parturient montes, nascetur ridiculus mus. Praesent mi sapien, varius sed convallis et, commodo in neque. Pellentesque vitae est ut odio faucibus dictum vitae ut velit. Duis sed dolor in nisl ultricies tempor a eget felis. Nam a magna sed orci gravida ultricies. Nullam quis nunc vel odio porta pretium. Morbi tellus dui, posuere eget lobortis a, ultricies sed erat. Vestibulum ante ipsum primis in faucibus orci luctus et ultrices posuere cubilia Curae; Phasellus tincidunt libero eu est posuere pharetra in molestie risus. Fusce blandit est sed felis auctor ac gravida lectus hendrerit.\n\nSuspendisse nec neque at nisi porttitor lacinia. Sed rhoncus imperdiet urna, sed adipiscing tortor mattis nec. Curabitur sollicitudin tristique augue lobortis vestibulum. Nulla auctor venenatis commodo. Donec congue, mi a ullamcorper bibendum, sapien felis hendrerit ligula, id scelerisque erat tellus at tellus. Phasellus lacinia vestibulum commodo. Morbi id nisl nisi, at ultricies lectus. Ut gravida turpis sit amet magna pharetra eleifend. In tristique varius tellus ut blandit. Fusce at odio quis nibh adipiscing egestas quis aliquet velit. Integer pulvinar dui lobortis urna venenatis non tincidunt felis eleifend. Ut vestibulum, nunc non rutrum egestas, est orci varius nibh, at venenatis arcu nisi fringilla metus. Donec eu nulla in justo egestas mattis malesuada id leo. Vestibulum id lorem metus. Duis porta, risus sed ultricies tincidunt, nisl nisi mattis metus, et cursus neque risus convallis arcu. Class aptent taciti sociosqu ad litora torquent per conubia nostra, per inceptos himenaeos. Pellentesque habitant morbi tristique senectus et netus et malesuada fames ac turpis egestas. Suspendisse vehicula neque nec diam volutpat sed tempor libero vulputate. Nunc eget sapien eros, eleifend molestie erat. Praesent ut sapien felis, non tristique tellus.\n\nDuis tristique accumsan turpis, id congue nisi viverra ac. Cras et lectus at lacus lobortis consequat. Proin rutrum nisl nisl, nec porta enim. Integer odio sapien, laoreet viverra pulvinar hendrerit, luctus a urna. Cum sociis natoque penatibus et magnis dis parturient montes, nascetur ridiculus mus. Pellentesque quis velit sem, non rutrum ligula. Duis tempus faucibus pretium. Suspendisse quam urna, molestie non dignissim id, pulvinar sed quam. Aliquam dui quam, lacinia sollicitudin feugiat fringilla, congue vel nulla. Morbi mollis, lacus ac vehicula feugiat, tellus est pulvinar eros, nec porta orci nunc et massa. Quisque metus sapien, gravida quis euismod non, sollicitudin et erat. Integer odio nibh, tincidunt elementum cursus sit amet, varius ut lacus. Donec fermentum dolor at leo lobortis a bibendum orci pellentesque. Maecenas ut nisl ligula. Praesent ut augue ut erat accumsan accumsan in ac nunc. Pellentesque habitant morbi tristique senectus et netus et malesuada fames ac turpis egestas. Suspendisse porttitor sollicitudin justo, sed volutpat augue faucibus pretium.\n\nLorem ipsum dolor sit amet, consectetur adipiscing elit. Aliquam diam sem, bibendum non rutrum a, auctor nec massa. Proin nec nulla nibh. Nam ipsum lacus, elementum in luctus ut, fermentum sit amet nunc. Etiam tempus placerat lacus. Cras non tellus diam. Sed vel mauris metus. Ut elementum porttitor metus a sagittis. Fusce scelerisque neque nec augue iaculis eget tempor enim varius. Proin consequat sollicitudin lectus, vitae semper leo feugiat luctus. Donec ut rutrum lacus. Morbi faucibus leo vel arcu tincidunt in dignissim metus tristique. Nam nulla purus, aliquam ut mollis dapibus, tincidunt id neque. Etiam gravida, ipsum non volutpat molestie, odio dui rhoncus enim, eget cursus magna neque vitae mauris. Curabitur varius placerat mauris ac viverra. Mauris sollicitudin lorem in ante pretium ultrices. Vestibulum rhoncus placerat justo vel rhoncus. Nullam felis orci, placerat sed vulputate eget, aliquam a felis. In hac habitasse platea dictumst. Integer sagittis ante a turpis vestibulum at tempus justo tempus.",
  "title": "Document 3-1-3-1-1",
  "__meta": {
    "updateId": -1810257090,
    "cdate": 1501428282220,
    "cuser": "cn=Al Mass,o=DARWINO",
    "mdate": 1501428296510,
    "replicaId": "85257FB8005090FB",
    "changes": "UYaF",
    "muser": "cn=Al Mass,o=DARWINO",
    "seqId": 1
  }
}