{
  "form": "CompanyDocument",
  "_parentid": "264FDE74E9F5D4C78525816D0054B44D",
  "document": "Fusce sodales viverra volutpat. Nulla at interdum sapien. Aliquam eu ante eu tellus convallis lobortis. Vestibulum ante ipsum primis in faucibus orci luctus et ultrices posuere cubilia Curae; Donec vitae egestas sem. Nam porttitor placerat volutpat. Sed ut ante purus, sit amet tempor metus. Aliquam vel tortor orci. Mauris nulla justo, gravida quis mattis ut, imperdiet gravida nibh. Pellentesque habitant morbi tristique senectus et netus et malesuada fames ac turpis egestas. Integer eu eros turpis. Sed a est quis diam dignissim molestie et non orci. Mauris lobortis nunc ligula. Vivamus semper lorem quis nisl facilisis feugiat. Donec commodo, orci accumsan dapibus dapibus, odio justo semper lorem, nec semper risus felis vel mauris. Sed quam lorem, ullamcorper id tincidunt a, elementum non purus.\n\nNunc nec tincidunt sapien. Suspendisse varius semper erat lobortis rutrum. In imperdiet porta lacinia. Donec tincidunt ullamcorper turpis, ac convallis mauris dignissim non. Sed posuere ligula justo. Pellentesque tristique est et nibh sollicitudin nec vehicula orci vulputate. Etiam nec lorem augue, sit amet convallis justo. Fusce quis metus id mi lacinia porttitor. Sed quis eros lacus. Nulla scelerisque blandit consequat. Curabitur dictum massa et dolor tristique tincidunt. Nulla facilisi. Cras tristique leo leo, id auctor magna. Duis iaculis imperdiet nulla, in sagittis justo malesuada sit amet. Morbi fringilla lacinia magna in gravida. Pellentesque vulputate pretium aliquet.\n\nMauris at tortor lorem. Nunc id porta odio. Ut mi dolor, egestas sed venenatis in, pretium id risus. Nam faucibus tortor felis, eget lobortis lectus. Aenean vel erat vel justo sollicitudin tincidunt. Nulla vitae est ac ante pellentesque ornare in eu dolor. Nulla aliquet ante vel arcu mollis volutpat. Integer faucibus feugiat eros vel tristique. Sed vel urna vitae turpis convallis semper id nec quam. Morbi porttitor, nulla tincidunt facilisis faucibus, nisl quam porta lacus, sit amet elementum ante urna a est. Donec rhoncus libero at mauris hendrerit cursus dignissim nulla volutpat. Etiam dapibus est interdum massa scelerisque non pharetra odio consectetur. Cras tincidunt egestas ipsum, eu pulvinar orci hendrerit rhoncus. Praesent ut metus a ante venenatis congue. Nulla non odio ut odio iaculis tempor. Morbi scelerisque elit sit amet neque eleifend sollicitudin. Nullam eu elit vitae ipsum tristique sollicitudin. Cras in molestie turpis.\n\nEtiam iaculis malesuada mi ac congue. Nam vestibulum dignissim velit in pulvinar. Proin egestas sem vel elit facilisis at placerat turpis interdum. Pellentesque porta accumsan tristique. In vel sodales dolor. Quisque accumsan convallis odio nec semper. Aliquam non libero eu mi mollis condimentum pulvinar eget libero. Nulla ut urna nibh. Sed turpis enim, fringilla eu venenatis ut, congue in odio. Sed sit amet tellus ante. Maecenas a arcu diam, ultricies sodales nisl. Etiam hendrerit semper nisl, vel molestie lorem euismod eget. Proin leo magna, ultrices id tempor id, hendrerit viverra magna.",
  "title": "Document 5-1-1-3-1",
  "__meta": {
    "updateId": -1810168430,
    "cdate": 1501428311820,
    "cuser": "cn=Al Mass,o=DARWINO",
    "mdate": 1501428385170,
    "replicaId": "85257FB8005090FB",
    "changes": "AKFN",
    "muser": "cn=Al Mass,o=DARWINO",
    "seqId": 1
  }
}