{
  "form": "CompanyDocument",
  "_parentid": "224C9EEBA46876198525816D0054AE0A",
  "document": "Aliquam erat volutpat. Nam hendrerit bibendum libero, eu pellentesque nulla tempor vitae. Duis bibendum felis a dui gravida porttitor in vel ante. Nam quis metus nec ante feugiat sodales at id orci. Cras semper nisi blandit tellus cursus rhoncus. Maecenas sed lacus ut metus euismod interdum. Phasellus vulputate facilisis nisi quis pulvinar. Morbi a erat eget quam accumsan egestas. Class aptent taciti sociosqu ad litora torquent per conubia nostra, per inceptos himenaeos. Vivamus non luctus felis. Quisque sit amet sapien vitae augue gravida ullamcorper. Pellentesque hendrerit nulla sit amet felis bibendum ac blandit est dignissim. Phasellus vel rutrum metus. Donec egestas eleifend varius. Nunc consequat interdum blandit. Cum sociis natoque penatibus et magnis dis parturient montes, nascetur ridiculus mus. Phasellus fermentum posuere mattis. Nulla in leo vel velit mollis porta a vitae nisl. Donec malesuada, justo ac sodales aliquet, quam neque lacinia elit, vitae dapibus sem mauris a turpis. Cras non leo elit.\n\nProin at mi eget mauris euismod dictum eu vitae justo. Sed dolor erat, ultricies elementum gravida tempus, porttitor eu sem. Lorem ipsum dolor sit amet, consectetur adipiscing elit. Curabitur ullamcorper tincidunt mi, tempus tempor enim eleifend rutrum. Maecenas at justo orci, ut placerat massa. Nullam pulvinar nisl ac orci facilisis non dictum erat placerat. Integer nibh purus, volutpat eget interdum eget, iaculis et sapien. Quisque faucibus porta tellus, non lacinia dolor rhoncus a. Mauris ut molestie nulla. Mauris sagittis felis in augue mattis commodo. Lorem ipsum dolor sit amet, consectetur adipiscing elit. Nam quis metus quis nunc cursus auctor id eu augue. Phasellus convallis iaculis ipsum, at ullamcorper quam feugiat at. Curabitur sed nibh et tellus faucibus congue ac lacinia risus.\n\nCum sociis natoque penatibus et magnis dis parturient montes, nascetur ridiculus mus. Praesent mi sapien, varius sed convallis et, commodo in neque. Pellentesque vitae est ut odio faucibus dictum vitae ut velit. Duis sed dolor in nisl ultricies tempor a eget felis. Nam a magna sed orci gravida ultricies. Nullam quis nunc vel odio porta pretium. Morbi tellus dui, posuere eget lobortis a, ultricies sed erat. Vestibulum ante ipsum primis in faucibus orci luctus et ultrices posuere cubilia Curae; Phasellus tincidunt libero eu est posuere pharetra in molestie risus. Fusce blandit est sed felis auctor ac gravida lectus hendrerit.\n\nSuspendisse egestas est sodales lectus facilisis eget egestas felis sollicitudin. Maecenas lorem dolor, dictum et placerat mattis, ultricies in urna. Morbi vulputate metus non nunc congue iaculis. Proin dictum facilisis tellus, vel sagittis nisl interdum et. Morbi sit amet mauris leo, sit amet imperdiet dui. Donec lacinia interdum arcu et faucibus. Quisque congue mollis velit, vel sollicitudin purus lacinia ac. Vestibulum vehicula lorem nec urna gravida ac eleifend mi placerat. Nullam ac ligula eu ligula lobortis tempor non at elit. Aliquam scelerisque, ipsum quis sollicitudin facilisis, odio quam fermentum ipsum, sit amet cursus dui enim vitae neque. Vivamus turpis diam, interdum id ornare ut, mollis quis velit. Vivamus eros eros, accumsan at consequat eu, auctor tristique diam. Mauris vitae turpis eget ipsum pulvinar sagittis. Nunc suscipit commodo purus, eget consectetur odio dapibus non. Fusce nec viverra nunc. In fermentum magna in augue gravida nec tempus arcu convallis.",
  "title": "Document 6-2-1-4-2",
  "__meta": {
    "updateId": -1810216410,
    "cdate": 1501428295800,
    "cuser": "cn=Al Mass,o=DARWINO",
    "mdate": 1501428337190,
    "replicaId": "85257FB8005090FB",
    "changes": "F3F8",
    "muser": "cn=Al Mass,o=DARWINO",
    "seqId": 1
  }
}