{
  "form": "CompanyDocument",
  "_parentid": "2F9BFAC454B9C18A8525816D0054B4ED",
  "document": "Proin nec erat at diam condimentum luctus sit amet et massa. Vestibulum laoreet sodales justo a cursus. Praesent porta mauris ultricies lectus lacinia varius. Nulla facilisis mauris quis tortor tincidunt bibendum eget eu dui. In sed neque dignissim neque eleifend lobortis. Integer non dolor tortor, ac aliquam mi. Vivamus vitae nibh leo. Aenean scelerisque orci in velit sodales sed tempor ligula mollis. Aenean sollicitudin semper nunc id tempus. Curabitur in sodales velit. Mauris fermentum metus eget sapien dapibus sed posuere mauris egestas. Ut erat sapien, tincidunt ac aliquet condimentum, pulvinar malesuada neque. Aliquam at mauris justo. Aenean eu dolor lacus, venenatis lacinia nisi. Etiam laoreet mi nec arcu ullamcorper luctus. Aenean vulputate urna a tortor sollicitudin malesuada. Vestibulum sit amet elit sed justo pulvinar laoreet. Aliquam erat volutpat.\n\nNam vel nulla nec neque luctus facilisis. Ut adipiscing lacus id mi dignissim et gravida dui tempor. Proin faucibus faucibus diam sed sodales. Vivamus congue, dui in sagittis dignissim, ante risus ultricies erat, vitae gravida eros nulla vel urna. Maecenas pretium tincidunt mauris. Sed aliquet eros sit amet turpis ultricies vestibulum. Phasellus tristique blandit mi, sed dignissim libero scelerisque at. Praesent ultricies convallis orci, ac fermentum mi bibendum at. Vestibulum suscipit vehicula tempor. Morbi velit metus, dapibus et aliquam ac, tempor a risus. Etiam eu turpis ante. Proin et erat augue. Integer justo velit, pellentesque id condimentum ac, pulvinar in ligula. Donec lobortis erat vitae libero facilisis non rutrum elit placerat. Phasellus accumsan arcu sit amet eros dictum scelerisque. Suspendisse potenti. Proin placerat laoreet accumsan. Aliquam eu velit libero. Vivamus nec enim sed odio viverra dictum ut et urna.",
  "title": "Document 3-2-1",
  "__meta": {
    "updateId": -1810163640,
    "cdate": 1501428313420,
    "cuser": "cn=Al Mass,o=DARWINO",
    "mdate": 1501428389960,
    "replicaId": "85257FB8005090FB",
    "changes": "pHCq",
    "muser": "cn=Al Mass,o=DARWINO",
    "seqId": 1
  }
}