{
  "form": "CompanyDocument",
  "_parentid": "1ADAA02ADD3D22698525816D0054B247",
  "document": "Cras semper volutpat odio, quis rutrum dolor mollis non. Nunc rhoncus metus eu libero dapibus porta. Class aptent taciti sociosqu ad litora torquent per conubia nostra, per inceptos himenaeos. Praesent venenatis diam pellentesque dui feugiat a venenatis dui sodales. Duis commodo erat sed mauris porta gravida. Vivamus sit amet erat a purus viverra dictum ac vel sem. Sed pulvinar ipsum a mauris luctus at malesuada urna iaculis. Aliquam pharetra eleifend enim, nec accumsan ligula feugiat sit amet. Nam sapien orci, iaculis ac tincidunt at, congue eu orci. Integer sed nulla vel odio ullamcorper fringilla. Integer eu sapien eu ligula ultrices euismod.\n\nInteger mattis sem tortor, ut ultricies metus. Mauris luctus purus et mi rutrum faucibus. Quisque aliquam risus eu nisi mattis volutpat. In pulvinar feugiat nunc a venenatis. Praesent et justo quis leo molestie sodales. Cras eu arcu mi, eget facilisis dui. Vestibulum sollicitudin tristique porttitor. Fusce faucibus porta magna in placerat. Aenean augue risus, aliquet eu rhoncus eget, mattis et metus. Sed sed laoreet nibh. Cras mollis dolor et purus imperdiet eget auctor ante pretium. Pellentesque habitant morbi tristique senectus et netus et malesuada fames ac turpis egestas. Aliquam felis augue, commodo eget sagittis eget, pellentesque ut est. Nulla eget metus vitae lectus porta venenatis. Nunc sed nunc lorem, vitae posuere turpis. Cum sociis natoque penatibus et magnis dis parturient montes, nascetur ridiculus mus. Nulla in lacus a odio laoreet posuere. Sed scelerisque sollicitudin augue, rhoncus imperdiet magna euismod in. Pellentesque commodo, dui eget pharetra volutpat, neque risus vehicula nibh, ut tristique elit neque vitae est. Phasellus non enim felis.",
  "title": "Document 3-1-2-2",
  "__meta": {
    "updateId": -1810183860,
    "cdate": 1501428306670,
    "cuser": "cn=Al Mass,o=DARWINO",
    "mdate": 1501428369740,
    "replicaId": "85257FB8005090FB",
    "changes": "wPB0",
    "muser": "cn=Al Mass,o=DARWINO",
    "seqId": 1
  }
}