{
  "form": "CompanyDocument",
  "_parentid": "2B64A305BC75347A8525816D0054A86C",
  "document": "Nunc posuere pretium turpis in auctor. Donec hendrerit, felis at imperdiet sodales, nisi dui fringilla augue, tincidunt facilisis nulla neque vitae mi. Sed suscipit felis sit amet elit dictum a congue enim gravida. Duis mattis ante nec diam vehicula sollicitudin. Ut vitae sapien et orci commodo facilisis nec ac ligula. Nunc erat tortor, elementum in molestie nec, lobortis in justo. Nam facilisis varius neque, vitae tristique augue consectetur eget. Nunc tempus libero id justo tincidunt imperdiet. Vestibulum egestas, magna eget tempus dapibus, lacus elit facilisis neque, eu gravida sem mauris sed sem. Lorem ipsum dolor sit amet, consectetur adipiscing elit. Aenean id commodo erat. Donec leo mauris, ultricies eu posuere id, rhoncus sagittis est. Class aptent taciti sociosqu ad litora torquent per conubia nostra, per inceptos himenaeos.\n\nProin a nunc diam, a faucibus dui. Curabitur tincidunt erat in mauris dignissim imperdiet. Morbi lacinia gravida augue sit amet elementum. Ut mattis, purus ut viverra consequat, justo nulla tristique lacus, a ultrices enim purus sed orci. Praesent est ante, pulvinar tempor dictum et, rhoncus ultricies libero. Fusce mauris nisi, suscipit non scelerisque quis, lobortis congue dui. Donec luctus placerat tellus, id laoreet arcu accumsan quis. Nullam ullamcorper porttitor pulvinar. Quisque lorem nibh, dictum ut tincidunt nec, sollicitudin in leo. Aenean libero erat, venenatis quis scelerisque nec, gravida ut purus. Vivamus sed libero sit amet leo pellentesque viverra eu eu tortor. In massa elit, pharetra vel lobortis id, consequat a lectus. Vivamus tincidunt viverra neque id dictum. Morbi vitae est tortor. Pellentesque habitant morbi tristique senectus et netus et malesuada fames ac turpis egestas. Sed non magna purus, et gravida nulla.\n\nDonec sit amet nisl a dolor tristique volutpat. Proin interdum rutrum ipsum sit amet tincidunt. Vivamus dignissim consectetur neque, in faucibus magna tempor nec. Nullam in turpis molestie magna rutrum lobortis. Duis euismod tellus non lorem dignissim consequat. Mauris non sapien nunc. Cras malesuada leo quis neque eleifend nec convallis erat accumsan. Vivamus facilisis congue ante auctor egestas. In a nisi felis. In sodales, arcu vel ultricies consectetur, nisl felis malesuada odio, sed ultricies libero quam non ligula. Integer sit amet nisi leo. Duis vel sem nulla, nec scelerisque lacus. Duis semper egestas felis, quis rhoncus tellus feugiat non. Vivamus aliquam tincidunt metus ac elementum. Sed tincidunt sem ac est euismod ultricies.",
  "title": "Document 2-2-2-2-3",
  "__meta": {
    "updateId": -1810259460,
    "cdate": 1501428281430,
    "cuser": "cn=Al Mass,o=DARWINO",
    "mdate": 1501428294140,
    "replicaId": "85257FB8005090FB",
    "changes": "FCjc",
    "muser": "cn=Al Mass,o=DARWINO",
    "seqId": 1
  }
}