{
  "form": "CompanyDocument",
  "_parentid": "9855FBFCA0F5EB8E8525816D0054A713",
  "document": "Fusce in est nisi. Maecenas viverra, turpis ut mattis consequat, sapien nulla pulvinar velit, sit amet imperdiet erat tellus a purus. Ut sagittis egestas ipsum, eget fringilla neque vulputate id. Donec sed massa tellus, et eleifend augue. Cras laoreet auctor neque at luctus. Nunc eget commodo sem. Proin ut neque velit. Donec quis nisi risus. Cras adipiscing, urna in aliquet tincidunt, leo erat aliquet nibh, eu tempor turpis leo ac enim. Phasellus rhoncus nisi quis metus ullamcorper a aliquet velit auctor. Mauris ornare tempus ipsum, et eleifend metus commodo quis. Praesent egestas velit id tellus venenatis pulvinar. Donec in arcu diam. Nullam tristique imperdiet sem, a condimentum turpis ullamcorper eget. Donec a mi elit. Curabitur quis lacus ipsum, eget gravida est. Sed id posuere eros. Pellentesque eu lectus vel nibh sollicitudin mattis sagittis vel metus. Aenean felis nisl, volutpat ac pulvinar eu, aliquam et velit.",
  "title": "Document 3-1-1-1-1",
  "__meta": {
    "updateId": -1810269840,
    "cdate": 1501428277960,
    "cuser": "cn=Al Mass,o=DARWINO",
    "mdate": 1501428283760,
    "replicaId": "85257FB8005090FB",
    "changes": "kfxm",
    "muser": "cn=Al Mass,o=DARWINO",
    "seqId": 1
  }
}