{
  "form": "CompanyDocument",
  "_parentid": "7B62871A4DEB19888525816D0054A9EA",
  "document": "Phasellus non quam nunc, vitae iaculis leo. Etiam non leo non ante mollis sodales. Aliquam justo magna, tempor quis vestibulum non, iaculis vitae eros. Sed dignissim, orci eget rutrum venenatis, mi ligula ornare diam, eget semper nulla augue ut elit. Ut ut lorem leo. Phasellus gravida sollicitudin dolor, non rutrum massa bibendum eget. Suspendisse vel tellus lacus, vitae cursus nulla. Vestibulum eu nulla mi. Aenean congue ipsum id odio accumsan sit amet cursus augue blandit. Nunc fringilla porttitor mi. Donec lorem lacus, faucibus at semper eu, fermentum in massa.",
  "title": "Document 4-2-1",
  "__meta": {
    "updateId": -1810248080,
    "cdate": 1501428285230,
    "cuser": "cn=Al Mass,o=DARWINO",
    "mdate": 1501428305520,
    "replicaId": "85257FB8005090FB",
    "changes": "WMVZ",
    "muser": "cn=Al Mass,o=DARWINO",
    "seqId": 1
  }
}