{
  "form": "CompanyDocument",
  "_parentid": "962FC5D08330E77C8525816D0054A931",
  "document": "Quisque pharetra aliquam accumsan. Nullam nec dolor vitae erat suscipit gravida quis ac metus. Praesent in purus sed orci hendrerit posuere. Curabitur libero turpis, feugiat ut molestie in, volutpat ut dui. Etiam feugiat libero vel arcu molestie sit amet imperdiet risus gravida. Vestibulum feugiat tincidunt congue. Suspendisse semper consectetur diam, ac viverra leo sodales vitae. Lorem ipsum dolor sit amet, consectetur adipiscing elit. Nam dictum felis sed sem dictum sit amet luctus elit ultricies. Proin odio ipsum, consectetur fermentum posuere ut, venenatis at turpis. Proin quis nibh nec libero sollicitudin sollicitudin id consectetur leo. Nam ornare lacus sapien. Aliquam ac justo eget nunc mattis eleifend. Proin vitae rhoncus neque. Mauris sed egestas lacus. Pellentesque eget ante quam. Morbi mauris nisl, viverra vitae dictum vitae, sodales ut augue. Suspendisse adipiscing vestibulum est, at aliquam urna bibendum ut. Cras suscipit convallis rhoncus. Sed ac velit nisl, eget adipiscing leo.\n\nNullam tempus ante quis eros egestas ut rutrum sem consequat. In laoreet pellentesque tempus. Integer mauris elit, sagittis sit amet hendrerit vel, placerat sit amet turpis. Fusce tempor mattis sem, ac molestie nulla iaculis id. Phasellus vel neque sem. Maecenas vehicula scelerisque risus condimentum viverra. Praesent et magna dolor, at varius nisi. Sed facilisis rhoncus nunc ut semper. In hac habitasse platea dictumst. Pellentesque lobortis lorem et velit consequat a mollis tellus convallis. Pellentesque tempus ipsum et ante vehicula egestas. Nam turpis augue, volutpat sagittis tincidunt non, fermentum nec quam. Nam blandit ligula quis justo vestibulum porta. Donec vel commodo augue.",
  "title": "Document 1-4-4-1-2",
  "__meta": {
    "updateId": -1810253590,
    "cdate": 1501428283390,
    "cuser": "cn=Al Mass,o=DARWINO",
    "mdate": 1501428300010,
    "replicaId": "85257FB8005090FB",
    "changes": "BEdG",
    "muser": "cn=Al Mass,o=DARWINO",
    "seqId": 1
  }
}