{
  "form": "CompanyDocument",
  "_parentid": "6B098587A06768FD8525816D0054B58F",
  "document": "Duis in justo sit amet est viverra faucibus. Pellentesque iaculis molestie est vitae eleifend. Nulla facilisi. Integer in velit tortor. In rhoncus neque id enim convallis vel tempus augue posuere. Integer lobortis, nisl vel ultricies cursus, libero nulla dapibus ligula, ac tincidunt purus massa ac odio. Sed posuere arcu eu arcu tempus molestie nec nec sem. Integer mattis mollis est in congue. Curabitur accumsan massa felis. Quisque accumsan scelerisque volutpat. Vestibulum ante ipsum primis in faucibus orci luctus et ultrices posuere cubilia Curae; Curabitur vestibulum lacinia felis, ac elementum turpis vestibulum vitae. Suspendisse ligula elit, pulvinar a condimentum a, ultricies eleifend nulla. Ut commodo risus sit amet tortor venenatis ullamcorper. Nunc nec purus sed enim porttitor ullamcorper sed et nisi. Mauris nisl mi, hendrerit ac tincidunt sed, suscipit id tellus. Quisque pulvinar eros sit amet mi ultrices congue ac et dolor.\n\nAenean non leo elit, eu egestas nunc. Curabitur vel tortor massa. Suspendisse potenti. Nullam a vehicula odio. Nullam egestas nisi vel felis rhoncus facilisis quis blandit lacus. In eros quam, tempor a venenatis nec, fringilla in lacus. Suspendisse sagittis lacinia auctor. Ut viverra facilisis urna, blandit mattis purus ullamcorper non. Praesent ac leo nec augue volutpat lacinia. Curabitur tempus condimentum ornare. Ut eleifend consectetur leo ac consectetur. Integer elementum ullamcorper ultricies. Mauris et eros in turpis imperdiet pellentesque et eu lorem. Nam congue elit leo. Etiam aliquet, nulla sit amet auctor sodales, lacus arcu luctus tortor, a auctor elit lorem at urna. Nulla eleifend velit ut urna rhoncus eget bibendum nunc pretium. Sed dictum nunc ac leo volutpat faucibus.\n\nVestibulum ornare mi odio, quis cursus ligula. Duis id urna ipsum. Pellentesque nisi metus, sagittis sit amet aliquet vitae, scelerisque eget tellus. Vestibulum molestie nisi commodo diam sollicitudin eget vehicula odio viverra. Phasellus et arcu ante. Sed sapien nisl, facilisis sit amet fringilla id, pulvinar sed lorem. Nulla facilisi. Aliquam viverra, ante sed vestibulum facilisis, nisl mi imperdiet odio, ac dictum metus diam rhoncus magna. Sed blandit, turpis sit amet ornare viverra, nunc eros hendrerit magna, nec accumsan ligula mi in augue. Etiam dictum, purus et venenatis pharetra, nulla purus venenatis est, sed hendrerit magna nisi vel est. Suspendisse fermentum vestibulum pretium. Lorem ipsum dolor sit amet, consectetur adipiscing elit. Proin lobortis, risus nec eleifend tincidunt, purus ligula pulvinar dui, non rutrum nibh metus ut tortor. Maecenas scelerisque tellus sit amet tellus eleifend nec tristique ipsum sollicitudin. Cras odio tellus, viverra non interdum non, dignissim ac nibh. Proin viverra dapibus urna, non blandit lorem adipiscing eget. Vestibulum ante ipsum primis in faucibus orci luctus et ultrices posuere cubilia Curae; Phasellus tristique est vitae odio molestie non pretium eros laoreet. Maecenas rhoncus felis sed lectus ornare elementum. Vestibulum aliquam vulputate eleifend.\n\nUt et tristique diam. Cum sociis natoque penatibus et magnis dis parturient montes, nascetur ridiculus mus. Curabitur auctor lobortis urna, viverra dictum magna convallis eget. In non erat nibh. Morbi velit leo, auctor nec interdum vel, varius porttitor metus. Morbi interdum blandit est eget ornare. Morbi pharetra blandit dignissim. Suspendisse fermentum consequat elementum. In sollicitudin dolor in massa interdum a dapibus lacus condimentum. Sed in risus justo. Sed non purus a neque malesuada placerat at pulvinar est. Donec tellus ligula, iaculis vitae scelerisque et, dictum et libero. Vestibulum sollicitudin, nulla id placerat porttitor, lorem est elementum leo, quis iaculis dolor dui adipiscing velit. Phasellus sit amet tortor orci, fringilla bibendum quam. Ut porta faucibus egestas. Duis rhoncus iaculis adipiscing. Aenean sed adipiscing neque. Sed congue, neque eget ornare pharetra, dolor mi accumsan neque, sed porta nisi ligula non dolor. Mauris luctus varius pharetra.",
  "title": "Document 3-3-2-4-4",
  "__meta": {
    "updateId": -1810158700,
    "cdate": 1501428315070,
    "cuser": "cn=Al Mass,o=DARWINO",
    "mdate": 1501428394900,
    "replicaId": "85257FB8005090FB",
    "changes": "Ti4T",
    "muser": "cn=Al Mass,o=DARWINO",
    "seqId": 1
  }
}