{
  "form": "CompanyDocument",
  "_parentid": "3FE95160A5EB13E58525816D0054B686",
  "document": "Cras convallis molestie elit, euismod pharetra nulla aliquet non. Vestibulum rutrum ornare nulla, ac tempor magna euismod at. Pellentesque vel felis ac lorem pharetra laoreet. Nulla lacus lectus, lobortis sit amet dictum ut, sollicitudin sit amet enim. In hac habitasse platea dictumst. Aenean dignissim, tellus at mattis hendrerit, tortor risus commodo dui, ac dapibus libero ipsum eget mi. Mauris semper cursus lectus ut egestas. Donec nec sapien eget quam consectetur commodo eget at est. Aliquam sit amet nulla metus. In hac habitasse platea dictumst. Proin risus purus, fermentum vel dictum vitae, suscipit ac quam.\n\nInteger congue massa id velit commodo sit amet posuere erat tristique. Ut lobortis congue arcu non dignissim. Duis libero justo, elementum quis lacinia id, tristique eu tortor. In ac leo congue ante consectetur mattis ut a arcu. Mauris vehicula nunc sit amet nibh placerat at consequat dui tristique. Vestibulum nec nibh eu lectus fermentum cursus. Vestibulum at lectus quis nisl tincidunt ornare vitae a libero. Praesent vel dolor eget nisi facilisis dictum imperdiet non libero. Pellentesque consectetur nunc non mi eleifend rutrum eu sit amet eros. Etiam ac tellus nec dui mollis tempus. Nam sit amet mauris id ligula eleifend pretium. Class aptent taciti sociosqu ad litora torquent per conubia nostra, per inceptos himenaeos. Aliquam libero leo, bibendum quis cursus ut, suscipit eget nisi. Sed ac velit velit, ac vestibulum arcu. Etiam fermentum libero vel diam lacinia ut porttitor nunc fermentum. Ut id dui nibh, sed sodales dui. Curabitur semper arcu et dui lobortis ut volutpat massa elementum. Sed nisi nibh, eleifend at mattis nec, pellentesque ac lacus. Integer vel odio tortor.",
  "title": "Document 1-2-2-3-1",
  "__meta": {
    "updateId": -1810151400,
    "cdate": 1501428317510,
    "cuser": "cn=Al Mass,o=DARWINO",
    "mdate": 1501428402200,
    "replicaId": "85257FB8005090FB",
    "changes": "lBZw",
    "muser": "cn=Al Mass,o=DARWINO",
    "seqId": 1
  }
}