{
  "form": "CompanyDocument",
  "_parentid": "9F0E70E48A0B06138525816D0054B565",
  "document": "Nulla adipiscing justo quis metus mollis et dictum libero rutrum. Donec massa lorem, laoreet volutpat consectetur a, vestibulum non odio. Cum sociis natoque penatibus et magnis dis parturient montes, nascetur ridiculus mus. Morbi orci sem, luctus in blandit id, aliquam quis est. Nunc vel nunc at sapien sollicitudin interdum. Duis vehicula velit a lectus sodales sagittis. Ut a dui ut risus gravida elementum. Quisque nisi est, faucibus eget ullamcorper vel, faucibus a nisi. Vivamus sit amet lorem massa, vel mollis leo. Nullam sodales, augue eget facilisis ultrices, nunc dolor lobortis nibh, sed venenatis urna quam eget tortor. Sed aliquam lectus sed ipsum elementum non ornare est congue. Ut mauris justo, aliquet pretium egestas sed, porta vel augue. Curabitur sollicitudin eros in lectus commodo congue. Vivamus libero diam, dapibus vel posuere faucibus, euismod nec nibh. Donec sed lacus id ante accumsan adipiscing ut ac turpis. In hac habitasse platea dictumst. Mauris ullamcorper tincidunt tortor, nec volutpat diam tincidunt ac.",
  "title": "Document 3-1-1",
  "__meta": {
    "updateId": -1810160050,
    "cdate": 1501428314620,
    "cuser": "cn=Al Mass,o=DARWINO",
    "mdate": 1501428393550,
    "replicaId": "85257FB8005090FB",
    "changes": "Mt8V",
    "muser": "cn=Al Mass,o=DARWINO",
    "seqId": 1
  }
}