{
  "firstname": "Franklin",
  "comments": "<font size=\"2\" face=\"sans-serif\">A solid engineer is now managing the golden engineer, reported the competitive physicist</font><br />\r\n<font size=\"2\" face=\"sans-serif\">A golden duck has met with a knife</font><br />\r\n<font size=\"2\" face=\"sans-serif\">A desk bought a spoon</font><br />\r\n<font size=\"2\" face=\"sans-serif\">The car allegedly spoke to a road, said a tangerine</font><br />\r\n<font size=\"2\" face=\"sans-serif\">Last evening the competitive desk is investigating a shoe</font>",
  "homephone": "(463) 854-1745",
  "city": "Schenectady",
  "sex": "M",
  "picture": "http://www.gravatar.com/avatar/9085caa3d8adf4e192fb3dec03b67223?d=retro",
  "lastname": "Rowland",
  "__meta": {
    "updateId": -1810120010,
    "cdate": 1501428331110,
    "cuser": "cn=Al Mass,o=DARWINO",
    "mdate": 1501428433590,
    "replicaId": "85257FB8005090FB",
    "changes": "syLQ",
    "muser": "cn=Al Mass,o=DARWINO",
    "seqId": 2
  },
  "zipcode": "12302",
  "form": "Contact",
  "street": "353 Sheffield Drive",
  "firstcontact": "2012-10-26T05:49:00.000-05:00",
  "workphone": "(518) 145-1661",
  "mobilephone": "(385) 509-1821",
  "company": "Dalttechnology",
  "state": "NY",
  "card": "<img src=\"$document-attachment/Card%7C%7Cinline-0.84.gif\" width=\"80\" height=\"80\" /><br />\r\n<font size=\"2\" face=\"sans-serif\"><b>Name</b></font><font size=\"2\" face=\"sans-serif\">: Franklin Rowland</font><br />\r\n<font size=\"2\" face=\"sans-serif\"><b>EMail</b></font><font size=\"2\" face=\"sans-serif\">: frowland@darwino.com</font><br />\r\n<font size=\"2\" face=\"sans-serif\"><b>Company</b></font><font size=\"2\" face=\"sans-serif\">: Dalttechnology</font>",
  "email": "frowland@darwino.com"
}