{
  "form": "CompanyDocument",
  "_parentid": "FBF3A8D12387B1608525816D0054B57A",
  "document": "Etiam sit amet posuere quam. Integer sit amet erat quis tellus pulvinar bibendum. Pellentesque non metus est, id hendrerit magna. Morbi a mi non nibh aliquam dapibus. Pellentesque vitae elementum nulla. Donec sit amet ullamcorper sem. Etiam facilisis lorem dui, adipiscing suscipit est. Donec velit orci, porta ut pretium ut, dignissim a turpis. Fusce at turpis arcu, id tempus neque. Vestibulum dictum erat elit. Aliquam vehicula, massa sit amet scelerisque egestas, enim nibh ultrices massa, id semper nunc magna quis lectus.\n\nInteger orci turpis, ullamcorper non faucibus eu, cursus in sem. Sed volutpat est a libero tincidunt ut laoreet dolor rhoncus. Cras sed eleifend velit. Ut semper urna ac mauris ultricies sed luctus dolor varius. Maecenas tincidunt nibh felis, at pulvinar orci. Duis ac scelerisque leo. Nam luctus augue non massa accumsan bibendum. Suspendisse posuere tincidunt imperdiet. Mauris aliquam ullamcorper tincidunt. Cras ultrices placerat nibh, id pulvinar lorem molestie et. Pellentesque aliquam posuere leo, at rutrum lorem vulputate eget. Aliquam luctus tortor eu risus malesuada ac rutrum justo tempus. Cras nec dignissim dolor.\n\nMaecenas consectetur iaculis faucibus. Etiam ipsum nisl, aliquet et vestibulum in, aliquet et quam. Cras fringilla tortor vel lectus convallis ornare. Etiam nisi ante, elementum in hendrerit ac, tristique eget purus. Suspendisse aliquam, nibh non venenatis pulvinar, odio lectus dapibus ipsum, a porta velit ante ac tortor. Sed cursus dapibus lacus ac posuere. Sed nisl enim, mattis ac tincidunt sodales, faucibus egestas dui. Donec placerat venenatis nisi nec semper. Fusce vel leo mauris, in rutrum enim. Cras eget adipiscing dui. Ut malesuada lacinia dictum. Sed porttitor massa eu metus ullamcorper vitae imperdiet sapien volutpat. Aliquam ut elit odio, a hendrerit nunc. Mauris aliquet volutpat mattis. Sed ante quam, venenatis vitae placerat ut, sodales ac eros. Suspendisse leo nulla, feugiat tincidunt faucibus a, porttitor in nulla. Donec erat sem, egestas feugiat consectetur vel, fermentum eget justo.\n\nQuisque quam orci, cursus at hendrerit in, vestibulum sit amet metus. Donec vulputate sapien vitae nunc aliquet congue. Cras quis nisi at augue rhoncus vulputate quis ac libero. Fusce in magna eget libero iaculis varius eget eu odio. Cras turpis elit, lobortis vitae eleifend ut, vestibulum sit amet ipsum. Integer malesuada lacus et tortor dapibus pellentesque. Suspendisse lacus odio, tincidunt ac venenatis varius, ullamcorper vel nulla. Ut placerat erat vitae nunc rhoncus vitae feugiat elit dignissim. Maecenas accumsan viverra magna, vitae auctor lectus dapibus in. Cras blandit gravida tortor, in lobortis odio dapibus vitae. Lorem ipsum dolor sit amet, consectetur adipiscing elit. Phasellus a viverra risus. Integer vitae erat non ligula mattis fermentum quis eget lacus. Nullam nisl nisi, tincidunt a imperdiet quis, eleifend quis diam. Nam mi nisl, auctor quis hendrerit in, mattis eget ligula. Cras euismod, felis nec gravida varius, augue nisl porttitor erat, eu fermentum mauris massa et odio. Donec eget lacus nunc. Ut sed lacus velit, a blandit leo.",
  "title": "Document 3-3-1-3",
  "__meta": {
    "updateId": -1810159270,
    "cdate": 1501428314880,
    "cuser": "cn=Al Mass,o=DARWINO",
    "mdate": 1501428394330,
    "replicaId": "85257FB8005090FB",
    "changes": "mzFR",
    "muser": "cn=Al Mass,o=DARWINO",
    "seqId": 1
  }
}