{
  "form": "CompanyDocument",
  "_parentid": "D844477EDE75D8318525816D0054A72B",
  "document": "Nulla nec risus arcu. Praesent neque mauris, condimentum et pretium vitae, gravida at diam. Proin lacus nulla, adipiscing a eleifend eget, elementum sit amet lacus. Duis dictum cursus feugiat. Pellentesque accumsan congue aliquam. Fusce congue nisl non lacus elementum lobortis. Curabitur sollicitudin porttitor vulputate. In lacinia, nisl eget pretium tincidunt, urna risus sagittis erat, quis adipiscing mauris tortor sed diam. Morbi pellentesque aliquam luctus. Vestibulum blandit accumsan est, ac viverra magna blandit sit amet. Vivamus feugiat magna at dolor rhoncus porttitor.\n\nIn venenatis egestas mauris eget semper. Fusce condimentum ligula sed elit accumsan non tristique dui adipiscing. Nulla accumsan varius orci et laoreet. Fusce et tortor vel ante ultricies venenatis. Aenean sollicitudin, sapien a tincidunt scelerisque, tortor mauris tempor nisi, eu laoreet magna dui ut enim. Morbi vitae elit arcu. Aenean quis cursus nisi. Vivamus tempus, odio in tempus ullamcorper, urna orci tempor eros, nec porttitor magna tellus quis nunc. Vivamus adipiscing pellentesque felis, ut tincidunt nisi convallis ac. Nulla facilisi. Aliquam pulvinar nunc eu orci accumsan viverra. Quisque quis turpis dolor. In hac habitasse platea dictumst. Nullam augue odio, tincidunt a pellentesque at, consequat quis sem. Sed ultricies quam eget odio facilisis sollicitudin. Aenean quis mauris ante.",
  "title": "Document 3-3-3-1",
  "__meta": {
    "updateId": -1810269120,
    "cdate": 1501428278200,
    "cuser": "cn=Al Mass,o=DARWINO",
    "mdate": 1501428284480,
    "replicaId": "85257FB8005090FB",
    "changes": "e_TF",
    "muser": "cn=Al Mass,o=DARWINO",
    "seqId": 1
  }
}