{
  "form": "CompanyDocument",
  "_parentid": "3608401CFF74CA238525816D0054B313",
  "document": "In non felis elit. Integer eleifend velit ac lacus vestibulum imperdiet. Cras lacus orci, posuere a euismod nec, convallis et nibh. Proin pretium risus sit amet leo pulvinar fermentum. Mauris sapien diam, interdum et egestas et, hendrerit non tellus. Pellentesque auctor feugiat lacus, id aliquam lacus faucibus in. Vivamus tempor ornare varius. Suspendisse in ultrices nisi. Aenean fermentum dictum mauris at consectetur. Cras porta ultricies libero sit amet volutpat. Suspendisse dapibus convallis nulla, non ultrices purus egestas pulvinar. Suspendisse tellus augue, dignissim non mollis a, tristique id nunc. Sed tempor rhoncus lacus, id feugiat metus convallis eget. Praesent sed nisi tellus, in dapibus justo.",
  "title": "Document 4-1-2-2",
  "__meta": {
    "updateId": -1810177780,
    "cdate": 1501428308700,
    "cuser": "cn=Al Mass,o=DARWINO",
    "mdate": 1501428375820,
    "replicaId": "85257FB8005090FB",
    "changes": "ApI9",
    "muser": "cn=Al Mass,o=DARWINO",
    "seqId": 1
  }
}