{
  "firstname": "Claudia",
  "comments": "<font size=\"2\" face=\"sans-serif\">The short duck is expected to sell a truck</font><br />\r\n<font size=\"2\" face=\"sans-serif\">A solid steak bought a paper</font><br />\r\n<font size=\"2\" face=\"sans-serif\">A golden shoe warned a nationwide potato, claimed a convenient salad</font><br />\r\n<font size=\"2\" face=\"sans-serif\">The green road was reported to have met with a fierce mouse, claimed a spoon</font>",
  "homephone": "(935) 883-1068",
  "city": "Key West",
  "sex": "F",
  "picture": "http://www.gravatar.com/avatar/82a07442cf0a80c00f61c071b093b645?d=retro",
  "lastname": "Brock",
  "__meta": {
    "updateId": -1810120970,
    "cdate": 1501428330630,
    "cuser": "cn=Al Mass,o=DARWINO",
    "mdate": 1501428432630,
    "replicaId": "85257FB8005090FB",
    "changes": "e0hd",
    "muser": "cn=Al Mass,o=DARWINO",
    "seqId": 2
  },
  "zipcode": "33040",
  "form": "Contact",
  "street": "174 Garfield Avenue",
  "firstcontact": "2016-08-08T03:07:32.000-05:00",
  "workphone": "(662) 392-1400",
  "mobilephone": "(254) 412-1226",
  "company": "Iselectrics",
  "state": "FL",
  "card": "<img src=\"$document-attachment/Card%7C%7Cinline-0.84.gif\" width=\"80\" height=\"80\" /><br />\r\n<font size=\"2\" face=\"sans-serif\"><b>Name</b></font><font size=\"2\" face=\"sans-serif\">: Claudia Brock</font><br />\r\n<font size=\"2\" face=\"sans-serif\"><b>EMail</b></font><font size=\"2\" face=\"sans-serif\">: cbrock@darwino.com</font><br />\r\n<font size=\"2\" face=\"sans-serif\"><b>Company</b></font><font size=\"2\" face=\"sans-serif\">: Iselectrics</font>",
  "email": "cbrock@darwino.com"
}