{
  "firstname": "Sherrie",
  "comments": "<font size=\"2\" face=\"sans-serif\">The gray soup will work together with the monitor</font>",
  "homephone": "(691) 231-1372",
  "city": "Fitchburg",
  "sex": "F",
  "picture": "http://www.gravatar.com/avatar/723aa6bcc0b8e73d034cfa6abab976b5?d=retro",
  "lastname": "Barnett",
  "__meta": {
    "updateId": -1810133410,
    "cdate": 1501428324410,
    "cuser": "cn=Al Mass,o=DARWINO",
    "mdate": 1501428420190,
    "replicaId": "85257FB8005090FB",
    "changes": "eMVo",
    "muser": "cn=Al Mass,o=DARWINO",
    "seqId": 2
  },
  "zipcode": "01420",
  "form": "Contact",
  "street": "466 Schoolhouse Lane",
  "firstcontact": "2013-01-29T20:11:36.000-05:00",
  "workphone": "(203) 816-1393",
  "mobilephone": "(152) 482-1375",
  "company": "Bioplex",
  "state": "MA",
  "card": "<img src=\"$document-attachment/Card%7C%7Cinline-0.84.gif\" width=\"80\" height=\"80\" /><br />\r\n<font size=\"2\" face=\"sans-serif\"><b>Name</b></font><font size=\"2\" face=\"sans-serif\">: Sherrie Barnett</font><br />\r\n<font size=\"2\" face=\"sans-serif\"><b>EMail</b></font><font size=\"2\" face=\"sans-serif\">: sbarnett@darwino.com</font><br />\r\n<font size=\"2\" face=\"sans-serif\"><b>Company</b></font><font size=\"2\" face=\"sans-serif\">: Bioplex</font>",
  "email": "sbarnett@darwino.com"
}