{
  "form": "CompanyDocument",
  "_parentid": "4580620D904806068525816D0054B5CA",
  "document": "Donec sit amet odio sed dolor tincidunt commodo. Phasellus vitae neque a diam consectetur lacinia. In eget nisi metus. Quisque vehicula, urna mollis iaculis placerat, neque sapien pulvinar risus, at suscipit justo odio consectetur mauris. Aenean facilisis purus a quam commodo ac ultricies ante lacinia. Fusce a lectus massa, non convallis orci. Vestibulum cursus accumsan congue. Sed vestibulum orci vitae neque sollicitudin fringilla. Praesent mollis posuere dolor semper pulvinar. Pellentesque sollicitudin, quam eu dapibus facilisis, velit justo vestibulum lorem, at sollicitudin augue enim quis eros. Aliquam ut ante enim. Cras sit amet lectus nec odio sodales tincidunt. Curabitur hendrerit felis vitae nisl tempus vitae lobortis orci aliquam. Integer faucibus lectus vel purus eleifend elementum. Aliquam nec ultricies ipsum. Donec eu blandit arcu. Vivamus cursus, turpis a porttitor lobortis, ligula sapien aliquam dolor, vel tincidunt justo nulla in tellus. Etiam tincidunt laoreet laoreet. Nulla velit odio, convallis tempus eleifend in, fermentum ac nisl.\n\nIn non justo cursus purus adipiscing fermentum. Sed commodo orci at purus fringilla ut commodo urna porttitor. Donec condimentum lectus eget ligula imperdiet interdum. Integer quis lectus ut elit vulputate interdum. Suspendisse tempus fringilla lacus vel rhoncus. Vestibulum semper arcu et libero laoreet faucibus. Praesent nisl tortor, laoreet vulputate aliquet ut, faucibus ac orci. Nam a tincidunt metus. Curabitur a libero arcu, id mattis neque. Vivamus semper tortor vitae lectus euismod facilisis. Donec id malesuada massa. Nulla pretium enim ut justo blandit id tristique nisi vestibulum. Quisque mattis ornare ligula vitae sagittis. Curabitur ornare, lorem in iaculis adipiscing, eros libero congue ipsum, ut fermentum tellus dolor condimentum arcu. Aliquam odio massa, sollicitudin nec luctus at, varius at mi. In hac habitasse platea dictumst. Mauris purus turpis, tempor ac ultrices id, fringilla facilisis nunc.\n\nUt elit ipsum, dapibus id vulputate a, pretium condimentum justo. Nulla et nisi at turpis venenatis tincidunt. Morbi imperdiet libero eu odio molestie consectetur. Proin ornare placerat ligula eget adipiscing. Etiam sed est ligula. Cras porta lorem non tellus consequat eget vulputate felis tristique. Ut posuere, est non faucibus faucibus, ipsum sapien vulputate velit, vitae dapibus dolor lectus in lacus. Suspendisse non dui tortor, quis dignissim libero. Aenean sit amet aliquam lacus. Donec interdum imperdiet erat non consequat. Nunc consequat arcu ac elit sagittis dignissim. Quisque eros erat, tempus sed venenatis id, eleifend vitae tortor. Aliquam erat volutpat. Vivamus facilisis placerat odio, nec mollis dolor tristique sed. Donec lobortis lacus eu nisl porttitor volutpat eget sed diam. Suspendisse et adipiscing leo. Duis id mi lacus, sit amet mollis nunc. Aenean et sodales tellus. Praesent ullamcorper diam non nisl bibendum a malesuada turpis bibendum.",
  "title": "Document 1-3-1-1",
  "__meta": {
    "updateId": -1810157030,
    "cdate": 1501428315630,
    "cuser": "cn=Al Mass,o=DARWINO",
    "mdate": 1501428396570,
    "replicaId": "85257FB8005090FB",
    "changes": "99yc",
    "muser": "cn=Al Mass,o=DARWINO",
    "seqId": 1
  }
}