{
  "form": "CompanyDocument",
  "_parentid": "F442F95E160A50198525816D0054B526",
  "document": "Nulla facilisi. Aliquam dui metus, tincidunt at dignissim sit amet, tincidunt euismod felis. Duis fringilla justo sed risus commodo fermentum. Ut eu nibh ut dui commodo dictum eu nec urna. Integer id justo eros. Phasellus tristique magna vel sem euismod sagittis. Duis pretium, odio id venenatis tempus, dolor purus vehicula quam, non feugiat erat turpis eu nunc. Curabitur tristique posuere enim, at imperdiet urna tincidunt eu. Maecenas sit amet neque vel nibh dignissim interdum eget a diam. Proin cursus vehicula ligula, in pulvinar erat egestas ac. Curabitur vehicula massa in velit vehicula sit amet facilisis mi pharetra. Suspendisse vitae dui et sapien volutpat pharetra et non velit. Cum sociis natoque penatibus et magnis dis parturient montes, nascetur ridiculus mus. Nulla at turpis sem. Nam egestas, enim eu facilisis elementum, dui lorem ultricies nibh, et porta dolor nisi eu turpis. Vivamus pellentesque leo eget risus hendrerit fermentum. In tincidunt hendrerit dui vitae lobortis.",
  "title": "Document 1-3-2-2",
  "__meta": {
    "updateId": -1810161910,
    "cdate": 1501428314000,
    "cuser": "cn=Al Mass,o=DARWINO",
    "mdate": 1501428391690,
    "replicaId": "85257FB8005090FB",
    "changes": "uSkT",
    "muser": "cn=Al Mass,o=DARWINO",
    "seqId": 1
  }
}