{
  "form": "CompanyDocument",
  "_parentid": "8CC8E745B630FF098525816D0054B133",
  "document": "Mauris sit amet tellus ac odio tempus dignissim sit amet ac sapien. Duis at pretium nisl. Nullam imperdiet suscipit gravida. Quisque mattis lectus at nibh mollis sit amet vestibulum sem imperdiet. Donec sed dui sed metus commodo fringilla in a erat. In rhoncus consectetur hendrerit. Pellentesque non purus sapien, sit amet adipiscing lacus. Cras id purus enim, sed bibendum turpis. Ut nec lectus eu tortor mollis fringilla. Cras vel lorem ligula.\n\nFusce sed sapien quam. Aenean in risus elit. Praesent condimentum pharetra ultricies. Vestibulum ante ipsum primis in faucibus orci luctus et ultrices posuere cubilia Curae; Aenean vitae lectus neque, ut sodales leo. Morbi eros nibh, varius eget tristique ac, consectetur sit amet purus. Nullam fringilla egestas purus, sit amet ultrices odio porttitor id. Praesent ac sem ipsum. Fusce sem quam, egestas consequat convallis in, condimentum sed lacus. Aliquam sodales mollis enim, ac consectetur nibh dictum sed. Fusce quis ligula enim. Aliquam tristique faucibus orci eu laoreet. Vestibulum dapibus massa eu nunc tempor a feugiat nisi luctus. Fusce et ullamcorper nunc. Maecenas vestibulum pretium sodales. Morbi gravida quam vitae ante aliquet pretium. Cras viverra nulla fringilla sapien tincidunt sed malesuada neque aliquet. Praesent semper fermentum venenatis.\n\nNullam venenatis arcu in nunc mattis interdum. Vivamus ut facilisis velit. Sed vitae rutrum elit. Praesent vel urna vel nisl faucibus euismod nec ac nulla. Mauris mattis, tortor vel placerat facilisis, erat dolor luctus turpis, nec facilisis sapien enim at sapien. Suspendisse potenti. Pellentesque vestibulum nunc a tortor interdum quis congue nisl tincidunt. Maecenas vel nibh nec ligula vulputate scelerisque a eu arcu. In et bibendum nisi. Nulla laoreet imperdiet magna, ut ornare orci dapibus sed. Sed et urna lacus. Praesent id nulla commodo diam rhoncus consequat. Pellentesque rutrum lacinia libero, ut cursus nisl faucibus non. Pellentesque nibh risus, ultricies sit amet hendrerit et, viverra sed nulla.",
  "title": "Document 1-3-3-1",
  "__meta": {
    "updateId": -1810192220,
    "cdate": 1501428303880,
    "cuser": "cn=Al Mass,o=DARWINO",
    "mdate": 1501428361380,
    "replicaId": "85257FB8005090FB",
    "changes": "adgi",
    "muser": "cn=Al Mass,o=DARWINO",
    "seqId": 1
  }
}