{
  "form": "CompanyDocument",
  "_parentid": "C9B582518B6212B68525816D0054AF21",
  "document": "Phasellus tincidunt scelerisque dapibus. Cum sociis natoque penatibus et magnis dis parturient montes, nascetur ridiculus mus. In consequat quam non quam malesuada sit amet bibendum nunc porta. Vestibulum adipiscing vehicula purus, non convallis purus cursus at. Ut nisi purus, mattis quis lacinia a, rhoncus et ante. Ut nec arcu ligula, a tempus eros. Curabitur vel dictum metus. Ut rhoncus semper commodo. Pellentesque vitae leo eget magna rutrum feugiat bibendum ac turpis. Curabitur adipiscing augue odio. Sed iaculis pellentesque metus, eu porttitor neque sagittis id. Phasellus justo quam, lobortis eu varius in, vulputate sed tortor.\n\nSuspendisse nec neque at nisi porttitor lacinia. Sed rhoncus imperdiet urna, sed adipiscing tortor mattis nec. Curabitur sollicitudin tristique augue lobortis vestibulum. Nulla auctor venenatis commodo. Donec congue, mi a ullamcorper bibendum, sapien felis hendrerit ligula, id scelerisque erat tellus at tellus. Phasellus lacinia vestibulum commodo. Morbi id nisl nisi, at ultricies lectus. Ut gravida turpis sit amet magna pharetra eleifend. In tristique varius tellus ut blandit. Fusce at odio quis nibh adipiscing egestas quis aliquet velit. Integer pulvinar dui lobortis urna venenatis non tincidunt felis eleifend. Ut vestibulum, nunc non rutrum egestas, est orci varius nibh, at venenatis arcu nisi fringilla metus. Donec eu nulla in justo egestas mattis malesuada id leo. Vestibulum id lorem metus. Duis porta, risus sed ultricies tincidunt, nisl nisi mattis metus, et cursus neque risus convallis arcu. Class aptent taciti sociosqu ad litora torquent per conubia nostra, per inceptos himenaeos. Pellentesque habitant morbi tristique senectus et netus et malesuada fames ac turpis egestas. Suspendisse vehicula neque nec diam volutpat sed tempor libero vulputate. Nunc eget sapien eros, eleifend molestie erat. Praesent ut sapien felis, non tristique tellus.\n\nCurabitur enim nibh, pretium sit amet viverra vitae, consectetur ac velit. Nulla facilisi. Integer vulputate, ligula in volutpat ultricies, neque ante sodales risus, adipiscing congue sem elit sit amet lorem. Aliquam ultricies lorem ac mi eleifend gravida pharetra odio aliquet. Proin elementum nisi et enim mattis at pellentesque enim egestas. Suspendisse faucibus, lacus eu ultrices bibendum, lacus metus eleifend turpis, et interdum tellus mauris egestas sapien. Duis nibh risus, scelerisque nec mollis non, consectetur mattis lectus. Duis elementum lacus quis metus semper porta. Maecenas accumsan, felis luctus molestie dignissim, lectus massa commodo quam, ut pulvinar lacus massa a felis. Phasellus tincidunt arcu et ipsum varius sed ullamcorper ante adipiscing.\n\nDonec sed quam sem, a ullamcorper tortor. Sed porta convallis metus id mollis. Integer luctus rutrum tellus et imperdiet. Suspendisse nec dolor non augue luctus fermentum a ac magna. Pellentesque habitant morbi tristique senectus et netus et malesuada fames ac turpis egestas. Aenean rhoncus orci ac dolor suscipit nec auctor odio scelerisque. Etiam nunc augue, dignissim vitae placerat ac, pulvinar id arcu. Fusce in sapien a ipsum semper pellentesque. Aliquam erat volutpat. Maecenas eget ligula sit amet enim eleifend viverra id et libero. In enim massa, interdum vitae hendrerit vitae, dignissim ut lectus.",
  "title": "Document 2-2-1-2-4",
  "__meta": {
    "updateId": -1810208000,
    "cdate": 1501428298610,
    "cuser": "cn=Al Mass,o=DARWINO",
    "mdate": 1501428345600,
    "replicaId": "85257FB8005090FB",
    "changes": "cfIQ",
    "muser": "cn=Al Mass,o=DARWINO",
    "seqId": 1
  }
}