{
  "form": "CompanyDocument",
  "_parentid": "873905EEDF9359068525816D0054B369",
  "document": "Nunc eu erat eu nisi consectetur tincidunt at et elit. Fusce non nulla ut turpis rhoncus accumsan. Nunc eleifend lacinia elit vitae faucibus. Aenean iaculis imperdiet ligula, ut consequat orci interdum nec. Vestibulum pretium felis sit amet enim aliquam euismod. Suspendisse eget nisl erat. Etiam tempus malesuada eros, eu consectetur tortor venenatis et. Sed in dolor et massa condimentum dictum. Phasellus at dolor nec nulla pharetra tempus. Morbi fringilla, urna et aliquam commodo, erat ligula aliquam diam, nec congue ligula sapien ut mauris. Curabitur suscipit auctor lectus vel interdum. Maecenas in dui ipsum. Nulla sollicitudin mauris in lorem feugiat tempor. Nam tincidunt neque ut arcu egestas volutpat. Integer eleifend mi id turpis accumsan aliquet tempor nisi commodo. Aliquam sed ligula eget erat pellentesque sollicitudin ac eu ante. Nulla at ligula libero, sit amet placerat erat. In scelerisque iaculis ligula vitae mattis.",
  "title": "Document 4",
  "__meta": {
    "updateId": -1810170530,
    "cdate": 1501428311120,
    "cuser": "cn=Al Mass,o=DARWINO",
    "mdate": 1501428383070,
    "replicaId": "85257FB8005090FB",
    "changes": "mVqm",
    "muser": "cn=Al Mass,o=DARWINO",
    "seqId": 1
  }
}