{
  "form": "CompanyDocument",
  "_parentid": "83CA029B70CD00768525816D0054A7FD",
  "document": "Sed at odio id nunc venenatis mollis. Nunc nisi ipsum, ultrices ut bibendum vitae, tempus eu erat. Integer enim turpis, pulvinar ac vulputate at, tristique in lorem. Quisque bibendum suscipit neque. Nullam egestas facilisis placerat. Vivamus arcu arcu, euismod eget euismod malesuada, interdum eu elit. Curabitur lorem leo, sodales dapibus egestas nec, interdum eget odio. Aliquam erat volutpat. Quisque congue magna eu augue ornare cursus. Nulla ultricies, sem eget sodales porta, nunc eros tempus quam, ac rhoncus purus neque at nunc. Sed dolor lacus, vehicula sit amet venenatis at, sagittis quis nisi. Phasellus quam leo, rhoncus non facilisis ut, fringilla ac velit. Cum sociis natoque penatibus et magnis dis parturient montes, nascetur ridiculus mus. Sed semper, sem sed tempor vulputate, libero velit feugiat dolor, sodales bibendum sapien lacus non velit. Duis ante felis, gravida eu pellentesque in, semper quis mauris. Aliquam ullamcorper, ipsum vel convallis sagittis, dui arcu consequat est, in sodales velit leo sit amet mauris.",
  "title": "Document 1-1-3-3-2",
  "__meta": {
    "updateId": -1810262810,
    "cdate": 1501428280310,
    "cuser": "cn=Al Mass,o=DARWINO",
    "mdate": 1501428290790,
    "replicaId": "85257FB8005090FB",
    "changes": "Kcul",
    "muser": "cn=Al Mass,o=DARWINO",
    "seqId": 1
  }
}