{
  "form": "CompanyDocument",
  "_parentid": "343B85A22168B8468525816D0054AB02",
  "document": "Sed nec ante sit amet diam consequat tempor at non ipsum. Sed felis nisi, pellentesque nec tempus sed, accumsan ut lorem. Sed faucibus nisl vitae nunc suscipit sit amet semper nunc commodo. Pellentesque blandit metus ut dui iaculis porttitor. Phasellus non libero eu lorem sodales bibendum. Aliquam sit amet lectus sit amet libero feugiat interdum condimentum in lorem. Vivamus tincidunt tellus sed magna ornare sagittis. Aenean auctor sapien in massa viverra suscipit. Proin consequat nunc ac felis mattis ornare. In hac habitasse platea dictumst.\n\nPellentesque quis ipsum ligula, eu suscipit sapien. Phasellus ipsum leo, fringilla non cursus vel, accumsan ac metus. Suspendisse at sapien lacus, eu commodo leo. Phasellus non purus neque. Quisque ultrices enim interdum quam iaculis euismod. Duis sed est est, eget tincidunt massa. Aenean dapibus, nisi nec porta gravida, ante enim feugiat metus, sed mollis purus leo sit amet diam. Nunc ac enim et magna consequat convallis. Nam facilisis elementum turpis, at consectetur sem condimentum sit amet. Praesent vitae iaculis diam. Sed fermentum lectus mattis sem semper suscipit. Sed augue dui, imperdiet id malesuada eget, suscipit id nisi. In felis nibh, scelerisque sit amet condimentum non, gravida nec felis.\n\nNam vel urna vel justo scelerisque ullamcorper. Pellentesque sollicitudin libero quis felis consectetur eu bibendum lacus placerat. Proin vestibulum magna at orci aliquam blandit. Nam vel massa nec massa pulvinar placerat ornare vitae nunc. Phasellus sit amet quam id arcu imperdiet consectetur. Aenean lacinia consectetur arcu ac gravida. Donec convallis cursus adipiscing. Ut in lectus lorem. Nullam risus nisi, ultrices nec pellentesque et, suscipit mollis dolor. Morbi viverra nulla ut ligula convallis consectetur aliquam metus ultricies. Donec tincidunt semper pellentesque. Sed volutpat dui at justo pulvinar eget rutrum magna porta. Etiam accumsan rutrum libero, vel vestibulum sem euismod sed. Phasellus quam massa, tempor et convallis blandit, scelerisque vel nunc. Curabitur dui tortor, eleifend non rutrum sit amet, cursus sed velit.",
  "title": "Document 1-2-1-4-2",
  "__meta": {
    "updateId": -1810239670,
    "cdate": 1501428288040,
    "cuser": "cn=Al Mass,o=DARWINO",
    "mdate": 1501428313930,
    "replicaId": "85257FB8005090FB",
    "changes": "m5y_",
    "muser": "cn=Al Mass,o=DARWINO",
    "seqId": 1
  }
}