{
  "form": "CompanyDocument",
  "_parentid": "3139EA9857181EEF8525816D0054A6EA",
  "document": "Etiam mattis, eros nec vulputate porttitor, erat erat pharetra elit, quis pharetra ligula dolor eu velit. Aliquam rutrum nunc eu nunc aliquam eu hendrerit metus consequat. Etiam quis erat ac sapien tincidunt gravida. Nulla varius, nulla sed dapibus pretium, massa libero consectetur diam, vel interdum neque felis vel diam. Nam lorem nunc, posuere eget venenatis et, convallis sed massa. Vestibulum ante ipsum primis in faucibus orci luctus et ultrices posuere cubilia Curae; Sed sed nisi nunc, in commodo eros. Integer dictum bibendum quam vitae malesuada. Vestibulum sollicitudin dapibus quam id ornare. Ut vulputate fermentum laoreet.",
  "title": "Document 2-3-1-3",
  "__meta": {
    "updateId": -1810270860,
    "cdate": 1501428277620,
    "cuser": "cn=Al Mass,o=DARWINO",
    "mdate": 1501428282740,
    "replicaId": "85257FB8005090FB",
    "changes": "r37T",
    "muser": "cn=Al Mass,o=DARWINO",
    "seqId": 1
  }
}