{
  "form": "CompanyDocument",
  "_parentid": "7D65BF9B701CCAAC8525816D0054AB2C",
  "document": "Cras convallis molestie elit, euismod pharetra nulla aliquet non. Vestibulum rutrum ornare nulla, ac tempor magna euismod at. Pellentesque vel felis ac lorem pharetra laoreet. Nulla lacus lectus, lobortis sit amet dictum ut, sollicitudin sit amet enim. In hac habitasse platea dictumst. Aenean dignissim, tellus at mattis hendrerit, tortor risus commodo dui, ac dapibus libero ipsum eget mi. Mauris semper cursus lectus ut egestas. Donec nec sapien eget quam consectetur commodo eget at est. Aliquam sit amet nulla metus. In hac habitasse platea dictumst. Proin risus purus, fermentum vel dictum vitae, suscipit ac quam.\n\nNulla rhoncus sollicitudin ligula, a auctor elit pharetra et. Cras euismod sapien eu sapien luctus eget consectetur nisi imperdiet. Integer vestibulum ultricies tellus, id rhoncus nibh congue ut. Nam rhoncus metus nunc. Vivamus diam felis, imperdiet vitae scelerisque sed, porttitor et urna. Maecenas placerat varius dolor vel congue. Aliquam eu quam vel elit tempor pulvinar. Praesent malesuada, ante ut aliquam venenatis, magna risus imperdiet velit, et tempor elit quam ultrices massa. Proin eget est non erat commodo tincidunt at nec felis. In vitae enim tortor. Etiam tincidunt, mauris sed suscipit sagittis, turpis enim tincidunt eros, ut mattis neque justo ut sem. In luctus nulla sed nunc consequat sagittis. Quisque dignissim elit at lectus lacinia ultricies. Nullam accumsan erat lectus. Mauris gravida sodales tellus ac fringilla. Phasellus semper vestibulum est, vel scelerisque elit ultrices ut. Donec est sem, tempus vel luctus at, pharetra quis justo. Quisque in tortor enim, vitae ullamcorper tortor. Integer accumsan odio a tellus dignissim euismod.\n\nDonec mauris neque, vehicula sed gravida quis, sodales a quam. Aliquam erat volutpat. Aliquam erat volutpat. Ut scelerisque aliquam bibendum. Nunc tellus magna, egestas ut ornare non, mollis sit amet metus. Nunc dictum, felis eget malesuada hendrerit, massa eros tincidunt justo, non gravida metus enim sed justo. Cras varius dictum vulputate. Maecenas faucibus interdum mauris, sit amet varius lorem mollis eu. Pellentesque quis purus nulla, eu eleifend leo. In hac habitasse platea dictumst. Phasellus ac quam sapien.",
  "title": "Document 1-3-2-3",
  "__meta": {
    "updateId": -1810238290,
    "cdate": 1501428288500,
    "cuser": "cn=Al Mass,o=DARWINO",
    "mdate": 1501428315310,
    "replicaId": "85257FB8005090FB",
    "changes": "lX2n",
    "muser": "cn=Al Mass,o=DARWINO",
    "seqId": 1
  }
}