{
  "form": "CompanyDocument",
  "_parentid": "F595FEDDF26CE0B48525816D0054AE78",
  "document": "Sed et tellus ut velit tristique malesuada. Aliquam quis leo ligula. Morbi mattis dolor eu ipsum vestibulum hendrerit hendrerit risus consectetur. Sed in metus felis, non faucibus turpis. Class aptent taciti sociosqu ad litora torquent per conubia nostra, per inceptos himenaeos. Integer a justo id enim ullamcorper cursus in sed purus. Integer porta blandit consectetur. Aliquam et lorem quis nisl gravida ultrices. Ut cursus mattis est at tincidunt. Aenean ut tincidunt leo. Morbi pretium eleifend massa vel convallis. Nullam tortor lacus, sollicitudin vitae sagittis vel, interdum vitae erat. Praesent auctor erat ut neque fermentum ac dictum purus vulputate. Praesent accumsan neque est. Maecenas viverra turpis et justo volutpat sodales.\n\nDonec aliquet nisl quis sem volutpat nec convallis enim feugiat. Morbi congue massa in nibh lobortis porta. Fusce lacus ligula, tempor vel consectetur eget, porttitor quis dui. Vestibulum felis ante, elementum eu accumsan ac, cursus non sem. Integer eu massa est, at sodales orci. Sed semper ornare metus id consectetur. Vivamus pretium posuere metus, a consectetur nibh laoreet eget. Etiam blandit tincidunt dolor, at fermentum velit feugiat in. Sed dui neque, consectetur a tincidunt vel, volutpat at arcu. Pellentesque habitant morbi tristique senectus et netus et malesuada fames ac turpis egestas. Suspendisse hendrerit vulputate massa volutpat rutrum. Morbi luctus auctor ante, vitae congue metus convallis et. Aliquam erat volutpat. Morbi pellentesque felis at erat tristique et convallis justo suscipit. Suspendisse sit amet ipsum magna, sit amet convallis ipsum. Praesent suscipit faucibus egestas.",
  "title": "Document 4-2-1-1-2",
  "__meta": {
    "updateId": -1810213120,
    "cdate": 1501428296900,
    "cuser": "cn=Al Mass,o=DARWINO",
    "mdate": 1501428340480,
    "replicaId": "85257FB8005090FB",
    "changes": "uQjt",
    "muser": "cn=Al Mass,o=DARWINO",
    "seqId": 1
  }
}