{
  "form": "CompanyDocument",
  "_parentid": "9E27C173AD4D927A8525816D0054A97F",
  "document": "Vivamus eget tellus erat. Ut laoreet libero et orci dictum lobortis. Suspendisse placerat aliquam ultrices. Fusce congue felis nec neque hendrerit consequat. Cum sociis natoque penatibus et magnis dis parturient montes, nascetur ridiculus mus. Fusce faucibus, lectus accumsan dapibus consectetur, mauris dolor tempor ipsum, non consectetur sem nisl vel leo. Aenean vel justo sed ante lacinia iaculis. Duis vulputate feugiat sapien, eu luctus diam posuere ut. Maecenas sit amet mauris sit amet ipsum vulputate sagittis. In hac habitasse platea dictumst. Etiam risus velit, feugiat quis ornare nec, dapibus posuere nisl. Suspendisse elementum, velit et gravida dignissim, mi velit placerat sem, ut vehicula dui ante sed ligula. Donec sodales dui eget est bibendum venenatis. Ut a nibh volutpat tellus congue rhoncus. In congue, mi et sagittis tempus, velit ante vestibulum enim, dignissim mollis nunc risus sit amet lorem. Vestibulum fringilla, nunc et egestas placerat, lectus enim volutpat ligula, tempus aliquam nulla velit viverra nisl. Fusce erat nunc, consequat vel euismod sit amet, condimentum elementum massa.\n\nAliquam erat volutpat. Morbi faucibus pulvinar ullamcorper. Mauris a arcu elit. Vivamus et tincidunt nunc. Vestibulum sagittis, eros sit amet facilisis rhoncus, lacus risus tincidunt lectus, nec molestie dui augue non lacus. Maecenas commodo tincidunt ornare. Pellentesque quis justo diam, vel ultricies tortor. Fusce lobortis eleifend diam, nec porta eros elementum in. Suspendisse mollis suscipit mattis. Fusce aliquam, nisi et egestas fermentum, elit ligula hendrerit libero, eu tincidunt est elit a lorem. Fusce volutpat urna vitae mauris fermentum aliquam. Donec eu ipsum sem. Cras neque ante, porta quis euismod quis, viverra id augue.\n\nFusce vel tortor purus. Aliquam erat volutpat. In ornare augue non lacus volutpat vitae dictum ante posuere. Proin rhoncus consequat ipsum, eu consectetur sapien tempor quis. Vestibulum pharetra suscipit volutpat. Morbi porta erat sit amet velit ullamcorper porta. Aliquam ut eros dolor. Pellentesque nisi sapien, dapibus eu fermentum eu, lobortis in massa. Aenean vulputate volutpat hendrerit. In bibendum, risus tempus cursus viverra, est elit interdum augue, ut dictum nulla ligula quis mi. Pellentesque sit amet rhoncus libero. Curabitur eu nulla sed eros tincidunt blandit. Cum sociis natoque penatibus et magnis dis parturient montes, nascetur ridiculus mus.",
  "title": "Document 5-1-2",
  "__meta": {
    "updateId": -1810250830,
    "cdate": 1501428284310,
    "cuser": "cn=Al Mass,o=DARWINO",
    "mdate": 1501428302770,
    "replicaId": "85257FB8005090FB",
    "changes": "1beT",
    "muser": "cn=Al Mass,o=DARWINO",
    "seqId": 1
  }
}