{
  "form": "CompanyDocument",
  "_parentid": "0F5CA454E0D0E6408525816D0054B03B",
  "document": "Duis diam dui, tincidunt id egestas sed, eleifend eu elit. Etiam rutrum eleifend magna, et euismod elit commodo at. Sed et metus ut velit aliquam tincidunt ut sed sem. Nulla facilisi. Curabitur nulla elit, aliquam eu congue nec, interdum id risus. Nulla sollicitudin leo ut arcu pellentesque pretium. In lacinia porttitor sapien. Suspendisse potenti. Aliquam erat volutpat. Proin auctor nisi in purus molestie faucibus. Morbi commodo varius massa, sed adipiscing leo tincidunt pharetra. Aliquam imperdiet tincidunt metus et adipiscing. Curabitur sed mi in ipsum lobortis ornare. Phasellus arcu nisi, suscipit vitae posuere ac, ullamcorper ac velit. Vivamus sit amet diam sapien. Nunc vel erat sit amet augue scelerisque aliquam. Pellentesque habitant morbi tristique senectus et netus et malesuada fames ac turpis egestas. Mauris ornare tristique velit quis dictum. Fusce nec nisi ligula.\n\nSed quis odio est. Aliquam sit amet lorem velit. Nullam eu nibh eget justo tempus rutrum. Donec bibendum lacinia tortor sit amet semper. Etiam eros enim, ullamcorper sit amet venenatis quis, adipiscing eget nulla. Pellentesque pharetra, sapien vitae convallis sollicitudin, lectus orci placerat libero, in iaculis metus purus et ipsum. Aenean non justo non orci scelerisque venenatis. Proin cursus lobortis libero nec aliquet. Donec id metus et lacus ultrices cursus et non justo. Nam orci libero, consequat ac elementum nec, pretium quis nulla. Suspendisse scelerisque sapien ac sem consectetur vehicula. Nunc faucibus nunc eu augue venenatis ac laoreet nisl euismod. Praesent imperdiet metus in ipsum commodo interdum. Sed malesuada quam ut dolor ultricies hendrerit. In pulvinar mi congue est hendrerit euismod. Praesent tempus accumsan magna, ut fermentum ligula fermentum a. Integer ornare sollicitudin sodales.\n\nPellentesque habitant morbi tristique senectus et netus et malesuada fames ac turpis egestas. Integer felis nulla, auctor nec gravida eget, euismod in lacus. In sodales metus eget odio vehicula non sagittis ligula varius. Donec eros lacus, bibendum at mattis ut, elementum in quam. In hac habitasse platea dictumst. Nam non rutrum lacus. Fusce eget blandit nisi. Cras ultricies tellus vel orci accumsan interdum. In nec diam et mi posuere ultricies. Mauris at pellentesque urna. Vestibulum ut arcu mauris. Nam imperdiet erat eu arcu condimentum in molestie nisl faucibus. Donec iaculis, lacus condimentum gravida ornare, nisl lacus sollicitudin massa, et elementum tellus tellus at turpis. Nulla facilisi. Sed eget purus et nisi pellentesque rutrum. Nullam ornare facilisis velit et consequat. Sed nulla quam, vehicula id venenatis feugiat, feugiat quis urna. Nunc fermentum, arcu at fermentum pulvinar, magna ipsum feugiat velit, id bibendum turpis felis id neque. Sed ut leo augue, eget iaculis massa. Nam id scelerisque nisl.\n\nSuspendisse consequat, ante sit amet eleifend ultrices, turpis ante convallis nulla, sed adipiscing dolor nisl ac est. Vestibulum molestie tincidunt convallis. Aenean nec ipsum eros. Vestibulum sed libero enim. Fusce enim orci, imperdiet ac volutpat nec, suscipit a nibh. Donec dapibus velit quis arcu vestibulum fermentum. Pellentesque tempus aliquet mi vel sollicitudin. Pellentesque habitant morbi tristique senectus et netus et malesuada fames ac turpis egestas. Nunc vel arcu eros. Proin nisi mi, egestas vitae vestibulum id, interdum non lacus. Vestibulum ut lorem erat, vel imperdiet risus. Pellentesque habitant morbi tristique senectus et netus et malesuada fames ac turpis egestas. Vestibulum tempor semper porttitor.",
  "title": "Document 1-3-1-2",
  "__meta": {
    "updateId": -1810199490,
    "cdate": 1501428301450,
    "cuser": "cn=Al Mass,o=DARWINO",
    "mdate": 1501428354110,
    "replicaId": "85257FB8005090FB",
    "changes": "MmNJ",
    "muser": "cn=Al Mass,o=DARWINO",
    "seqId": 1
  }
}