{
  "form": "CompanyDocument",
  "_parentid": "A76AEE030FB07F458525816D0054B43A",
  "document": "Maecenas vitae sem nibh, eu faucibus eros. Duis imperdiet nibh eu nunc semper accumsan. Maecenas eget quam massa. In nec ante at velit suscipit auctor vitae id lacus. Praesent vel molestie nibh. Integer sit amet mi vel ligula sagittis convallis fringilla eget quam. Suspendisse id libero est, eu dictum est. Nulla sed suscipit lacus. Sed dignissim, ligula ac pretium interdum, neque ipsum scelerisque ligula, at euismod felis lorem eget ligula. Cras sit amet nisi neque.",
  "title": "Document 4-4-4-1-3",
  "__meta": {
    "updateId": -1810168940,
    "cdate": 1501428311650,
    "cuser": "cn=Al Mass,o=DARWINO",
    "mdate": 1501428384660,
    "replicaId": "85257FB8005090FB",
    "changes": "pXe0",
    "muser": "cn=Al Mass,o=DARWINO",
    "seqId": 1
  }
}