{
  "form": "CompanyDocument",
  "_parentid": "9405DBDD85CCE0238525816D0054B0F5",
  "document": "Mauris vel risus metus. Suspendisse non felis et urna mattis accumsan non eu ante. Phasellus fermentum sollicitudin turpis, vel laoreet ligula venenatis sed. Suspendisse quam purus, malesuada varius iaculis tempor, aliquam vel ipsum. Aenean sit amet elementum leo. Sed a elit dui, et auctor turpis. Quisque dignissim libero quis quam aliquet facilisis. Mauris ut magna id libero hendrerit tempor non vel tellus. Nunc iaculis, ligula vel cursus faucibus, leo nulla molestie augue, commodo blandit nunc orci quis sapien. Aenean non nulla ut lectus cursus mattis. Nunc nisl justo, viverra sed condimentum non, pulvinar a felis. Fusce sodales volutpat mauris at aliquet. Vivamus aliquet molestie cursus. Nullam eu molestie dolor. Nullam fringilla aliquet fermentum. Duis ut felis sit amet magna venenatis sollicitudin. Mauris sed mi sed tellus facilisis bibendum in ut mi. Nam at ipsum nec turpis convallis scelerisque.\n\nNunc dictum dui ac tellus laoreet ac rutrum neque malesuada. Phasellus ultricies odio nec quam auctor pulvinar. Aliquam tincidunt mauris at lectus posuere commodo. Phasellus sed neque sapien. Sed vel lorem sit amet dui ullamcorper volutpat. Nunc ultricies pharetra leo, in ultricies purus pretium sit amet. Morbi in nibh non metus lobortis volutpat vitae id eros. Phasellus nec sapien metus. Quisque sollicitudin nunc eu risus consectetur ac bibendum eros pharetra. Cras lacinia justo et lectus tempor suscipit. Donec nec nunc leo, id gravida nulla. Integer bibendum lectus sed purus auctor fermentum. Suspendisse potenti. Proin molestie, quam at fringilla vestibulum, ipsum velit placerat arcu, id malesuada neque tellus in nibh. Nunc sed ultricies odio.\n\nPraesent vel nunc libero, ac porta enim. Donec laoreet felis vitae metus feugiat quis iaculis mauris molestie. Cras sit amet risus leo. Sed vel volutpat nisi. Nullam fermentum feugiat tortor eget ornare. Nam consequat condimentum eros, et ullamcorper augue porttitor ullamcorper. Mauris eleifend sollicitudin diam non vestibulum. Cras consectetur auctor suscipit. Integer ullamcorper ligula quis est luctus eget tincidunt ante vulputate. Vestibulum eget dui sed ipsum mattis viverra. Vestibulum volutpat sapien sit amet purus iaculis id varius ante fermentum. Donec at nulla sit amet ipsum porttitor dignissim ut pretium sem. Suspendisse potenti. Cras id erat est, id malesuada arcu. Nullam lacinia, augue ac varius pellentesque, neque mauris elementum nisl, ut rutrum dui felis vitae sapien. Maecenas tincidunt lorem vitae mi eleifend sollicitudin. Fusce eu ornare sapien.",
  "title": "Document 3-4-1-3-4",
  "__meta": {
    "updateId": -1810193980,
    "cdate": 1501428303290,
    "cuser": "cn=Al Mass,o=DARWINO",
    "mdate": 1501428359620,
    "replicaId": "85257FB8005090FB",
    "changes": "iY0L",
    "muser": "cn=Al Mass,o=DARWINO",
    "seqId": 1
  }
}