{
  "form": "CompanyDocument",
  "_parentid": "8C3B91A56DC7BD258525816D0054B702",
  "document": "Sed suscipit ipsum eu nibh vehicula placerat sed nec massa. Aenean tortor mi, tristique non fringilla nec, sodales nec mauris. Nulla ac tempor est. Curabitur non orci a purus tempus rhoncus. Sed laoreet placerat turpis et scelerisque. Mauris posuere imperdiet metus, et tempus ipsum pharetra ac. Sed faucibus mi quis ante cursus a malesuada augue pulvinar. Pellentesque bibendum lacus eu turpis lacinia faucibus. Mauris porttitor commodo congue. Sed elit massa, vestibulum sit amet feugiat a, dictum at lectus. Vestibulum sem turpis, interdum quis consectetur ullamcorper, euismod sed odio. Suspendisse congue justo in dui mollis fringilla. Suspendisse lacinia nunc a sapien elementum congue. Class aptent taciti sociosqu ad litora torquent per conubia nostra, per inceptos himenaeos. Pellentesque orci dolor, accumsan sed vehicula commodo, lacinia ac turpis. Proin luctus lorem vel sapien iaculis luctus.\n\nQuisque libero est, auctor sed tincidunt quis, lobortis et orci. Praesent ultricies orci quis est aliquam eget molestie lectus volutpat. Quisque ac ultricies arcu. Nullam tempor semper mi eu aliquet. Mauris ligula felis, porttitor non ultricies at, iaculis hendrerit lacus. Fusce pharetra nisl sed risus interdum in bibendum nisl scelerisque. Quisque porttitor, turpis in pharetra faucibus, velit risus adipiscing nibh, bibendum fringilla nisl ipsum ac metus. Aenean varius risus et turpis rhoncus vitae rhoncus metus lacinia. Fusce tempus, tellus sed malesuada malesuada, dui neque congue sem, eget mollis nisi elit et diam. In aliquam metus non nibh venenatis placerat. Duis vitae erat vel augue pretium mattis sed sed ipsum. Nam lacus libero, iaculis at dignissim vitae, dapibus et diam. Proin tempus augue nec diam facilisis fringilla.",
  "title": "Document 4-1-4",
  "__meta": {
    "updateId": -1810147320,
    "cdate": 1501428318870,
    "cuser": "cn=Al Mass,o=DARWINO",
    "mdate": 1501428406280,
    "replicaId": "85257FB8005090FB",
    "changes": "BpV2",
    "muser": "cn=Al Mass,o=DARWINO",
    "seqId": 1
  }
}