{
  "form": "CompanyDocument",
  "_parentid": "4279D64A43E24E7D8525816D0054A68E",
  "document": "Fusce sodales viverra volutpat. Nulla at interdum sapien. Aliquam eu ante eu tellus convallis lobortis. Vestibulum ante ipsum primis in faucibus orci luctus et ultrices posuere cubilia Curae; Donec vitae egestas sem. Nam porttitor placerat volutpat. Sed ut ante purus, sit amet tempor metus. Aliquam vel tortor orci. Mauris nulla justo, gravida quis mattis ut, imperdiet gravida nibh. Pellentesque habitant morbi tristique senectus et netus et malesuada fames ac turpis egestas. Integer eu eros turpis. Sed a est quis diam dignissim molestie et non orci. Mauris lobortis nunc ligula. Vivamus semper lorem quis nisl facilisis feugiat. Donec commodo, orci accumsan dapibus dapibus, odio justo semper lorem, nec semper risus felis vel mauris. Sed quam lorem, ullamcorper id tincidunt a, elementum non purus.\n\nAliquam ut risus metus, ac euismod lacus. Nullam ultricies sagittis dolor, et lobortis dolor condimentum et. Maecenas et orci lacus, at molestie erat. Proin nisi dui, vulputate sit amet adipiscing ac, porta at ipsum. Pellentesque vitae condimentum velit. Aenean nibh ante, aliquet ut aliquam non, placerat rhoncus justo. Nam euismod sagittis felis at mattis. Aenean eros libero, gravida id tristique euismod, scelerisque a est. In hac habitasse platea dictumst. Nulla euismod dictum ipsum. Ut quis urna nec sapien lobortis pharetra id quis enim. Class aptent taciti sociosqu ad litora torquent per conubia nostra, per inceptos himenaeos. Curabitur et magna venenatis leo congue sollicitudin sed sit amet arcu.\n\nQuisque sed nisl nibh. Maecenas condimentum est lacinia arcu sagittis mollis. Aliquam elementum volutpat turpis in varius. Praesent porttitor lectus ac metus ornare sollicitudin. Integer tellus eros, aliquam et consectetur at, varius vel elit. Curabitur tellus mi, fringilla et malesuada quis, dictum ac lorem. Praesent ultricies convallis fermentum. Aenean nulla est, mollis eu mattis a, ullamcorper venenatis risus. Nam accumsan gravida dui, quis aliquet purus dignissim eget. Aliquam vel erat sapien. Aliquam tincidunt sem tristique quam euismod fringilla scelerisque lacus gravida. Morbi dolor diam, tristique vel eleifend id, sodales at nisi. Proin vitae justo vitae orci venenatis vulputate. Pellentesque fermentum mollis libero non ornare. Cum sociis natoque penatibus et magnis dis parturient montes, nascetur ridiculus mus. Maecenas lacinia mauris vitae magna rutrum ac accumsan arcu condimentum.",
  "title": "Document 5-1-1-1-1",
  "__meta": {
    "updateId": -1810273820,
    "cdate": 1501428276630,
    "cuser": "cn=Al Mass,o=DARWINO",
    "mdate": 1501428279780,
    "replicaId": "85257FB8005090FB",
    "changes": "A8jI",
    "muser": "cn=Al Mass,o=DARWINO",
    "seqId": 1
  }
}