{
  "form": "CompanyDocument",
  "_parentid": "F2245D785E52E7338525816D0054AC9C",
  "document": "Pellentesque bibendum placerat scelerisque. Curabitur dignissim ipsum a nisi scelerisque lobortis. Sed tempor, sapien tincidunt pharetra lacinia, ipsum purus tempor lorem, in porttitor ante lectus eget ligula. Nulla fermentum, lectus at varius interdum, est velit laoreet purus, at porta ligula dolor quis sapien. Ut sit amet massa vel orci faucibus hendrerit in ac metus. Mauris porta ante sed diam luctus eget tempus lorem aliquam. Phasellus condimentum scelerisque metus, tincidunt vulputate tellus porta non. Vivamus sed odio a ipsum ornare ultricies. Praesent neque lorem, faucibus eget placerat eget, sagittis eget tortor. Donec ut tincidunt nisi. Aenean et lacus velit. Aenean ac nulla felis. Lorem ipsum dolor sit amet, consectetur adipiscing elit. Nunc ut risus id ipsum vulputate accumsan non eget diam. Integer et magna a diam viverra posuere. Nam nibh enim, dapibus vitae convallis sit amet, pulvinar commodo nisl. Ut ultricies lacinia nisl, at suscipit neque sollicitudin quis. Etiam feugiat augue sit amet tortor lacinia vulputate. Duis scelerisque nunc at quam accumsan a mattis elit aliquam.\n\nUt nisi dolor, pellentesque auctor posuere eget, hendrerit eget sem. Phasellus non eros nec turpis ultricies rhoncus. Aliquam porta, risus sit amet ornare sagittis, risus mi tristique urna, eu tempus metus quam vitae risus. Suspendisse sed ante vitae quam tincidunt tincidunt. Suspendisse potenti. Suspendisse congue laoreet diam adipiscing euismod. Etiam tincidunt dui et nunc fringilla auctor. Sed blandit viverra metus, eu elementum magna ornare ac. Quisque rutrum tristique ligula, in consectetur elit tempus a. Sed scelerisque iaculis tempus. Vivamus lacinia accumsan massa, vel lobortis lorem laoreet eu. Duis pellentesque facilisis nibh ut congue. Nunc lacinia bibendum lorem, nec congue leo mollis id.\n\nVestibulum placerat ornare ultricies. Donec dapibus nisl nec urna aliquet porta. Nulla non nisi nisl. Aliquam luctus sollicitudin nisl vel imperdiet. Nullam sollicitudin commodo tempus. Mauris mattis dolor in tellus porta viverra. Phasellus dolor leo, rutrum a lobortis eget, interdum ut sem. Nam rutrum ullamcorper justo. Quisque scelerisque arcu nec sapien sagittis in tincidunt tellus tincidunt. Vivamus facilisis fringilla consequat. Suspendisse lacinia mauris eget magna placerat ornare. Nunc non dapibus purus. Vestibulum nisl justo, aliquam sed bibendum ac, suscipit at dolor. Proin varius velit vitae leo dapibus sit amet tristique tortor convallis.\n\nEtiam ultricies ligula vel velit pretium et convallis augue eleifend. Sed lobortis interdum sem, sed sollicitudin lectus pellentesque a. Duis orci ante, laoreet vel viverra non, varius vel nisi. Quisque adipiscing mattis turpis, eget cursus ante sollicitudin sed. Praesent cursus lobortis posuere. Curabitur sapien mauris, suscipit a scelerisque at, eleifend sit amet nunc. Nam consequat arcu sit amet elit elementum iaculis. Quisque id augue elit, convallis malesuada mauris. Fusce consectetur bibendum arcu sit amet fringilla. Praesent tempor libero ut lectus luctus sit amet sagittis ligula congue. Donec dapibus risus eget nunc pretium sollicitudin. Nulla vitae bibendum diam. Proin libero nibh, posuere id molestie vitae, pellentesque eget magna. Fusce interdum dignissim ipsum id viverra. Ut in diam vitae nisl iaculis adipiscing ut a massa. Maecenas accumsan dolor sit amet ipsum imperdiet pharetra. Donec in rutrum quam. In urna nisl, convallis sit amet tempus vel, pulvinar id magna. Proin neque dolor, mollis vitae pretium sollicitudin, rhoncus at leo. Cras bibendum fermentum tempus.",
  "title": "Document 4-4-4",
  "__meta": {
    "updateId": -1810226930,
    "cdate": 1501428292290,
    "cuser": "cn=Al Mass,o=DARWINO",
    "mdate": 1501428326670,
    "replicaId": "85257FB8005090FB",
    "changes": "0Rxu",
    "muser": "cn=Al Mass,o=DARWINO",
    "seqId": 1
  }
}