{
  "form": "CompanyDocument",
  "_parentid": "DCF619F280A419BB8525816D0054B01F",
  "document": "Quisque sed nisl nibh. Maecenas condimentum est lacinia arcu sagittis mollis. Aliquam elementum volutpat turpis in varius. Praesent porttitor lectus ac metus ornare sollicitudin. Integer tellus eros, aliquam et consectetur at, varius vel elit. Curabitur tellus mi, fringilla et malesuada quis, dictum ac lorem. Praesent ultricies convallis fermentum. Aenean nulla est, mollis eu mattis a, ullamcorper venenatis risus. Nam accumsan gravida dui, quis aliquet purus dignissim eget. Aliquam vel erat sapien. Aliquam tincidunt sem tristique quam euismod fringilla scelerisque lacus gravida. Morbi dolor diam, tristique vel eleifend id, sodales at nisi. Proin vitae justo vitae orci venenatis vulputate. Pellentesque fermentum mollis libero non ornare. Cum sociis natoque penatibus et magnis dis parturient montes, nascetur ridiculus mus. Maecenas lacinia mauris vitae magna rutrum ac accumsan arcu condimentum.\n\nLorem ipsum dolor sit amet, consectetur adipiscing elit. Praesent dapibus lacus non odio hendrerit mattis. Morbi consectetur ultricies sollicitudin. Proin ultricies placerat neque nec sollicitudin. Curabitur imperdiet semper diam euismod rhoncus. Duis luctus posuere felis, eget blandit eros suscipit in. Ut et neque vitae urna accumsan consectetur nec eu leo. Proin aliquam est vel elit aliquam condimentum. Aenean dignissim venenatis massa, sit amet lobortis turpis molestie in. Suspendisse potenti. Praesent porttitor sapien in arcu condimentum lobortis. Sed sit amet sem in odio tristique hendrerit vitae eget metus. Suspendisse mollis molestie tellus vel condimentum. Aliquam in tortor quis ipsum elementum blandit. Praesent feugiat, libero sit amet fringilla ultricies, ligula tellus molestie nisi, vitae cursus est nisi sed odio. Vivamus in nisi auctor lorem ultrices rhoncus sit amet vitae nunc.",
  "title": "Document 1-2-2-1-3",
  "__meta": {
    "updateId": -1810200420,
    "cdate": 1501428301140,
    "cuser": "cn=Al Mass,o=DARWINO",
    "mdate": 1501428353180,
    "replicaId": "85257FB8005090FB",
    "changes": "ZTvY",
    "muser": "cn=Al Mass,o=DARWINO",
    "seqId": 1
  }
}