{
  "form": "CompanyDocument",
  "_parentid": "C0CE082089BE9A0C8525816D0054B423",
  "document": "Etiam a aliquam libero. Nulla et lacus lorem, sit amet vehicula enim. Nam mi arcu, sollicitudin nec vehicula ac, feugiat nec lectus. Nullam aliquam interdum laoreet. Mauris laoreet fringilla tellus, rutrum malesuada orci elementum vel. Donec varius, quam eu sollicitudin lacinia, tellus elit viverra enim, id fermentum odio nisi eu dui. In hac habitasse platea dictumst. Mauris adipiscing, dolor non ultrices tincidunt, dui mauris ultricies tortor, congue ultrices augue metus quis leo. Etiam a luctus sem. Ut gravida felis sit amet neque bibendum sollicitudin. Etiam vitae sapien eu odio dictum scelerisque. Vestibulum est nulla, porttitor at tincidunt non, tincidunt non risus. Integer sit amet justo eget tellus laoreet interdum vel quis tellus. Fusce molestie nunc nec lacus aliquet quis vestibulum ipsum tempor. Sed fermentum leo eget dui hendrerit feugiat. Ut id tortor lorem, quis porta sapien. Fusce a nisi faucibus enim auctor dapibus. In iaculis blandit arcu, a imperdiet justo sagittis eu. Fusce tristique, magna nec venenatis volutpat, tortor massa semper mauris, a semper mauris dolor viverra nisl. Pellentesque eu ligula ac sapien semper ultrices.\n\nDuis pulvinar mi at metus venenatis ac sodales nibh sollicitudin. Fusce varius dictum velit, porttitor posuere dui facilisis ut. Suspendisse fringilla lacinia purus non bibendum. Sed hendrerit eleifend ipsum sit amet scelerisque. Phasellus pellentesque leo vitae ante mattis fermentum. Morbi in elit a risus accumsan tempus. Mauris sagittis metus a ligula porta placerat. Etiam vulputate venenatis lacus, vitae mollis ipsum sollicitudin eget. Maecenas sit amet magna nunc. Sed fringilla ornare ullamcorper. Donec id lectus nulla. Quisque dolor dui, tincidunt at auctor a, tempor sit amet dolor. Nulla risus diam, feugiat eget porta vel, blandit eu nibh.",
  "title": "Document 4-4-1-1-4",
  "__meta": {
    "updateId": -1810169600,
    "cdate": 1501428311430,
    "cuser": "cn=Al Mass,o=DARWINO",
    "mdate": 1501428384000,
    "replicaId": "85257FB8005090FB",
    "changes": "i9EU",
    "muser": "cn=Al Mass,o=DARWINO",
    "seqId": 1
  }
}