{
  "form": "CompanyDocument",
  "_parentid": "A947D4656472ADAC8525816D0054AE19",
  "document": "Cras convallis molestie elit, euismod pharetra nulla aliquet non. Vestibulum rutrum ornare nulla, ac tempor magna euismod at. Pellentesque vel felis ac lorem pharetra laoreet. Nulla lacus lectus, lobortis sit amet dictum ut, sollicitudin sit amet enim. In hac habitasse platea dictumst. Aenean dignissim, tellus at mattis hendrerit, tortor risus commodo dui, ac dapibus libero ipsum eget mi. Mauris semper cursus lectus ut egestas. Donec nec sapien eget quam consectetur commodo eget at est. Aliquam sit amet nulla metus. In hac habitasse platea dictumst. Proin risus purus, fermentum vel dictum vitae, suscipit ac quam.\n\nIn a enim sit amet elit bibendum scelerisque eget id neque. Donec sed tellus dolor, sed luctus magna. Vestibulum ac tellus ac est euismod tincidunt. Curabitur nisi quam, faucibus et porttitor quis, faucibus ac ligula. Pellentesque dictum, lectus a scelerisque imperdiet, odio neque hendrerit ligula, mattis viverra eros mi eget libero. Donec ut enim ut elit vehicula malesuada. Nunc consectetur elementum facilisis. Donec eleifend congue nulla ut fermentum. Class aptent taciti sociosqu ad litora torquent per conubia nostra, per inceptos himenaeos. Class aptent taciti sociosqu ad litora torquent per conubia nostra, per inceptos himenaeos. Nulla sit amet aliquam urna.\n\nNulla nec lectus enim. Aenean eget arcu eget lectus rhoncus imperdiet in vel sapien. Nam tincidunt fringilla sagittis. Aliquam ac nisl vitae massa imperdiet ullamcorper. In in magna ac sem venenatis malesuada in a ante. Mauris sagittis dictum ligula at tincidunt. Donec egestas dictum lorem ac commodo. Aliquam justo neque, molestie fringilla laoreet et, lobortis vel lectus. Phasellus eget nisi eu neque iaculis suscipit. Fusce ut nisi id purus luctus ornare vel ac turpis. Mauris in felis elit, in eleifend est. Fusce eget mattis lectus. Sed in leo arcu, tempor vestibulum urna. Maecenas elementum viverra lectus.",
  "title": "Document 1",
  "__meta": {
    "updateId": -1810216000,
    "cdate": 1501428295940,
    "cuser": "cn=Al Mass,o=DARWINO",
    "mdate": 1501428337600,
    "replicaId": "85257FB8005090FB",
    "changes": "PkvZ",
    "muser": "cn=Al Mass,o=DARWINO",
    "seqId": 1
  }
}