{
  "form": "CompanyDocument",
  "_parentid": "0EA20242503B13E38525816D0054B6B0",
  "document": "Praesent ullamcorper molestie diam, vitae sodales ipsum aliquam vitae. Curabitur nulla justo, condimentum in imperdiet quis, fermentum sed quam. Vestibulum mollis velit et quam fringilla accumsan. Morbi hendrerit varius est, vel cursus odio faucibus quis. Class aptent taciti sociosqu ad litora torquent per conubia nostra, per inceptos himenaeos. Proin posuere dui a elit aliquet aliquam. Sed eu varius nisi. Maecenas sapien risus, sollicitudin eu volutpat sed, luctus in ipsum. Cum sociis natoque penatibus et magnis dis parturient montes, nascetur ridiculus mus. Aenean sagittis congue mauris non pulvinar. Ut cursus lacinia placerat. Vestibulum mollis justo sed ipsum pretium vitae varius urna malesuada.\n\nPraesent dictum leo in arcu cursus ultrices. Mauris cursus vestibulum magna vitae eleifend. Phasellus tempus quam eget lacus posuere semper. Nullam volutpat venenatis nibh eget elementum. Etiam sapien erat, iaculis at semper id, tempor ac lorem. Phasellus at tellus id orci feugiat viverra in ac lacus. Cras sed sapien eros, at ultrices metus. Donec non ipsum erat. Aliquam eros nibh, interdum laoreet condimentum vitae, venenatis eget augue. Mauris varius, elit ac rutrum rhoncus, nisl massa porttitor lacus, ac ullamcorper mauris velit eu tortor. Proin vitae lacus sed arcu viverra consequat ut convallis sem. Sed sem lectus, lobortis eu vehicula eget, molestie vel lacus. Curabitur pulvinar fermentum commodo. Sed ornare bibendum dolor, a tincidunt enim convallis eget. Class aptent taciti sociosqu ad litora torquent per conubia nostra, per inceptos himenaeos. Maecenas tristique tincidunt adipiscing. Pellentesque tristique vulputate nisi id facilisis.",
  "title": "Document 2-1-3-3-2",
  "__meta": {
    "updateId": -1810150110,
    "cdate": 1501428317940,
    "cuser": "cn=Al Mass,o=DARWINO",
    "mdate": 1501428403490,
    "replicaId": "85257FB8005090FB",
    "changes": "Xgbb",
    "muser": "cn=Al Mass,o=DARWINO",
    "seqId": 1
  }
}