{
  "form": "CompanyDocument",
  "_parentid": "9D5DA6FFA77C529F8525816D0054B7A1",
  "document": "Donec lobortis, mauris id imperdiet faucibus, diam metus suscipit eros, non ultrices neque leo non ante. Quisque tempus malesuada purus. Mauris vulputate fermentum pretium. Curabitur mattis eros a tortor pretium a varius purus aliquet. Integer erat neque, pharetra non ullamcorper sit amet, viverra at dolor. Vestibulum ante ipsum primis in faucibus orci luctus et ultrices posuere cubilia Curae; Cras eu nunc elit, sed rutrum dolor. Aenean euismod, metus ut malesuada congue, orci turpis vestibulum dolor, ac placerat diam purus nec mi. Nullam in enim nulla, et eleifend eros. Curabitur vulputate orci eget ipsum euismod ut laoreet ipsum mattis. Duis ut quam eget urna adipiscing porta. Etiam consectetur quam molestie est congue rutrum. Nunc ac risus eu arcu euismod luctus eu id nisi. Sed vel justo eu risus rhoncus malesuada.\n\nCurabitur a neque ipsum. Nullam purus ante, pellentesque sit amet venenatis bibendum, dignissim vitae felis. Nunc sed sapien luctus ligula aliquam lacinia. Vivamus massa mauris, feugiat quis convallis vitae, volutpat sed lacus. Suspendisse eget nunc est. Etiam porta velit at risus faucibus posuere. Phasellus faucibus tempor ipsum ut molestie. Vivamus rhoncus, odio id laoreet fringilla, enim sem egestas augue, aliquam ultricies risus enim eu purus. Morbi adipiscing luctus libero eu eleifend. Sed felis diam, luctus non molestie eget, dignissim facilisis velit. Morbi mollis, magna at semper laoreet, dui felis consectetur libero, ac interdum velit diam id nulla. Phasellus mollis, metus in pretium aliquet, diam erat egestas eros, id commodo mauris elit id felis. Quisque porta lorem vitae orci congue interdum. Curabitur ornare augue ut orci auctor sed hendrerit tortor pretium.\n\nEtiam gravida massa vitae felis viverra ullamcorper. Mauris a odio aliquam diam facilisis vestibulum. Maecenas placerat hendrerit tortor, a consectetur enim commodo a. Fusce diam quam, bibendum non suscipit ac, pharetra nec libero. Sed aliquet augue sed turpis tincidunt in convallis odio malesuada. Pellentesque lorem erat, commodo quis laoreet at, euismod ut massa. Etiam accumsan quam ut arcu suscipit rutrum. Aenean laoreet tellus sit amet mi elementum a pulvinar leo elementum. Ut tellus nibh, luctus sed viverra vitae, feugiat eu libero. Aliquam tempus faucibus pharetra. Fusce id orci vel urna luctus elementum quis vel nunc. Quisque adipiscing dui sed felis consectetur consectetur. Nunc non interdum purus. Donec convallis dictum tempus. Cras in nulla at dui pharetra accumsan ac eget nisi. Morbi vel lorem ut mauris congue scelerisque. Morbi scelerisque risus sit amet tortor pharetra porta. Fusce ornare lectus ac quam scelerisque et scelerisque nibh condimentum. Quisque enim nulla, aliquam feugiat feugiat et, rutrum sed ante. Class aptent taciti sociosqu ad litora torquent per conubia nostra, per inceptos himenaeos.\n\nMorbi id risus magna. Nunc auctor consectetur nunc, semper tristique lacus luctus nec. Donec in mattis elit. Nunc posuere justo in felis dignissim at porttitor tellus luctus. In eleifend lobortis sapien, a faucibus leo faucibus eget. Vestibulum vitae purus neque, eget commodo nisi. Ut a urna massa, euismod vulputate lectus. Cras elementum nisi eu tellus dignissim eget convallis libero bibendum. Class aptent taciti sociosqu ad litora torquent per conubia nostra, per inceptos himenaeos. Phasellus condimentum odio et quam adipiscing id pellentesque ipsum condimentum. Nunc quam mi, varius quis porta in, porttitor laoreet mi. Donec semper est nec tortor rutrum euismod consequat tellus rutrum. Fusce interdum purus vitae quam tempus fermentum. Aenean arcu dui, congue a feugiat vel, cursus in felis. Vestibulum rhoncus bibendum tortor et auctor. Vivamus sit amet lorem nisl, ut congue tellus. Praesent lobortis suscipit enim, fringilla convallis neque venenatis eget. Aliquam faucibus nulla eu sapien consequat porta sit amet quis erat. Nulla posuere lacinia elit at egestas. Etiam aliquam pharetra nulla, ac vehicula elit adipiscing sed.",
  "title": "Document 3-2-1-1",
  "__meta": {
    "updateId": -1810142920,
    "cdate": 1501428320340,
    "cuser": "cn=Al Mass,o=DARWINO",
    "mdate": 1501428410680,
    "replicaId": "85257FB8005090FB",
    "changes": "GOh5",
    "muser": "cn=Al Mass,o=DARWINO",
    "seqId": 1
  }
}