{
  "form": "CompanyDocument",
  "_parentid": "61D8EF5368EADEE58525816D0054AD02",
  "document": "Maecenas ac mi nulla, ac condimentum tellus. Vivamus turpis turpis, lacinia eu dictum nec, iaculis et purus. Quisque eu vestibulum mi. Morbi sed nisi sapien, vel tempus odio. Ut vitae lacinia velit. Pellentesque eros ante, imperdiet nec mollis vel, aliquam quis velit. Pellentesque quam nibh, feugiat non sollicitudin a, tristique ut nunc. Ut semper aliquam dolor, vel venenatis lectus cursus et. Proin malesuada laoreet tellus, vitae congue lorem suscipit et. In pharetra dignissim aliquet. Fusce pharetra placerat enim, sit amet bibendum quam mollis at. Aliquam nec adipiscing odio. Aenean eget purus lorem, a pulvinar lorem. Cras at tempor tortor. Morbi augue nunc, egestas in semper vel, fermentum tincidunt eros.",
  "title": "Document 2-1-1-1-3",
  "__meta": {
    "updateId": -1810224300,
    "cdate": 1501428293170,
    "cuser": "cn=Al Mass,o=DARWINO",
    "mdate": 1501428329300,
    "replicaId": "85257FB8005090FB",
    "changes": "jbdO",
    "muser": "cn=Al Mass,o=DARWINO",
    "seqId": 1
  }
}