{
  "form": "CompanyDocument",
  "_parentid": "0EA20242503B13E38525816D0054B6B0",
  "document": "Class aptent taciti sociosqu ad litora torquent per conubia nostra, per inceptos himenaeos. Mauris pellentesque commodo dolor ac aliquet. Sed a libero ipsum, scelerisque luctus nisi. Aliquam viverra, urna sollicitudin fermentum porta, leo enim sodales mauris, ac iaculis lectus ligula eget lectus. Pellentesque leo nibh, imperdiet sit amet cursus at, semper vitae nibh. Pellentesque quam velit, volutpat lobortis dapibus malesuada, ultrices vel est. Etiam sit amet orci dui. Donec tristique consequat scelerisque. Donec vitae metus justo. Etiam quis libero eget sapien vestibulum ultricies sed at lorem.\n\nCurabitur sed nibh nulla. Phasellus rutrum ultrices lectus, sed sagittis eros tempus nec. Nunc euismod ante et nisi venenatis iaculis. Vestibulum nec tortor elit. Sed commodo sapien non lorem condimentum congue. Vestibulum ante ipsum primis in faucibus orci luctus et ultrices posuere cubilia Curae; Mauris felis quam, ultrices sit amet tincidunt ac, mattis et sem. Aenean enim mi, gravida ac porttitor eget, fermentum quis quam. Nunc porta ultricies cursus. Nam sed velit erat. Nulla nisl augue, consequat ut pharetra vel, sagittis sit amet erat. Nullam tellus tellus, auctor id dapibus at, porta id dolor. Maecenas tempus lacinia nibh ac tempus. Proin eget elit quis ipsum interdum commodo. Nullam et lacus vel velit interdum luctus. Mauris at nibh et est cursus adipiscing eu et tellus. Etiam lacus mauris, volutpat at rutrum ut, congue non tortor. Quisque bibendum laoreet luctus. Duis at turpis arcu. Aliquam erat volutpat.\n\nNunc tincidunt consequat nisl, non commodo massa posuere quis. Vivamus vel risus tellus. Aliquam nec neque vitae ligula accumsan molestie a eu sem. In blandit, nulla tempus ultricies malesuada, justo lacus lacinia metus, nec lobortis lectus mauris sed elit. In hac habitasse platea dictumst. Vestibulum sed lectus sapien, ornare gravida arcu. Phasellus aliquet massa leo, vitae ullamcorper velit. Pellentesque sed volutpat erat. Suspendisse potenti. Morbi tincidunt sem vel libero tempus in sodales dui suscipit. Nulla scelerisque sodales mauris, non tempor orci faucibus sit amet. Nullam lacinia ante ut nisi vestibulum lacinia. Duis a arcu nec enim venenatis bibendum. Nunc laoreet, quam ut vulputate interdum, libero est pretium ligula, non scelerisque felis justo non dui. Phasellus condimentum gravida iaculis. Ut sit amet libero orci, et lobortis tortor. Nullam condimentum sapien a mi scelerisque vitae aliquam dolor consectetur. Nulla scelerisque, massa ac congue luctus, mi metus viverra neque, eget fringilla sem lorem non nisi. Praesent eleifend lorem vel quam rhoncus eleifend. Fusce ut leo quam, id euismod nibh.\n\nDuis pulvinar mi at metus venenatis ac sodales nibh sollicitudin. Fusce varius dictum velit, porttitor posuere dui facilisis ut. Suspendisse fringilla lacinia purus non bibendum. Sed hendrerit eleifend ipsum sit amet scelerisque. Phasellus pellentesque leo vitae ante mattis fermentum. Morbi in elit a risus accumsan tempus. Mauris sagittis metus a ligula porta placerat. Etiam vulputate venenatis lacus, vitae mollis ipsum sollicitudin eget. Maecenas sit amet magna nunc. Sed fringilla ornare ullamcorper. Donec id lectus nulla. Quisque dolor dui, tincidunt at auctor a, tempor sit amet dolor. Nulla risus diam, feugiat eget porta vel, blandit eu nibh.",
  "title": "Document 2-1-3-3-3",
  "__meta": {
    "updateId": -1810150080,
    "cdate": 1501428317950,
    "cuser": "cn=Al Mass,o=DARWINO",
    "mdate": 1501428403520,
    "replicaId": "85257FB8005090FB",
    "changes": "tLq_",
    "muser": "cn=Al Mass,o=DARWINO",
    "seqId": 1
  }
}