{
  "form": "CompanyDocument",
  "_parentid": "A6FB3A740E706C258525816D0054A67B",
  "document": "Sed ac ante nisl, quis semper arcu. Donec quis magna sit amet dui semper rhoncus in a purus. Praesent blandit viverra tortor, dignissim consectetur elit pellentesque non. Aenean aliquam porta quam eget eleifend. Vestibulum ante ipsum primis in faucibus orci luctus et ultrices posuere cubilia Curae; Praesent eleifend faucibus ligula quis commodo. Sed faucibus ultrices neque ac pretium. Suspendisse id enim at orci facilisis adipiscing. Suspendisse consectetur, enim et sollicitudin pharetra, felis magna mattis lectus, ut mattis quam sapien sit amet purus. Aenean varius vulputate nisl, vitae condimentum augue malesuada nec.\n\nIn non felis elit. Integer eleifend velit ac lacus vestibulum imperdiet. Cras lacus orci, posuere a euismod nec, convallis et nibh. Proin pretium risus sit amet leo pulvinar fermentum. Mauris sapien diam, interdum et egestas et, hendrerit non tellus. Pellentesque auctor feugiat lacus, id aliquam lacus faucibus in. Vivamus tempor ornare varius. Suspendisse in ultrices nisi. Aenean fermentum dictum mauris at consectetur. Cras porta ultricies libero sit amet volutpat. Suspendisse dapibus convallis nulla, non ultrices purus egestas pulvinar. Suspendisse tellus augue, dignissim non mollis a, tristique id nunc. Sed tempor rhoncus lacus, id feugiat metus convallis eget. Praesent sed nisi tellus, in dapibus justo.\n\nMauris vel porta velit. In pulvinar metus libero, sit amet fringilla felis. Donec tellus velit, viverra sit amet tincidunt vitae, rhoncus sit amet ligula. Cum sociis natoque penatibus et magnis dis parturient montes, nascetur ridiculus mus. Duis vitae nulla nunc, vitae feugiat magna. Sed diam risus, pellentesque ac laoreet vitae, egestas ut nisi. Mauris ultricies est vitae velit egestas sed vestibulum quam pharetra. Vivamus hendrerit justo id tellus mattis lobortis. Nam dolor felis, tincidunt eu vehicula a, tristique ut neque. Donec egestas tempor risus ac feugiat. Quisque elit nisl, sodales id euismod eu, rutrum et metus. Sed commodo eleifend sodales. Suspendisse sagittis commodo malesuada. Curabitur fringilla nulla vel nulla aliquet auctor. Maecenas blandit sem enim, vitae viverra sem. Aenean nisl dui, tristique ut malesuada non, vehicula elementum ipsum.\n\nProin vel lorem et eros auctor congue. Etiam et nisi bibendum nibh rhoncus blandit ullamcorper ac turpis. In hac habitasse platea dictumst. In ultrices rutrum accumsan. Suspendisse rutrum laoreet est, quis gravida eros dignissim vitae. Pellentesque tempus metus eget felis venenatis viverra. Curabitur egestas, tellus in lobortis scelerisque, nibh nisl congue tortor, eget pretium eros turpis at neque. Phasellus facilisis velit id libero mollis congue et eget orci. Aliquam odio nisl, tincidunt sed suscipit quis, pretium condimentum dui. Morbi non mattis elit. Nunc rhoncus dolor et urna scelerisque aliquam. Aenean sit amet malesuada ante. Donec scelerisque, est porttitor ullamcorper pellentesque, ligula augue imperdiet nisl, ut convallis nunc libero placerat felis. Etiam non sem ac enim consectetur congue sit amet sed leo. Donec laoreet odio id ante ultrices eu pretium odio aliquet. Donec in nisl interdum turpis mattis rhoncus in tincidunt arcu. Vivamus sit amet metus justo, vitae ornare nunc. Vivamus nulla nulla, sagittis quis porttitor cursus, convallis nec dui.",
  "title": "Document 4-2-2-1-2",
  "__meta": {
    "updateId": -1810274360,
    "cdate": 1501428276450,
    "cuser": "cn=Al Mass,o=DARWINO",
    "mdate": 1501428279240,
    "replicaId": "85257FB8005090FB",
    "changes": "Nqf1",
    "muser": "cn=Al Mass,o=DARWINO",
    "seqId": 1
  }
}