{
  "form": "CompanyDocument",
  "_parentid": "9DC0ADDE9C0EE2728525816D0054AAE4",
  "document": "Nulla leo orci, sodales a fermentum quis, fringilla sed mi. Donec tincidunt, erat id tincidunt dictum, metus sapien aliquam justo, et egestas purus urna id dolor. Quisque id tortor vel erat mattis ultrices quis nec lorem. Nunc egestas sagittis velit, pharetra semper ipsum eleifend ac. Etiam fermentum facilisis nulla, sit amet dapibus nulla rhoncus eget. Maecenas sit amet elit ac lorem consequat pretium. Sed ut facilisis diam. Vestibulum eu urna dolor. Nullam elit orci, porta nec rutrum et, fermentum ut dolor. Sed eget nisl in nibh gravida sollicitudin. Sed gravida elementum consectetur. Sed ullamcorper ornare arcu, nec tincidunt ante posuere id. Suspendisse et nisl nec est sollicitudin laoreet. Aenean et dolor ac mauris pellentesque sagittis et vitae neque. Praesent vulputate aliquet gravida. Curabitur eu augue lacus, semper aliquam orci. Praesent vitae nisi arcu. Praesent dignissim, erat at ornare bibendum, nisl risus lobortis sapien, non tincidunt risus massa eu purus.\n\nUt et tristique diam. Cum sociis natoque penatibus et magnis dis parturient montes, nascetur ridiculus mus. Curabitur auctor lobortis urna, viverra dictum magna convallis eget. In non erat nibh. Morbi velit leo, auctor nec interdum vel, varius porttitor metus. Morbi interdum blandit est eget ornare. Morbi pharetra blandit dignissim. Suspendisse fermentum consequat elementum. In sollicitudin dolor in massa interdum a dapibus lacus condimentum. Sed in risus justo. Sed non purus a neque malesuada placerat at pulvinar est. Donec tellus ligula, iaculis vitae scelerisque et, dictum et libero. Vestibulum sollicitudin, nulla id placerat porttitor, lorem est elementum leo, quis iaculis dolor dui adipiscing velit. Phasellus sit amet tortor orci, fringilla bibendum quam. Ut porta faucibus egestas. Duis rhoncus iaculis adipiscing. Aenean sed adipiscing neque. Sed congue, neque eget ornare pharetra, dolor mi accumsan neque, sed porta nisi ligula non dolor. Mauris luctus varius pharetra.\n\nVivamus at elit in ante vestibulum tempor. Praesent ullamcorper tortor at sapien sagittis semper. Etiam euismod fringilla rhoncus. Sed tempor lorem a sapien fringilla pretium. In accumsan sagittis ligula volutpat porta. Quisque ullamcorper ullamcorper dolor at posuere. Aenean et interdum elit. Class aptent taciti sociosqu ad litora torquent per conubia nostra, per inceptos himenaeos. Donec venenatis fringilla est, vel molestie purus lobortis id. Vivamus rutrum lobortis dui id blandit. Cras imperdiet ultricies luctus. Fusce laoreet odio nec odio porta auctor. Donec id dui facilisis lectus vehicula ornare quis at nulla. Nam id odio quis libero vestibulum tincidunt eu et lorem.",
  "title": "Document 1-1-1-1",
  "__meta": {
    "updateId": -1810240600,
    "cdate": 1501428287730,
    "cuser": "cn=Al Mass,o=DARWINO",
    "mdate": 1501428313000,
    "replicaId": "85257FB8005090FB",
    "changes": "H7K6",
    "muser": "cn=Al Mass,o=DARWINO",
    "seqId": 1
  }
}