{
  "form": "CompanyDocument",
  "_parentid": "7964E12115C97BEF8525816D0054AACD",
  "document": "Ut ultricies fermentum est, ac commodo lectus porttitor quis. In placerat felis nec metus accumsan id aliquam arcu tincidunt. Nullam laoreet tincidunt blandit. Aenean tincidunt tempus nisl, a iaculis neque laoreet eu. Ut mollis erat non lacus posuere a pellentesque est interdum. Maecenas diam velit, mattis at interdum posuere, placerat ut quam. Ut auctor urna eget risus tempus pulvinar. Sed ac dignissim justo. Nunc eu enim eu risus dignissim eleifend. Ut consectetur semper diam, nec malesuada urna gravida eu. Nulla imperdiet commodo nulla ut mattis. Proin in viverra dui. Cras vel augue felis, non consectetur justo. Proin aliquam purus dolor, sed tristique turpis. Integer quis lectus magna. Integer sed rhoncus tortor. Morbi id orci quis quam egestas viverra vitae a arcu. Curabitur consectetur vehicula magna, eu egestas est molestie a. Fusce molestie enim eget quam ultricies eu convallis lacus rutrum.\n\nPhasellus massa risus, lobortis quis mollis a, hendrerit vel metus. Vestibulum malesuada, lacus ac facilisis viverra, augue tellus gravida ante, ut pretium sem augue in turpis. Pellentesque rhoncus luctus mauris, nec scelerisque mi convallis ut. Pellentesque convallis rutrum lacinia. Nulla venenatis elit quis lorem posuere fermentum sagittis elit ultrices. Aenean condimentum dapibus pretium. Morbi nec metus augue, ac mattis ligula. Morbi sed libero massa, eu condimentum arcu. Praesent nec felis sit amet lacus egestas dictum. Sed quis augue eros.",
  "title": "Document 4-2-4-1",
  "__meta": {
    "updateId": -1810241280,
    "cdate": 1501428287500,
    "cuser": "cn=Al Mass,o=DARWINO",
    "mdate": 1501428312320,
    "replicaId": "85257FB8005090FB",
    "changes": "pBeo",
    "muser": "cn=Al Mass,o=DARWINO",
    "seqId": 1
  }
}