{
  "form": "CompanyDocument",
  "_parentid": "DB82B77F42CC429E8525816D0054B2EC",
  "document": "Suspendisse ultrices aliquet orci, at dapibus nibh blandit ac. Sed euismod dictum molestie. Etiam leo massa, vestibulum nec fermentum vitae, iaculis ac est. Vivamus nisl urna, porta vel viverra eu, dictum at justo. Nullam eu augue pretium leo eleifend porta. Vestibulum et sem quis magna posuere blandit a at odio. Proin blandit feugiat lorem vel interdum. Nam varius fringilla ipsum condimentum interdum. Donec enim nulla, sodales eu convallis sed, sagittis quis tortor. In dolor nulla, vestibulum at faucibus ornare, imperdiet non odio. Donec vestibulum elementum felis, eget gravida turpis tristique at. Nulla porta nulla sed diam faucibus porta. Vestibulum adipiscing nunc vel dolor vestibulum non mattis metus eleifend. Vivamus ultrices accumsan lorem, et fermentum libero vestibulum at. Ut orci elit, eleifend aliquam egestas vel, vestibulum in dui. Morbi in nisl in urna tincidunt euismod. Vestibulum molestie arcu ut nunc tincidunt non facilisis arcu consectetur.\n\nProin at mi eget mauris euismod dictum eu vitae justo. Sed dolor erat, ultricies elementum gravida tempus, porttitor eu sem. Lorem ipsum dolor sit amet, consectetur adipiscing elit. Curabitur ullamcorper tincidunt mi, tempus tempor enim eleifend rutrum. Maecenas at justo orci, ut placerat massa. Nullam pulvinar nisl ac orci facilisis non dictum erat placerat. Integer nibh purus, volutpat eget interdum eget, iaculis et sapien. Quisque faucibus porta tellus, non lacinia dolor rhoncus a. Mauris ut molestie nulla. Mauris sagittis felis in augue mattis commodo. Lorem ipsum dolor sit amet, consectetur adipiscing elit. Nam quis metus quis nunc cursus auctor id eu augue. Phasellus convallis iaculis ipsum, at ullamcorper quam feugiat at. Curabitur sed nibh et tellus faucibus congue ac lacinia risus.",
  "title": "Document 3-3-3-3-3",
  "__meta": {
    "updateId": -1810178950,
    "cdate": 1501428308310,
    "cuser": "cn=Al Mass,o=DARWINO",
    "mdate": 1501428374650,
    "replicaId": "85257FB8005090FB",
    "changes": "Gj0C",
    "muser": "cn=Al Mass,o=DARWINO",
    "seqId": 1
  }
}