{
  "firstname": "Kent",
  "comments": "<font size=\"2\" face=\"sans-serif\">Last Tuesday evening a solid mouse was converted into a red manual</font><br />\r\n<font size=\"2\" face=\"sans-serif\">A municipal elephant spoke to a short monitor</font><br />\r\n<font size=\"2\" face=\"sans-serif\">This afternoon a metallic cat is expected to sell the fierce glass</font>",
  "homephone": "(459) 931-1436",
  "city": "Hummelstown",
  "sex": "M",
  "picture": "http://www.gravatar.com/avatar/dd10ab9cb457a85b9849254f58728d53?d=retro",
  "lastname": "Ortiz",
  "__meta": {
    "updateId": -1810121690,
    "cdate": 1501428330270,
    "cuser": "cn=Al Mass,o=DARWINO",
    "mdate": 1501428431910,
    "replicaId": "85257FB8005090FB",
    "changes": "q4G6",
    "muser": "cn=Al Mass,o=DARWINO",
    "seqId": 2
  },
  "zipcode": "17036",
  "form": "Contact",
  "street": "243 Locust Lane",
  "firstcontact": "2016-10-11T03:56:29.000-05:00",
  "workphone": "(195) 665-1312",
  "mobilephone": "(584) 623-1821",
  "company": "Zencorporation",
  "state": "PA",
  "card": "<img src=\"$document-attachment/Card%7C%7Cinline-0.84.gif\" width=\"80\" height=\"80\" /><br />\r\n<font size=\"2\" face=\"sans-serif\"><b>Name</b></font><font size=\"2\" face=\"sans-serif\">: Kent Ortiz</font><br />\r\n<font size=\"2\" face=\"sans-serif\"><b>EMail</b></font><font size=\"2\" face=\"sans-serif\">: kortiz@darwino.com</font><br />\r\n<font size=\"2\" face=\"sans-serif\"><b>Company</b></font><font size=\"2\" face=\"sans-serif\">: Zencorporation</font>",
  "email": "kortiz@darwino.com"
}