{
  "form": "CompanyDocument",
  "_parentid": "A2D441C1EEB429CC8525816D0054B005",
  "document": "Praesent aliquam mi leo, eu faucibus ligula. Donec ornare porttitor enim ut sollicitudin. Nullam laoreet, purus nec cursus accumsan, leo velit interdum arcu, vitae viverra mauris nisl vel ipsum. Nam pharetra gravida tempor. Cras ut tincidunt lacus. Duis porta malesuada tellus, quis semper odio feugiat vel. Nam sollicitudin fermentum libero sed bibendum. Vestibulum sed ornare mauris. Curabitur at massa velit. Sed eros purus, feugiat id imperdiet in, tincidunt vel dui. Morbi ornare nibh eu nunc bibendum rutrum. Suspendisse at nulla enim, et malesuada ipsum. Nulla id arcu pellentesque ante accumsan porttitor pretium et nulla.\n\nNunc nec tincidunt sapien. Suspendisse varius semper erat lobortis rutrum. In imperdiet porta lacinia. Donec tincidunt ullamcorper turpis, ac convallis mauris dignissim non. Sed posuere ligula justo. Pellentesque tristique est et nibh sollicitudin nec vehicula orci vulputate. Etiam nec lorem augue, sit amet convallis justo. Fusce quis metus id mi lacinia porttitor. Sed quis eros lacus. Nulla scelerisque blandit consequat. Curabitur dictum massa et dolor tristique tincidunt. Nulla facilisi. Cras tristique leo leo, id auctor magna. Duis iaculis imperdiet nulla, in sagittis justo malesuada sit amet. Morbi fringilla lacinia magna in gravida. Pellentesque vulputate pretium aliquet.\n\nUt ultricies fermentum est, ac commodo lectus porttitor quis. In placerat felis nec metus accumsan id aliquam arcu tincidunt. Nullam laoreet tincidunt blandit. Aenean tincidunt tempus nisl, a iaculis neque laoreet eu. Ut mollis erat non lacus posuere a pellentesque est interdum. Maecenas diam velit, mattis at interdum posuere, placerat ut quam. Ut auctor urna eget risus tempus pulvinar. Sed ac dignissim justo. Nunc eu enim eu risus dignissim eleifend. Ut consectetur semper diam, nec malesuada urna gravida eu. Nulla imperdiet commodo nulla ut mattis. Proin in viverra dui. Cras vel augue felis, non consectetur justo. Proin aliquam purus dolor, sed tristique turpis. Integer quis lectus magna. Integer sed rhoncus tortor. Morbi id orci quis quam egestas viverra vitae a arcu. Curabitur consectetur vehicula magna, eu egestas est molestie a. Fusce molestie enim eget quam ultricies eu convallis lacus rutrum.\n\nFusce varius mi vel massa egestas rhoncus. Integer rhoncus blandit vehicula. Etiam lobortis eros at massa placerat ullamcorper. Vivamus condimentum ultricies metus nec dignissim. Vivamus dignissim, diam et feugiat vestibulum, dui tellus elementum arcu, et pulvinar diam metus quis quam. Pellentesque faucibus dapibus laoreet. Donec congue velit et purus vestibulum ut pulvinar erat pharetra. Ut faucibus orci eu lectus vulputate gravida. Fusce ante lectus, porttitor non imperdiet eget, eleifend ut nibh. Etiam vestibulum rutrum metus quis laoreet.",
  "title": "Document 5-3-2",
  "__meta": {
    "updateId": -1810200980,
    "cdate": 1501428300950,
    "cuser": "cn=Al Mass,o=DARWINO",
    "mdate": 1501428352620,
    "replicaId": "85257FB8005090FB",
    "changes": "XeyN",
    "muser": "cn=Al Mass,o=DARWINO",
    "seqId": 1
  }
}